{"configType":"model","entityName":"importModel1","numFields":16,"lastUpdate":3,"version":748676777,"dependencyInfos":[{"nodeId":4,"legendPosition":0,"entityName":"importModel1","lastGlobalUpdate":3,"fieldName":"id","dataType":"INTEGER","calculation":false,"fullNodeName":"importModel1.id","localDependencies":[],"globalDependencies":[],"crossDependencies":[],"keyName":"importModel1.id","safeName":"importModel1.id","qualifiedSafeName":"importModel1.id","codeName":"id","field":{"id":"id","name":"id","dirty":false,"incomplete":false,"initialized":false,"type":"INTEGER","required":false,"readOnly":false,"allowNull":false,"zeroOnNull":false,"keyField":false,"sorted":false,"indexed":false,"multiIndex":false,"array":false,"arrayUnique":false,"arrayMaxSize":0,"abstract":false,"static":false,"native":false},"id":4},{"nodeId":5,"legendPosition":1,"entityName":"importModel1","lastGlobalUpdate":3,"fieldName":"version","dataType":"INTEGER","calculation":false,"fullNodeName":"importModel1.version","localDependencies":[],"globalDependencies":[],"crossDependencies":[],"keyName":"importModel1.version","safeName":"importModel1.version","qualifiedSafeName":"importModel1.version","codeName":"version","field":{"id":"version","name":"version","dirty":false,"incomplete":false,"initialized":false,"type":"INTEGER","required":false,"readOnly":false,"allowNull":false,"zeroOnNull":false,"keyField":false,"sorted":false,"indexed":false,"multiIndex":false,"array":false,"arrayUnique":false,"arrayMaxSize":0,"abstract":false,"static":false,"native":false},"id":5},{"nodeId":6,"legendPosition":2,"entityName":"importModel1","lastGlobalUpdate":3,"fieldName":"ruleResults","dataType":"RAW","calculation":true,"fullNodeName":"importModel1.ruleResults","localDependencies":[],"globalDependencies":[],"crossDependencies":[],"keyName":"importModel1.ruleResults","safeName":"importModel1.ruleResults","qualifiedSafeName":"importModel1.ruleResults","codeName":"ruleResults","field":{"id":"ruleResults","name":"ruleResults","dirty":false,"incomplete":false,"initialized":false,"type":"RAW","required":false,"readOnly":false,"allowNull":false,"zeroOnNull":false,"keyField":false,"sorted":false,"indexed":false,"multiIndex":false,"array":true,"arrayUnique":false,"arrayMaxSize":0,"abstract":false,"static":false,"native":false},"id":6},{"nodeId":7,"legendPosition":3,"entityName":"importModel1","lastGlobalUpdate":3,"fieldName":"errors","dataType":"RAW","calculation":false,"fullNodeName":"importModel1.errors","localDependencies":[],"globalDependencies":[],"crossDependencies":[],"keyName":"importModel1.errors","safeName":"importModel1.errors","qualifiedSafeName":"importModel1.errors","codeName":"errors","field":{"id":"errors","name":"errors","dirty":false,"incomplete":false,"initialized":false,"type":"RAW","required":false,"readOnly":false,"allowNull":false,"zeroOnNull":false,"keyField":false,"sorted":false,"indexed":false,"multiIndex":false,"array":true,"arrayUnique":false,"arrayMaxSize":0,"abstract":false,"static":false,"native":false},"id":7},{"nodeId":8,"legendPosition":4,"entityName":"importModel1","lastGlobalUpdate":3,"fieldName":"name","dataType":"TEXT","calculation":false,"fullNodeName":"importModel1.name","localDependencies":[],"globalDependencies":[],"crossDependencies":[],"keyName":"importModel1.name","safeName":"importModel1.name","qualifiedSafeName":"importModel1.name","codeName":"name","field":{"id":"name","name":"name","dirty":false,"incomplete":false,"initialized":false,"type":"TEXT","required":false,"readOnly":false,"allowNull":false,"zeroOnNull":false,"keyField":false,"sorted":false,"indexed":false,"multiIndex":false,"array":false,"arrayUnique":false,"arrayMaxSize":0,"abstract":false,"static":false,"native":false},"id":8},{"nodeId":9,"legendPosition":5,"entityName":"importModel1","lastGlobalUpdate":3,"fieldName":"entityName","dataType":"TEXT","calculation":false,"fullNodeName":"importModel1.entityName","localDependencies":[],"globalDependencies":[],"crossDependencies":[],"keyName":"importModel1.entityName","safeName":"importModel1.entityName","qualifiedSafeName":"importModel1.entityName","codeName":"entityName","field":{"id":"entityName","name":"entityName","dirty":false,"incomplete":false,"initialized":false,"type":"TEXT","required":false,"readOnly":false,"allowNull":false,"zeroOnNull":false,"keyField":false,"sorted":false,"indexed":false,"multiIndex":false,"array":false,"arrayUnique":false,"arrayMaxSize":0,"abstract":false,"static":false,"native":false},"id":9},{"nodeId":10,"legendPosition":6,"entityName":"importModel1","lastGlobalUpdate":3,"fieldName":"key","dataType":"TEXT","calculation":false,"fullNodeName":"importModel1.key","localDependencies":[],"globalDependencies":[],"crossDependencies":[],"keyName":"importModel1.key","safeName":"importModel1.key","qualifiedSafeName":"importModel1.key","codeName":"key","field":{"id":"key","name":"key","dirty":false,"incomplete":false,"initialized":false,"type":"TEXT","required":false,"readOnly":false,"allowNull":false,"zeroOnNull":false,"keyField":false,"sorted":false,"indexed":false,"multiIndex":false,"array":false,"arrayUnique":false,"arrayMaxSize":0,"abstract":false,"static":false,"native":false},"id":10},{"nodeId":11,"legendPosition":7,"entityName":"importModel1","lastGlobalUpdate":3,"fieldName":"seriesValue","dataType":"ANY","calculation":false,"fullNodeName":"importModel1.seriesValue","localDependencies":[],"globalDependencies":[],"crossDependencies":[],"keyName":"importModel1.seriesValue","safeName":"importModel1.seriesValue","qualifiedSafeName":"importModel1.seriesValue","codeName":"seriesValue","field":{"id":"seriesValue","name":"seriesValue","dirty":false,"incomplete":false,"initialized":false,"type":"ANY","required":false,"readOnly":false,"allowNull":false,"zeroOnNull":false,"keyField":false,"sorted":false,"indexed":false,"multiIndex":false,"array":false,"arrayUnique":false,"arrayMaxSize":0,"abstract":false,"static":false,"native":false},"id":11},{"nodeId":12,"legendPosition":8,"entityName":"importModel1","lastGlobalUpdate":3,"fieldName":"keyPrior","dataType":"DATAITEM","calculation":false,"fullNodeName":"importModel1.keyPrior","localDependencies":[],"globalDependencies":[],"crossDependencies":[],"keyName":"importModel1.keyPrior","safeName":"importModel1.keyPrior","qualifiedSafeName":"importModel1.keyPrior","codeName":"keyPrior","field":{"id":"keyPrior","name":"keyPrior","dirty":false,"incomplete":false,"initialized":false,"type":"DATAITEM","required":false,"readOnly":false,"allowNull":false,"zeroOnNull":false,"keyField":false,"sorted":false,"indexed":false,"multiIndex":false,"array":false,"arrayUnique":false,"arrayMaxSize":0,"abstract":false,"static":false,"native":false},"id":12},{"nodeId":13,"legendPosition":9,"entityName":"importModel1","lastGlobalUpdate":3,"fieldName":"keyNext","dataType":"DATAITEM","calculation":false,"fullNodeName":"importModel1.keyNext","localDependencies":[],"globalDependencies":[],"crossDependencies":[],"keyName":"importModel1.keyNext","safeName":"importModel1.keyNext","qualifiedSafeName":"importModel1.keyNext","codeName":"keyNext","field":{"id":"keyNext","name":"keyNext","dirty":false,"incomplete":false,"initialized":false,"type":"DATAITEM","required":false,"readOnly":false,"allowNull":false,"zeroOnNull":false,"keyField":false,"sorted":false,"indexed":false,"multiIndex":false,"array":false,"arrayUnique":false,"arrayMaxSize":0,"abstract":false,"static":false,"native":false},"id":13},{"nodeId":14,"legendPosition":10,"entityName":"importModel1","lastGlobalUpdate":3,"fieldName":"keyPosition","dataType":"INTEGER","calculation":false,"fullNodeName":"importModel1.keyPosition","localDependencies":[],"globalDependencies":[],"crossDependencies":[],"keyName":"importModel1.keyPosition","safeName":"importModel1.keyPosition","qualifiedSafeName":"importModel1.keyPosition","codeName":"keyPosition","field":{"id":"keyPosition","name":"keyPosition","dirty":false,"incomplete":false,"initialized":false,"type":"INTEGER","required":false,"readOnly":false,"allowNull":false,"zeroOnNull":false,"keyField":false,"sorted":false,"indexed":false,"multiIndex":false,"array":false,"arrayUnique":false,"arrayMaxSize":0,"abstract":false,"static":false,"native":false},"id":14},{"nodeId":15,"legendPosition":11,"entityName":"importModel1","lastGlobalUpdate":3,"fieldName":"keyNavigation","dataType":"ANY","calculation":false,"fullNodeName":"importModel1.keyNavigation","localDependencies":[],"globalDependencies":[],"crossDependencies":[],"keyName":"importModel1.keyNavigation","safeName":"importModel1.keyNavigation","qualifiedSafeName":"importModel1.keyNavigation","codeName":"keyNavigation","field":{"id":"keyNavigation","name":"keyNavigation","dirty":false,"incomplete":false,"initialized":false,"type":"ANY","required":false,"readOnly":false,"allowNull":false,"zeroOnNull":false,"keyField":false,"sorted":false,"indexed":false,"multiIndex":false,"array":false,"arrayUnique":false,"arrayMaxSize":0,"abstract":false,"static":false,"native":false},"id":15},{"nodeId":16,"legendPosition":12,"entityName":"importModel1","lastGlobalUpdate":3,"fieldName":"model","dataType":"DATAITEM","calculation":false,"fullNodeName":"importModel1.model","localDependencies":[],"globalDependencies":[],"crossDependencies":[],"keyName":"importModel1.model","safeName":"importModel1.model","qualifiedSafeName":"importModel1.model","codeName":"model","field":{"id":"model","name":"model","dirty":false,"incomplete":false,"initialized":false,"type":"DATAITEM","required":false,"readOnly":false,"allowNull":false,"zeroOnNull":false,"keyField":false,"sorted":false,"indexed":false,"multiIndex":false,"array":false,"arrayUnique":false,"arrayMaxSize":0,"abstract":false,"static":false,"native":false},"id":16},{"nodeId":0,"legendPosition":13,"entityName":"importModel1","fieldName":"view_id_","dataType":"INTEGER","calculation":false,"localDependencies":[],"globalDependencies":[],"crossDependencies":[],"codeName":"view_id_","field":{"id":"view_id_","name":"view_id_","dirty":false,"incomplete":false,"initialized":false,"type":"INTEGER","required":false,"readOnly":false,"allowNull":false,"zeroOnNull":false,"keyField":false,"sorted":false,"indexed":false,"multiIndex":false,"array":false,"arrayUnique":false,"arrayMaxSize":0,"abstract":false,"static":false,"native":false},"id":0},{"nodeId":0,"legendPosition":14,"entityName":"importModel1","fieldName":"view_importModel1","dataType":"ANY","calculation":false,"localDependencies":[],"globalDependencies":[],"crossDependencies":[],"codeName":"view_importModel1","field":{"id":"view_importModel1","name":"view_importModel1","dirty":false,"incomplete":false,"initialized":false,"type":"ANY","required":false,"readOnly":false,"allowNull":false,"zeroOnNull":false,"keyField":false,"sorted":false,"indexed":false,"multiIndex":false,"array":false,"arrayUnique":false,"arrayMaxSize":0,"abstract":false,"static":false,"native":false},"id":0},{"nodeId":0,"legendPosition":15,"entityName":"importModel1","fieldName":"importModel1Series","dataType":"ANY","calculation":false,"localDependencies":[],"globalDependencies":[],"crossDependencies":[],"codeName":"importModel1Series","field":{"id":"importModel1Series","name":"importModel1Series","dirty":false,"incomplete":false,"initialized":false,"type":"ANY","required":false,"readOnly":false,"allowNull":false,"zeroOnNull":false,"keyField":false,"sorted":false,"indexed":false,"multiIndex":false,"array":false,"arrayUnique":false,"arrayMaxSize":0,"abstract":false,"static":false,"native":false},"id":0}],"id":0}
