{"configType":"model","entityName":"yyyyy","numFields":20,"lastUpdate":3,"version":-1322160068,"dependencyInfos":[{"nodeId":4,"legendPosition":0,"entityName":"yyyyy","lastGlobalUpdate":3,"fieldName":"id","dataType":"INTEGER","calculation":false,"fullNodeName":"yyyyy.id","localDependencies":[],"globalDependencies":[],"crossDependencies":[],"codeName":"id","qualifiedSafeName":"yyyyy.id","keyName":"yyyyy.id","safeName":"yyyyy.id","field":{"id":"id","name":"id","dirty":false,"incomplete":false,"initialized":false,"type":"INTEGER","required":false,"readOnly":false,"allowNull":false,"zeroOnNull":false,"keyField":false,"sorted":false,"indexed":false,"multiIndex":false,"array":false,"arrayUnique":false,"arrayMaxSize":0,"static":false,"abstract":false,"native":false},"id":4},{"nodeId":5,"legendPosition":1,"entityName":"yyyyy","lastGlobalUpdate":3,"fieldName":"version","dataType":"INTEGER","calculation":false,"fullNodeName":"yyyyy.version","localDependencies":[],"globalDependencies":[],"crossDependencies":[],"codeName":"version","qualifiedSafeName":"yyyyy.version","keyName":"yyyyy.version","safeName":"yyyyy.version","field":{"id":"version","name":"version","dirty":false,"incomplete":false,"initialized":false,"type":"INTEGER","required":false,"readOnly":false,"allowNull":false,"zeroOnNull":false,"keyField":false,"sorted":false,"indexed":false,"multiIndex":false,"array":false,"arrayUnique":false,"arrayMaxSize":0,"static":false,"abstract":false,"native":false},"id":5},{"nodeId":6,"legendPosition":2,"entityName":"yyyyy","lastGlobalUpdate":3,"fieldName":"ruleResults","dataType":"RAW","calculation":true,"fullNodeName":"yyyyy.ruleResults","localDependencies":[],"globalDependencies":[],"crossDependencies":[],"codeName":"ruleResults","qualifiedSafeName":"yyyyy.ruleResults","keyName":"yyyyy.ruleResults","safeName":"yyyyy.ruleResults","field":{"id":"ruleResults","name":"ruleResults","dirty":false,"incomplete":false,"initialized":false,"type":"RAW","required":false,"readOnly":false,"allowNull":false,"zeroOnNull":false,"keyField":false,"sorted":false,"indexed":false,"multiIndex":false,"array":true,"arrayUnique":false,"arrayMaxSize":0,"static":false,"abstract":false,"native":false},"id":6},{"nodeId":7,"legendPosition":3,"entityName":"yyyyy","lastGlobalUpdate":3,"fieldName":"errors","dataType":"RAW","calculation":false,"fullNodeName":"yyyyy.errors","localDependencies":[],"globalDependencies":[],"crossDependencies":[],"codeName":"errors","qualifiedSafeName":"yyyyy.errors","keyName":"yyyyy.errors","safeName":"yyyyy.errors","field":{"id":"errors","name":"errors","dirty":false,"incomplete":false,"initialized":false,"type":"RAW","required":false,"readOnly":false,"allowNull":false,"zeroOnNull":false,"keyField":false,"sorted":false,"indexed":false,"multiIndex":false,"array":true,"arrayUnique":false,"arrayMaxSize":0,"static":false,"abstract":false,"native":false},"id":7},{"nodeId":8,"legendPosition":4,"entityName":"yyyyy","lastGlobalUpdate":3,"fieldName":"name","dataType":"TEXT","calculation":false,"fullNodeName":"yyyyy.name","localDependencies":[],"globalDependencies":[],"crossDependencies":[],"codeName":"name","qualifiedSafeName":"yyyyy.name","keyName":"yyyyy.name","safeName":"yyyyy.name","field":{"id":"name","name":"name","dirty":false,"incomplete":false,"initialized":false,"type":"TEXT","required":false,"readOnly":false,"allowNull":false,"zeroOnNull":false,"keyField":false,"sorted":false,"indexed":false,"multiIndex":false,"array":false,"arrayUnique":false,"arrayMaxSize":0,"static":false,"abstract":false,"native":false},"id":8},{"nodeId":9,"legendPosition":5,"entityName":"yyyyy","lastGlobalUpdate":3,"fieldName":"entityName","dataType":"TEXT","calculation":false,"fullNodeName":"yyyyy.entityName","localDependencies":[],"globalDependencies":[],"crossDependencies":[],"codeName":"entityName","qualifiedSafeName":"yyyyy.entityName","keyName":"yyyyy.entityName","safeName":"yyyyy.entityName","field":{"id":"entityName","name":"entityName","dirty":false,"incomplete":false,"initialized":false,"type":"TEXT","required":false,"readOnly":false,"allowNull":false,"zeroOnNull":false,"keyField":false,"sorted":false,"indexed":false,"multiIndex":false,"array":false,"arrayUnique":false,"arrayMaxSize":0,"static":false,"abstract":false,"native":false},"id":9},{"nodeId":10,"legendPosition":6,"entityName":"yyyyy","lastGlobalUpdate":3,"fieldName":"key","dataType":"TEXT","calculation":false,"fullNodeName":"yyyyy.key","localDependencies":[],"globalDependencies":[],"crossDependencies":[],"codeName":"key","qualifiedSafeName":"yyyyy.key","keyName":"yyyyy.key","safeName":"yyyyy.key","field":{"id":"key","name":"key","dirty":false,"incomplete":false,"initialized":false,"type":"TEXT","required":false,"readOnly":false,"allowNull":false,"zeroOnNull":false,"keyField":false,"sorted":false,"indexed":false,"multiIndex":false,"array":false,"arrayUnique":false,"arrayMaxSize":0,"static":false,"abstract":false,"native":false},"id":10},{"nodeId":11,"legendPosition":7,"entityName":"yyyyy","lastGlobalUpdate":3,"fieldName":"seriesValue","dataType":"ANY","calculation":false,"fullNodeName":"yyyyy.seriesValue","localDependencies":[],"globalDependencies":[],"crossDependencies":[],"codeName":"seriesValue","qualifiedSafeName":"yyyyy.seriesValue","keyName":"yyyyy.seriesValue","safeName":"yyyyy.seriesValue","field":{"id":"seriesValue","name":"seriesValue","dirty":false,"incomplete":false,"initialized":false,"type":"ANY","required":false,"readOnly":false,"allowNull":false,"zeroOnNull":false,"keyField":false,"sorted":false,"indexed":false,"multiIndex":false,"array":false,"arrayUnique":false,"arrayMaxSize":0,"static":false,"abstract":false,"native":false},"id":11},{"nodeId":12,"legendPosition":8,"entityName":"yyyyy","lastGlobalUpdate":3,"fieldName":"keyPrior","dataType":"DATAITEM","calculation":false,"fullNodeName":"yyyyy.keyPrior","localDependencies":[],"globalDependencies":[],"crossDependencies":[],"codeName":"keyPrior","qualifiedSafeName":"yyyyy.keyPrior","keyName":"yyyyy.keyPrior","safeName":"yyyyy.keyPrior","field":{"id":"keyPrior","name":"keyPrior","dirty":false,"incomplete":false,"initialized":false,"type":"DATAITEM","required":false,"readOnly":false,"allowNull":false,"zeroOnNull":false,"keyField":false,"sorted":false,"indexed":false,"multiIndex":false,"array":false,"arrayUnique":false,"arrayMaxSize":0,"static":false,"abstract":false,"native":false},"id":12},{"nodeId":13,"legendPosition":9,"entityName":"yyyyy","lastGlobalUpdate":3,"fieldName":"keyNext","dataType":"DATAITEM","calculation":false,"fullNodeName":"yyyyy.keyNext","localDependencies":[],"globalDependencies":[],"crossDependencies":[],"codeName":"keyNext","qualifiedSafeName":"yyyyy.keyNext","keyName":"yyyyy.keyNext","safeName":"yyyyy.keyNext","field":{"id":"keyNext","name":"keyNext","dirty":false,"incomplete":false,"initialized":false,"type":"DATAITEM","required":false,"readOnly":false,"allowNull":false,"zeroOnNull":false,"keyField":false,"sorted":false,"indexed":false,"multiIndex":false,"array":false,"arrayUnique":false,"arrayMaxSize":0,"static":false,"abstract":false,"native":false},"id":13},{"nodeId":14,"legendPosition":10,"entityName":"yyyyy","lastGlobalUpdate":3,"fieldName":"keyPosition","dataType":"INTEGER","calculation":false,"fullNodeName":"yyyyy.keyPosition","localDependencies":[],"globalDependencies":[],"crossDependencies":[],"codeName":"keyPosition","qualifiedSafeName":"yyyyy.keyPosition","keyName":"yyyyy.keyPosition","safeName":"yyyyy.keyPosition","field":{"id":"keyPosition","name":"keyPosition","dirty":false,"incomplete":false,"initialized":false,"type":"INTEGER","required":false,"readOnly":false,"allowNull":false,"zeroOnNull":false,"keyField":false,"sorted":false,"indexed":false,"multiIndex":false,"array":false,"arrayUnique":false,"arrayMaxSize":0,"static":false,"abstract":false,"native":false},"id":14},{"nodeId":15,"legendPosition":11,"entityName":"yyyyy","lastGlobalUpdate":3,"fieldName":"keyNavigation","dataType":"ANY","calculation":false,"fullNodeName":"yyyyy.keyNavigation","localDependencies":[],"globalDependencies":[],"crossDependencies":[],"codeName":"keyNavigation","qualifiedSafeName":"yyyyy.keyNavigation","keyName":"yyyyy.keyNavigation","safeName":"yyyyy.keyNavigation","field":{"id":"keyNavigation","name":"keyNavigation","dirty":false,"incomplete":false,"initialized":false,"type":"ANY","required":false,"readOnly":false,"allowNull":false,"zeroOnNull":false,"keyField":false,"sorted":false,"indexed":false,"multiIndex":false,"array":false,"arrayUnique":false,"arrayMaxSize":0,"static":false,"abstract":false,"native":false},"id":15},{"nodeId":16,"legendPosition":12,"entityName":"yyyyy","lastGlobalUpdate":3,"fieldName":"model","dataType":"DATAITEM","calculation":false,"fullNodeName":"yyyyy.model","localDependencies":[],"globalDependencies":[],"crossDependencies":[],"codeName":"model","qualifiedSafeName":"yyyyy.model","keyName":"yyyyy.model","safeName":"yyyyy.model","field":{"id":"model","name":"model","dirty":false,"incomplete":false,"initialized":false,"type":"DATAITEM","required":false,"readOnly":false,"allowNull":false,"zeroOnNull":false,"keyField":false,"sorted":false,"indexed":false,"multiIndex":false,"array":false,"arrayUnique":false,"arrayMaxSize":0,"static":false,"abstract":false,"native":false},"id":16},{"nodeId":0,"legendPosition":13,"entityName":"yyyyy","fieldName":"view_id_","dataType":"INTEGER","calculation":false,"localDependencies":[],"globalDependencies":[],"crossDependencies":[],"codeName":"view_id_","field":{"id":"view_id_","name":"view_id_","dirty":false,"incomplete":false,"initialized":false,"type":"INTEGER","required":false,"readOnly":false,"allowNull":false,"zeroOnNull":false,"keyField":false,"sorted":false,"indexed":false,"multiIndex":false,"array":false,"arrayUnique":false,"arrayMaxSize":0,"static":false,"abstract":false,"native":false},"id":0},{"nodeId":0,"legendPosition":14,"entityName":"yyyyy","fieldName":"view_yyyyy","dataType":"ANY","calculation":false,"localDependencies":[],"globalDependencies":[],"crossDependencies":[],"codeName":"view_yyyyy","field":{"id":"view_yyyyy","name":"view_yyyyy","dirty":false,"incomplete":false,"initialized":false,"type":"ANY","required":false,"readOnly":false,"allowNull":false,"zeroOnNull":false,"keyField":false,"sorted":false,"indexed":false,"multiIndex":false,"array":false,"arrayUnique":false,"arrayMaxSize":0,"static":false,"abstract":false,"native":false},"id":0},{"nodeId":0,"legendPosition":15,"entityName":"yyyyy","fieldName":"yyyyySeries","dataType":"ANY","calculation":false,"localDependencies":[],"globalDependencies":[],"crossDependencies":[],"codeName":"yyyyySeries","field":{"id":"yyyyySeries","name":"yyyyySeries","dirty":false,"incomplete":false,"initialized":false,"type":"ANY","required":false,"readOnly":false,"allowNull":false,"zeroOnNull":false,"keyField":false,"sorted":false,"indexed":false,"multiIndex":false,"array":false,"arrayUnique":false,"arrayMaxSize":0,"static":false,"abstract":false,"native":false},"id":0},{"nodeId":0,"legendPosition":16,"entityName":"yyyyy","fieldName":"connector_server","dataType":"ANY","calculation":false,"localDependencies":[],"globalDependencies":[],"crossDependencies":[],"codeName":"connector_server","field":{"id":"connector_server","name":"connector_server","dirty":false,"incomplete":false,"initialized":false,"type":"ANY","required":false,"readOnly":false,"allowNull":false,"zeroOnNull":false,"keyField":false,"sorted":false,"indexed":false,"multiIndex":false,"array":false,"arrayUnique":false,"arrayMaxSize":0,"static":false,"abstract":false,"native":false},"id":0},{"nodeId":0,"legendPosition":17,"entityName":"yyyyy","fieldName":"view_server","dataType":"ANY","calculation":false,"localDependencies":[],"globalDependencies":[],"crossDependencies":[],"codeName":"view_server","field":{"id":"view_server","name":"view_server","dirty":false,"incomplete":false,"initialized":false,"type":"ANY","required":false,"readOnly":false,"allowNull":false,"zeroOnNull":false,"keyField":false,"sorted":false,"indexed":false,"multiIndex":false,"array":false,"arrayUnique":false,"arrayMaxSize":0,"static":false,"abstract":false,"native":false},"id":0},{"nodeId":0,"legendPosition":18,"entityName":"yyyyy","fieldName":"serverSeries","dataType":"ANY","calculation":false,"localDependencies":[],"globalDependencies":[],"crossDependencies":[],"codeName":"serverSeries","field":{"id":"serverSeries","name":"serverSeries","dirty":false,"incomplete":false,"initialized":false,"type":"ANY","required":false,"readOnly":false,"allowNull":false,"zeroOnNull":false,"keyField":false,"sorted":false,"indexed":false,"multiIndex":false,"array":false,"arrayUnique":false,"arrayMaxSize":0,"static":false,"abstract":false,"native":false},"id":0},{"nodeId":51,"legendPosition":19,"entityName":"yyyyy","fieldName":"serverList","dataType":"DATAITEM","calculation":false,"selectField":"model","fullNodeName":"yyyyy.serverList","localDependencies":[],"globalDependencies":[],"crossDependencies":[],"codeName":"serverList","qualifiedSafeName":"yyyyy.serverList","keyName":"yyyyy.serverList","safeName":"yyyyy.serverList","field":{"id":"serverList","name":"serverList","dirty":false,"incomplete":false,"initialized":false,"type":"DATAITEM","required":false,"readOnly":false,"allowNull":false,"zeroOnNull":false,"keyField":false,"sorted":false,"indexed":false,"multiIndex":false,"array":true,"arrayUnique":false,"arrayMaxSize":0,"static":false,"abstract":false,"native":false},"id":51}],"id":0}
{"configType":"dataitem","entityName":"server","numFields":18,"lastUpdate":0,"version":-1446172261,"dependencyInfos":[{"nodeId":0,"legendPosition":0,"entityName":"server","fieldName":"connector_server_CONNECTOR","dataType":"ANY","calculation":false,"localDependencies":[],"globalDependencies":[],"crossDependencies":[],"codeName":"connector_server_CONNECTOR","field":{"id":"connector_server_CONNECTOR","name":"connector_server_CONNECTOR","dirty":false,"incomplete":false,"initialized":false,"type":"ANY","required":false,"readOnly":false,"allowNull":false,"zeroOnNull":false,"keyField":false,"sorted":false,"indexed":false,"multiIndex":false,"array":false,"arrayUnique":false,"arrayMaxSize":0,"static":false,"abstract":false,"native":false},"id":0},{"nodeId":26,"legendPosition":1,"entityName":"server","fieldName":"id","dataType":"INTEGER","calculation":false,"fullNodeName":"server.id","localDependencies":["server.lineNumber"],"globalDependencies":[],"crossDependencies":[],"codeName":"id","qualifiedSafeName":"server.id","keyName":"server.id","safeName":"server.id","field":{"id":"id","name":"id","dirty":false,"incomplete":false,"initialized":false,"type":"INTEGER","required":false,"readOnly":false,"allowNull":false,"zeroOnNull":false,"keyField":false,"sorted":false,"indexed":false,"multiIndex":false,"array":false,"arrayUnique":false,"arrayMaxSize":0,"static":false,"abstract":false,"native":false},"id":26},{"nodeId":27,"legendPosition":2,"entityName":"server","fieldName":"version","dataType":"INTEGER","calculation":false,"fullNodeName":"server.version","localDependencies":[],"globalDependencies":[],"crossDependencies":[],"codeName":"version","qualifiedSafeName":"server.version","keyName":"server.version","safeName":"server.version","field":{"id":"version","name":"version","dirty":false,"incomplete":false,"initialized":false,"type":"INTEGER","required":false,"readOnly":false,"allowNull":false,"zeroOnNull":false,"keyField":false,"sorted":false,"indexed":false,"multiIndex":false,"array":false,"arrayUnique":false,"arrayMaxSize":0,"static":false,"abstract":false,"native":false},"id":27},{"nodeId":28,"legendPosition":3,"entityName":"server","fieldName":"ruleResults","dataType":"RAW","calculation":true,"fullNodeName":"server.ruleResults","localDependencies":[],"globalDependencies":[],"crossDependencies":[],"codeName":"ruleResults","qualifiedSafeName":"server.ruleResults","keyName":"server.ruleResults","safeName":"server.ruleResults","field":{"id":"ruleResults","name":"ruleResults","dirty":false,"incomplete":false,"initialized":false,"type":"RAW","required":false,"readOnly":false,"allowNull":false,"zeroOnNull":false,"keyField":false,"sorted":false,"indexed":false,"multiIndex":false,"array":true,"arrayUnique":false,"arrayMaxSize":0,"static":false,"abstract":false,"native":false},"id":28},{"nodeId":29,"legendPosition":4,"entityName":"server","fieldName":"errors","dataType":"RAW","calculation":false,"fullNodeName":"server.errors","localDependencies":[],"globalDependencies":[],"crossDependencies":[],"codeName":"errors","qualifiedSafeName":"server.errors","keyName":"server.errors","safeName":"server.errors","field":{"id":"errors","name":"errors","dirty":false,"incomplete":false,"initialized":false,"type":"RAW","required":false,"readOnly":false,"allowNull":false,"zeroOnNull":false,"keyField":false,"sorted":false,"indexed":false,"multiIndex":false,"array":true,"arrayUnique":false,"arrayMaxSize":0,"static":false,"abstract":false,"native":false},"id":29},{"nodeId":30,"legendPosition":5,"entityName":"server","fieldName":"name","dataType":"TEXT","calculation":false,"fullNodeName":"server.name","localDependencies":[],"globalDependencies":[],"crossDependencies":[],"codeName":"name","qualifiedSafeName":"server.name","keyName":"server.name","safeName":"server.name","field":{"id":"name","name":"name","dirty":false,"incomplete":false,"initialized":false,"type":"TEXT","required":false,"readOnly":false,"allowNull":false,"zeroOnNull":false,"keyField":false,"sorted":false,"indexed":false,"multiIndex":false,"array":false,"arrayUnique":false,"arrayMaxSize":0,"static":false,"abstract":false,"native":false},"id":30},{"nodeId":31,"legendPosition":6,"entityName":"server","fieldName":"entityName","dataType":"TEXT","calculation":false,"fullNodeName":"server.entityName","localDependencies":[],"globalDependencies":[],"crossDependencies":[],"codeName":"entityName","qualifiedSafeName":"server.entityName","keyName":"server.entityName","safeName":"server.entityName","field":{"id":"entityName","name":"entityName","dirty":false,"incomplete":false,"initialized":false,"type":"TEXT","required":false,"readOnly":false,"allowNull":false,"zeroOnNull":false,"keyField":false,"sorted":false,"indexed":false,"multiIndex":false,"array":false,"arrayUnique":false,"arrayMaxSize":0,"static":false,"abstract":false,"native":false},"id":31},{"nodeId":32,"legendPosition":7,"entityName":"server","fieldName":"key","dataType":"TEXT","calculation":false,"fullNodeName":"server.key","localDependencies":[],"globalDependencies":[],"crossDependencies":[],"codeName":"key","qualifiedSafeName":"server.key","keyName":"server.key","safeName":"server.key","field":{"id":"key","name":"key","dirty":false,"incomplete":false,"initialized":false,"type":"TEXT","required":false,"readOnly":false,"allowNull":false,"zeroOnNull":false,"keyField":false,"sorted":false,"indexed":false,"multiIndex":false,"array":false,"arrayUnique":false,"arrayMaxSize":0,"static":false,"abstract":false,"native":false},"id":32},{"nodeId":33,"legendPosition":8,"entityName":"server","fieldName":"seriesValue","dataType":"ANY","calculation":false,"fullNodeName":"server.seriesValue","localDependencies":[],"globalDependencies":[],"crossDependencies":[],"codeName":"seriesValue","qualifiedSafeName":"server.seriesValue","keyName":"server.seriesValue","safeName":"server.seriesValue","field":{"id":"seriesValue","name":"seriesValue","dirty":false,"incomplete":false,"initialized":false,"type":"ANY","required":false,"readOnly":false,"allowNull":false,"zeroOnNull":false,"keyField":false,"sorted":false,"indexed":false,"multiIndex":false,"array":false,"arrayUnique":false,"arrayMaxSize":0,"static":false,"abstract":false,"native":false},"id":33},{"nodeId":34,"legendPosition":9,"entityName":"server","fieldName":"keyPrior","dataType":"DATAITEM","calculation":false,"fullNodeName":"server.keyPrior","localDependencies":[],"globalDependencies":[],"crossDependencies":[],"codeName":"keyPrior","qualifiedSafeName":"server.keyPrior","keyName":"server.keyPrior","safeName":"server.keyPrior","field":{"id":"keyPrior","name":"keyPrior","dirty":false,"incomplete":false,"initialized":false,"type":"DATAITEM","required":false,"readOnly":false,"allowNull":false,"zeroOnNull":false,"keyField":false,"sorted":false,"indexed":false,"multiIndex":false,"array":false,"arrayUnique":false,"arrayMaxSize":0,"static":false,"abstract":false,"native":false},"id":34},{"nodeId":35,"legendPosition":10,"entityName":"server","fieldName":"keyNext","dataType":"DATAITEM","calculation":false,"fullNodeName":"server.keyNext","localDependencies":[],"globalDependencies":[],"crossDependencies":[],"codeName":"keyNext","qualifiedSafeName":"server.keyNext","keyName":"server.keyNext","safeName":"server.keyNext","field":{"id":"keyNext","name":"keyNext","dirty":false,"incomplete":false,"initialized":false,"type":"DATAITEM","required":false,"readOnly":false,"allowNull":false,"zeroOnNull":false,"keyField":false,"sorted":false,"indexed":false,"multiIndex":false,"array":false,"arrayUnique":false,"arrayMaxSize":0,"static":false,"abstract":false,"native":false},"id":35},{"nodeId":36,"legendPosition":11,"entityName":"server","fieldName":"keyPosition","dataType":"INTEGER","calculation":false,"fullNodeName":"server.keyPosition","localDependencies":[],"globalDependencies":[],"crossDependencies":[],"codeName":"keyPosition","qualifiedSafeName":"server.keyPosition","keyName":"server.keyPosition","safeName":"server.keyPosition","field":{"id":"keyPosition","name":"keyPosition","dirty":false,"incomplete":false,"initialized":false,"type":"INTEGER","required":false,"readOnly":false,"allowNull":false,"zeroOnNull":false,"keyField":false,"sorted":false,"indexed":false,"multiIndex":false,"array":false,"arrayUnique":false,"arrayMaxSize":0,"static":false,"abstract":false,"native":false},"id":36},{"nodeId":37,"legendPosition":12,"entityName":"server","fieldName":"keyNavigation","dataType":"ANY","calculation":false,"fullNodeName":"server.keyNavigation","localDependencies":[],"globalDependencies":[],"crossDependencies":[],"codeName":"keyNavigation","qualifiedSafeName":"server.keyNavigation","keyName":"server.keyNavigation","safeName":"server.keyNavigation","field":{"id":"keyNavigation","name":"keyNavigation","dirty":false,"incomplete":false,"initialized":false,"type":"ANY","required":false,"readOnly":false,"allowNull":false,"zeroOnNull":false,"keyField":false,"sorted":false,"indexed":false,"multiIndex":false,"array":false,"arrayUnique":false,"arrayMaxSize":0,"static":false,"abstract":false,"native":false},"id":37},{"nodeId":38,"legendPosition":13,"entityName":"server","fieldName":"model","dataType":"DATAITEM","calculation":false,"fullNodeName":"server.model","localDependencies":[],"globalDependencies":[],"crossDependencies":[],"codeName":"model","qualifiedSafeName":"server.model","keyName":"server.model","safeName":"server.model","field":{"id":"model","name":"model","dirty":false,"incomplete":false,"initialized":false,"type":"DATAITEM","required":false,"readOnly":false,"allowNull":false,"zeroOnNull":false,"keyField":false,"sorted":false,"indexed":false,"multiIndex":false,"array":false,"arrayUnique":false,"arrayMaxSize":0,"static":false,"abstract":false,"native":false},"id":38},{"nodeId":0,"legendPosition":14,"entityName":"server","fieldName":"view_id_","dataType":"INTEGER","calculation":false,"localDependencies":[],"globalDependencies":[],"crossDependencies":[],"codeName":"view_id_","field":{"id":"view_id_","name":"view_id_","dirty":false,"incomplete":false,"initialized":false,"type":"INTEGER","required":false,"readOnly":false,"allowNull":false,"zeroOnNull":false,"keyField":false,"sorted":false,"indexed":false,"multiIndex":false,"array":false,"arrayUnique":false,"arrayMaxSize":0,"static":false,"abstract":false,"native":false},"id":0},{"nodeId":48,"legendPosition":15,"entityName":"server","fieldName":"sourceName","dataType":"TEXT","calculation":false,"fullNodeName":"server.sourceName","localDependencies":[],"globalDependencies":[],"crossDependencies":[],"codeName":"sourceName","qualifiedSafeName":"server.sourceName","keyName":"server.sourceName","safeName":"server.sourceName","field":{"id":"sourceName","name":"sourceName","dirty":false,"incomplete":false,"initialized":false,"type":"TEXT","required":false,"readOnly":false,"allowNull":false,"zeroOnNull":false,"keyField":false,"sorted":false,"indexed":false,"multiIndex":false,"array":false,"arrayUnique":false,"arrayMaxSize":0,"static":false,"abstract":false,"native":false},"id":48},{"nodeId":49,"legendPosition":16,"entityName":"server","fieldName":"lineNumber","dataType":"INTEGER","calculation":false,"fullNodeName":"server.lineNumber","localDependencies":[],"globalDependencies":[],"crossDependencies":[],"codeName":"lineNumber","qualifiedSafeName":"server.lineNumber","keyName":"server.lineNumber","safeName":"server.lineNumber","field":{"id":"lineNumber","name":"lineNumber","dirty":false,"incomplete":false,"initialized":false,"type":"INTEGER","required":false,"readOnly":false,"allowNull":false,"zeroOnNull":false,"keyField":false,"sorted":false,"indexed":false,"multiIndex":false,"array":false,"arrayUnique":false,"arrayMaxSize":0,"static":false,"abstract":false,"native":false},"id":49},{"nodeId":50,"legendPosition":17,"entityName":"server","fieldName":"xmlResponse","dataType":"MAP","calculation":false,"fullNodeName":"server.xmlResponse","localDependencies":[],"globalDependencies":[],"crossDependencies":[],"codeName":"xmlResponse","qualifiedSafeName":"server.xmlResponse","keyName":"server.xmlResponse","safeName":"server.xmlResponse","field":{"id":"xmlResponse","name":"xmlResponse","dirty":false,"incomplete":false,"initialized":false,"type":"MAP","required":false,"readOnly":false,"allowNull":false,"zeroOnNull":false,"keyField":false,"sorted":false,"indexed":false,"multiIndex":false,"array":false,"arrayUnique":false,"arrayMaxSize":0,"static":false,"abstract":false,"native":false},"id":50}],"id":0}
