{"configType":"model","entityName":"ModelBackup","numFields":24,"lastUpdate":3,"version":1416896750,"dependencyInfos":[{"nodeId":4,"legendPosition":0,"entityName":"ModelBackup","lastGlobalUpdate":3,"fieldName":"id","dataType":"INTEGER","calculation":false,"fullNodeName":"ModelBackup.id","localDependencies":[],"globalDependencies":[],"crossDependencies":[],"qualifiedSafeName":"ModelBackup.id","codeName":"id","keyName":"ModelBackup.id","safeName":"ModelBackup.id","field":{"id":"id","name":"id","dirty":false,"incomplete":false,"initialized":false,"type":"INTEGER","required":false,"readOnly":false,"allowNull":false,"zeroOnNull":false,"keyField":false,"sorted":false,"indexed":false,"multiIndex":false,"array":false,"arrayUnique":false,"arrayMaxSize":0,"static":false,"abstract":false,"native":false},"id":4},{"nodeId":5,"legendPosition":1,"entityName":"ModelBackup","lastGlobalUpdate":3,"fieldName":"version","dataType":"INTEGER","calculation":false,"fullNodeName":"ModelBackup.version","localDependencies":[],"globalDependencies":[],"crossDependencies":[],"qualifiedSafeName":"ModelBackup.version","codeName":"version","keyName":"ModelBackup.version","safeName":"ModelBackup.version","field":{"id":"version","name":"version","dirty":false,"incomplete":false,"initialized":false,"type":"INTEGER","required":false,"readOnly":false,"allowNull":false,"zeroOnNull":false,"keyField":false,"sorted":false,"indexed":false,"multiIndex":false,"array":false,"arrayUnique":false,"arrayMaxSize":0,"static":false,"abstract":false,"native":false},"id":5},{"nodeId":6,"legendPosition":2,"entityName":"ModelBackup","lastGlobalUpdate":3,"fieldName":"ruleResults","dataType":"RAW","calculation":false,"fullNodeName":"ModelBackup.ruleResults","localDependencies":[],"globalDependencies":[],"crossDependencies":[],"qualifiedSafeName":"ModelBackup.ruleResults","codeName":"ruleResults","keyName":"ModelBackup.ruleResults","safeName":"ModelBackup.ruleResults","field":{"id":"ruleResults","name":"ruleResults","dirty":false,"incomplete":false,"initialized":false,"type":"RAW","required":false,"readOnly":false,"allowNull":false,"zeroOnNull":false,"keyField":false,"sorted":false,"indexed":false,"multiIndex":false,"array":true,"arrayUnique":false,"arrayMaxSize":0,"static":false,"abstract":false,"native":false},"id":6},{"nodeId":7,"legendPosition":3,"entityName":"ModelBackup","lastGlobalUpdate":3,"fieldName":"errors","dataType":"RAW","calculation":false,"fullNodeName":"ModelBackup.errors","localDependencies":[],"globalDependencies":[],"crossDependencies":[],"qualifiedSafeName":"ModelBackup.errors","codeName":"errors","keyName":"ModelBackup.errors","safeName":"ModelBackup.errors","field":{"id":"errors","name":"errors","dirty":false,"incomplete":false,"initialized":false,"type":"RAW","required":false,"readOnly":false,"allowNull":false,"zeroOnNull":false,"keyField":false,"sorted":false,"indexed":false,"multiIndex":false,"array":true,"arrayUnique":false,"arrayMaxSize":0,"static":false,"abstract":false,"native":false},"id":7},{"nodeId":8,"legendPosition":4,"entityName":"ModelBackup","lastGlobalUpdate":3,"fieldName":"name","dataType":"TEXT","calculation":false,"fullNodeName":"ModelBackup.name","localDependencies":[],"globalDependencies":[],"crossDependencies":[],"qualifiedSafeName":"ModelBackup.name","codeName":"name","keyName":"ModelBackup.name","safeName":"ModelBackup.name","field":{"id":"name","name":"name","dirty":false,"incomplete":false,"initialized":false,"type":"TEXT","required":false,"readOnly":false,"allowNull":false,"zeroOnNull":false,"keyField":false,"sorted":false,"indexed":false,"multiIndex":false,"array":false,"arrayUnique":false,"arrayMaxSize":0,"static":false,"abstract":false,"native":false},"id":8},{"nodeId":9,"legendPosition":5,"entityName":"ModelBackup","lastGlobalUpdate":3,"fieldName":"entityName","dataType":"TEXT","calculation":false,"fullNodeName":"ModelBackup.entityName","localDependencies":[],"globalDependencies":[],"crossDependencies":[],"qualifiedSafeName":"ModelBackup.entityName","codeName":"entityName","keyName":"ModelBackup.entityName","safeName":"ModelBackup.entityName","field":{"id":"entityName","name":"entityName","dirty":false,"incomplete":false,"initialized":false,"type":"TEXT","required":false,"readOnly":false,"allowNull":false,"zeroOnNull":false,"keyField":false,"sorted":false,"indexed":false,"multiIndex":false,"array":false,"arrayUnique":false,"arrayMaxSize":0,"static":false,"abstract":false,"native":false},"id":9},{"nodeId":10,"legendPosition":6,"entityName":"ModelBackup","lastGlobalUpdate":3,"fieldName":"key","dataType":"TEXT","calculation":false,"fullNodeName":"ModelBackup.key","localDependencies":[],"globalDependencies":[],"crossDependencies":[],"qualifiedSafeName":"ModelBackup.key","codeName":"key","keyName":"ModelBackup.key","safeName":"ModelBackup.key","field":{"id":"key","name":"key","dirty":false,"incomplete":false,"initialized":false,"type":"TEXT","required":false,"readOnly":false,"allowNull":false,"zeroOnNull":false,"keyField":false,"sorted":false,"indexed":false,"multiIndex":false,"array":false,"arrayUnique":false,"arrayMaxSize":0,"static":false,"abstract":false,"native":false},"id":10},{"nodeId":11,"legendPosition":7,"entityName":"ModelBackup","lastGlobalUpdate":3,"fieldName":"seriesValue","dataType":"ANY","calculation":false,"fullNodeName":"ModelBackup.seriesValue","localDependencies":[],"globalDependencies":[],"crossDependencies":[],"qualifiedSafeName":"ModelBackup.seriesValue","codeName":"seriesValue","keyName":"ModelBackup.seriesValue","safeName":"ModelBackup.seriesValue","field":{"id":"seriesValue","name":"seriesValue","dirty":false,"incomplete":false,"initialized":false,"type":"ANY","required":false,"readOnly":false,"allowNull":false,"zeroOnNull":false,"keyField":false,"sorted":false,"indexed":false,"multiIndex":false,"array":false,"arrayUnique":false,"arrayMaxSize":0,"static":false,"abstract":false,"native":false},"id":11},{"nodeId":12,"legendPosition":8,"entityName":"ModelBackup","lastGlobalUpdate":3,"fieldName":"keyPrior","dataType":"DATAITEM","calculation":false,"fullNodeName":"ModelBackup.keyPrior","localDependencies":[],"globalDependencies":[],"crossDependencies":[],"qualifiedSafeName":"ModelBackup.keyPrior","codeName":"keyPrior","keyName":"ModelBackup.keyPrior","safeName":"ModelBackup.keyPrior","field":{"id":"keyPrior","name":"keyPrior","dirty":false,"incomplete":false,"initialized":false,"type":"DATAITEM","required":false,"readOnly":false,"allowNull":false,"zeroOnNull":false,"keyField":false,"sorted":false,"indexed":false,"multiIndex":false,"array":false,"arrayUnique":false,"arrayMaxSize":0,"static":false,"abstract":false,"native":false},"id":12},{"nodeId":13,"legendPosition":9,"entityName":"ModelBackup","lastGlobalUpdate":3,"fieldName":"keyNext","dataType":"DATAITEM","calculation":false,"fullNodeName":"ModelBackup.keyNext","localDependencies":[],"globalDependencies":[],"crossDependencies":[],"qualifiedSafeName":"ModelBackup.keyNext","codeName":"keyNext","keyName":"ModelBackup.keyNext","safeName":"ModelBackup.keyNext","field":{"id":"keyNext","name":"keyNext","dirty":false,"incomplete":false,"initialized":false,"type":"DATAITEM","required":false,"readOnly":false,"allowNull":false,"zeroOnNull":false,"keyField":false,"sorted":false,"indexed":false,"multiIndex":false,"array":false,"arrayUnique":false,"arrayMaxSize":0,"static":false,"abstract":false,"native":false},"id":13},{"nodeId":14,"legendPosition":10,"entityName":"ModelBackup","lastGlobalUpdate":3,"fieldName":"keyPosition","dataType":"INTEGER","calculation":false,"fullNodeName":"ModelBackup.keyPosition","localDependencies":[],"globalDependencies":[],"crossDependencies":[],"qualifiedSafeName":"ModelBackup.keyPosition","codeName":"keyPosition","keyName":"ModelBackup.keyPosition","safeName":"ModelBackup.keyPosition","field":{"id":"keyPosition","name":"keyPosition","dirty":false,"incomplete":false,"initialized":false,"type":"INTEGER","required":false,"readOnly":false,"allowNull":false,"zeroOnNull":false,"keyField":false,"sorted":false,"indexed":false,"multiIndex":false,"array":false,"arrayUnique":false,"arrayMaxSize":0,"static":false,"abstract":false,"native":false},"id":14},{"nodeId":15,"legendPosition":11,"entityName":"ModelBackup","lastGlobalUpdate":3,"fieldName":"keyNavigation","dataType":"ANY","calculation":false,"fullNodeName":"ModelBackup.keyNavigation","localDependencies":[],"globalDependencies":[],"crossDependencies":[],"qualifiedSafeName":"ModelBackup.keyNavigation","codeName":"keyNavigation","keyName":"ModelBackup.keyNavigation","safeName":"ModelBackup.keyNavigation","field":{"id":"keyNavigation","name":"keyNavigation","dirty":false,"incomplete":false,"initialized":false,"type":"ANY","required":false,"readOnly":false,"allowNull":false,"zeroOnNull":false,"keyField":false,"sorted":false,"indexed":false,"multiIndex":false,"array":false,"arrayUnique":false,"arrayMaxSize":0,"static":false,"abstract":false,"native":false},"id":15},{"nodeId":16,"legendPosition":12,"entityName":"ModelBackup","lastGlobalUpdate":3,"fieldName":"model","dataType":"DATAITEM","calculation":false,"fullNodeName":"ModelBackup.model","localDependencies":[],"globalDependencies":[],"crossDependencies":[],"qualifiedSafeName":"ModelBackup.model","codeName":"model","keyName":"ModelBackup.model","safeName":"ModelBackup.model","field":{"id":"model","name":"model","dirty":false,"incomplete":false,"initialized":false,"type":"DATAITEM","required":false,"readOnly":false,"allowNull":false,"zeroOnNull":false,"keyField":false,"sorted":false,"indexed":false,"multiIndex":false,"array":false,"arrayUnique":false,"arrayMaxSize":0,"static":false,"abstract":false,"native":false},"id":16},{"nodeId":0,"legendPosition":13,"entityName":"ModelBackup","fieldName":"connector_modelshop_users","dataType":"ANY","calculation":false,"localDependencies":[],"globalDependencies":[],"crossDependencies":[],"codeName":"connector_modelshop_users","field":{"id":"connector_modelshop_users","name":"connector_modelshop_users","dirty":false,"incomplete":false,"initialized":false,"type":"ANY","required":false,"readOnly":false,"allowNull":false,"zeroOnNull":false,"keyField":false,"sorted":false,"indexed":false,"multiIndex":false,"array":false,"arrayUnique":false,"arrayMaxSize":0,"static":false,"abstract":false,"native":false},"id":0},{"nodeId":0,"legendPosition":14,"entityName":"ModelBackup","fieldName":"connector_modelshop","dataType":"ANY","calculation":false,"localDependencies":[],"globalDependencies":[],"crossDependencies":[],"codeName":"connector_modelshop","field":{"id":"connector_modelshop","name":"connector_modelshop","dirty":false,"incomplete":false,"initialized":false,"type":"ANY","required":false,"readOnly":false,"allowNull":false,"zeroOnNull":false,"keyField":false,"sorted":false,"indexed":false,"multiIndex":false,"array":false,"arrayUnique":false,"arrayMaxSize":0,"static":false,"abstract":false,"native":false},"id":0},{"nodeId":0,"legendPosition":15,"entityName":"ModelBackup","fieldName":"modelBackupSeries","dataType":"ANY","calculation":false,"localDependencies":[],"globalDependencies":[],"crossDependencies":[],"codeName":"modelBackupSeries","field":{"id":"modelBackupSeries","name":"modelBackupSeries","dirty":false,"incomplete":false,"initialized":false,"type":"ANY","required":false,"readOnly":false,"allowNull":false,"zeroOnNull":false,"keyField":false,"sorted":false,"indexed":false,"multiIndex":false,"array":false,"arrayUnique":false,"arrayMaxSize":0,"static":false,"abstract":false,"native":false},"id":0},{"nodeId":0,"legendPosition":16,"entityName":"ModelBackup","fieldName":"modelshopSeries","dataType":"ANY","calculation":false,"localDependencies":[],"globalDependencies":[],"crossDependencies":[],"codeName":"modelshopSeries","field":{"id":"modelshopSeries","name":"modelshopSeries","dirty":false,"incomplete":false,"initialized":false,"type":"ANY","required":false,"readOnly":false,"allowNull":false,"zeroOnNull":false,"keyField":false,"sorted":false,"indexed":false,"multiIndex":false,"array":false,"arrayUnique":false,"arrayMaxSize":0,"static":false,"abstract":false,"native":false},"id":0},{"nodeId":0,"legendPosition":17,"entityName":"ModelBackup","fieldName":"modelshop_usersSeries","dataType":"ANY","calculation":false,"localDependencies":[],"globalDependencies":[],"crossDependencies":[],"codeName":"modelshop_usersSeries","field":{"id":"modelshop_usersSeries","name":"modelshop_usersSeries","dirty":false,"incomplete":false,"initialized":false,"type":"ANY","required":false,"readOnly":false,"allowNull":false,"zeroOnNull":false,"keyField":false,"sorted":false,"indexed":false,"multiIndex":false,"array":false,"arrayUnique":false,"arrayMaxSize":0,"static":false,"abstract":false,"native":false},"id":0},{"nodeId":0,"legendPosition":18,"entityName":"ModelBackup","fieldName":"view_modelshop","dataType":"ANY","calculation":false,"localDependencies":[],"globalDependencies":[],"crossDependencies":[],"codeName":"view_modelshop","field":{"id":"view_modelshop","name":"view_modelshop","dirty":false,"incomplete":false,"initialized":false,"type":"ANY","required":false,"readOnly":false,"allowNull":false,"zeroOnNull":false,"keyField":false,"sorted":false,"indexed":false,"multiIndex":false,"array":false,"arrayUnique":false,"arrayMaxSize":0,"static":false,"abstract":false,"native":false},"id":0},{"nodeId":0,"legendPosition":19,"entityName":"ModelBackup","fieldName":"view_id_","dataType":"INTEGER","calculation":false,"localDependencies":[],"globalDependencies":[],"crossDependencies":[],"codeName":"view_id_","field":{"id":"view_id_","name":"view_id_","dirty":false,"incomplete":false,"initialized":false,"type":"INTEGER","required":false,"readOnly":false,"allowNull":false,"zeroOnNull":false,"keyField":false,"sorted":false,"indexed":false,"multiIndex":false,"array":false,"arrayUnique":false,"arrayMaxSize":0,"static":false,"abstract":false,"native":false},"id":0},{"nodeId":0,"legendPosition":20,"entityName":"ModelBackup","fieldName":"view_modelBackup","dataType":"ANY","calculation":false,"localDependencies":[],"globalDependencies":[],"crossDependencies":[],"codeName":"view_modelBackup","field":{"id":"view_modelBackup","name":"view_modelBackup","dirty":false,"incomplete":false,"initialized":false,"type":"ANY","required":false,"readOnly":false,"allowNull":false,"zeroOnNull":false,"keyField":false,"sorted":false,"indexed":false,"multiIndex":false,"array":false,"arrayUnique":false,"arrayMaxSize":0,"static":false,"abstract":false,"native":false},"id":0},{"nodeId":0,"legendPosition":21,"entityName":"ModelBackup","fieldName":"view_modelshop_users","dataType":"ANY","calculation":false,"localDependencies":[],"globalDependencies":[],"crossDependencies":[],"codeName":"view_modelshop_users","field":{"id":"view_modelshop_users","name":"view_modelshop_users","dirty":false,"incomplete":false,"initialized":false,"type":"ANY","required":false,"readOnly":false,"allowNull":false,"zeroOnNull":false,"keyField":false,"sorted":false,"indexed":false,"multiIndex":false,"array":false,"arrayUnique":false,"arrayMaxSize":0,"static":false,"abstract":false,"native":false},"id":0},{"nodeId":88,"legendPosition":22,"entityName":"ModelBackup","lastGlobalUpdate":3,"fieldName":"modelshop_usersList","dataType":"DATAITEM","calculation":false,"selectField":"model","fullNodeName":"ModelBackup.modelshop_usersList","localDependencies":[],"globalDependencies":[],"crossDependencies":[],"qualifiedSafeName":"ModelBackup.modelshop_usersList","codeName":"modelshop_usersList","keyName":"ModelBackup.modelshop_usersList","safeName":"ModelBackup.modelshop_usersList","field":{"id":"modelshop_usersList","name":"modelshop_usersList","dirty":false,"incomplete":false,"initialized":false,"type":"DATAITEM","required":false,"readOnly":false,"allowNull":false,"zeroOnNull":false,"keyField":false,"sorted":false,"indexed":false,"multiIndex":false,"array":true,"arrayUnique":false,"arrayMaxSize":0,"static":false,"abstract":false,"native":false},"id":88},{"nodeId":89,"legendPosition":23,"entityName":"ModelBackup","lastGlobalUpdate":3,"fieldName":"modelshopList","dataType":"DATAITEM","calculation":false,"selectField":"model","fullNodeName":"ModelBackup.modelshopList","localDependencies":[],"globalDependencies":[],"crossDependencies":[],"qualifiedSafeName":"ModelBackup.modelshopList","codeName":"modelshopList","keyName":"ModelBackup.modelshopList","safeName":"ModelBackup.modelshopList","field":{"id":"modelshopList","name":"modelshopList","dirty":false,"incomplete":false,"initialized":false,"type":"DATAITEM","required":false,"readOnly":false,"allowNull":false,"zeroOnNull":false,"keyField":false,"sorted":false,"indexed":false,"multiIndex":false,"array":true,"arrayUnique":false,"arrayMaxSize":0,"static":false,"abstract":false,"native":false},"id":89}],"id":0}
{"configType":"dataitem","entityName":"modelshop","numFields":23,"lastUpdate":4,"version":-1665296886,"dependencyInfos":[{"nodeId":0,"legendPosition":0,"entityName":"modelshop","fieldName":"connector_modelshop_CONNECTOR","dataType":"ANY","calculation":false,"localDependencies":[],"globalDependencies":[],"crossDependencies":[],"codeName":"connector_modelshop_CONNECTOR","field":{"id":"connector_modelshop_CONNECTOR","name":"connector_modelshop_CONNECTOR","dirty":false,"incomplete":false,"initialized":false,"type":"ANY","required":false,"readOnly":false,"allowNull":false,"zeroOnNull":false,"keyField":false,"sorted":false,"indexed":false,"multiIndex":false,"array":false,"arrayUnique":false,"arrayMaxSize":0,"static":false,"abstract":false,"native":false},"id":0},{"nodeId":27,"legendPosition":1,"entityName":"modelshop","lastGlobalUpdate":4,"fieldName":"id","dataType":"INTEGER","calculation":false,"fullNodeName":"modelshop.id","localDependencies":["modelshop.lineNumber"],"globalDependencies":[],"crossDependencies":[],"qualifiedSafeName":"modelshop.id","codeName":"id","keyName":"modelshop.id","safeName":"modelshop.id","field":{"id":"id","name":"id","dirty":false,"incomplete":false,"initialized":false,"type":"INTEGER","required":false,"readOnly":false,"allowNull":false,"zeroOnNull":false,"keyField":false,"sorted":false,"indexed":false,"multiIndex":false,"array":false,"arrayUnique":false,"arrayMaxSize":0,"static":false,"abstract":false,"native":false},"id":27},{"nodeId":28,"legendPosition":2,"entityName":"modelshop","lastGlobalUpdate":4,"fieldName":"version","dataType":"INTEGER","calculation":false,"fullNodeName":"modelshop.version","localDependencies":[],"globalDependencies":[],"crossDependencies":[],"qualifiedSafeName":"modelshop.version","codeName":"version","keyName":"modelshop.version","safeName":"modelshop.version","field":{"id":"version","name":"version","dirty":false,"incomplete":false,"initialized":false,"type":"INTEGER","required":false,"readOnly":false,"allowNull":false,"zeroOnNull":false,"keyField":false,"sorted":false,"indexed":false,"multiIndex":false,"array":false,"arrayUnique":false,"arrayMaxSize":0,"static":false,"abstract":false,"native":false},"id":28},{"nodeId":29,"legendPosition":3,"entityName":"modelshop","lastGlobalUpdate":4,"fieldName":"ruleResults","dataType":"RAW","calculation":false,"fullNodeName":"modelshop.ruleResults","localDependencies":[],"globalDependencies":[],"crossDependencies":[],"qualifiedSafeName":"modelshop.ruleResults","codeName":"ruleResults","keyName":"modelshop.ruleResults","safeName":"modelshop.ruleResults","field":{"id":"ruleResults","name":"ruleResults","dirty":false,"incomplete":false,"initialized":false,"type":"RAW","required":false,"readOnly":false,"allowNull":false,"zeroOnNull":false,"keyField":false,"sorted":false,"indexed":false,"multiIndex":false,"array":true,"arrayUnique":false,"arrayMaxSize":0,"static":false,"abstract":false,"native":false},"id":29},{"nodeId":30,"legendPosition":4,"entityName":"modelshop","lastGlobalUpdate":4,"fieldName":"errors","dataType":"RAW","calculation":false,"fullNodeName":"modelshop.errors","localDependencies":[],"globalDependencies":[],"crossDependencies":[],"qualifiedSafeName":"modelshop.errors","codeName":"errors","keyName":"modelshop.errors","safeName":"modelshop.errors","field":{"id":"errors","name":"errors","dirty":false,"incomplete":false,"initialized":false,"type":"RAW","required":false,"readOnly":false,"allowNull":false,"zeroOnNull":false,"keyField":false,"sorted":false,"indexed":false,"multiIndex":false,"array":true,"arrayUnique":false,"arrayMaxSize":0,"static":false,"abstract":false,"native":false},"id":30},{"nodeId":31,"legendPosition":5,"entityName":"modelshop","lastGlobalUpdate":4,"fieldName":"name","dataType":"TEXT","calculation":false,"fullNodeName":"modelshop.name","localDependencies":[],"globalDependencies":[],"crossDependencies":[],"qualifiedSafeName":"modelshop.name","codeName":"name","keyName":"modelshop.name","safeName":"modelshop.name","field":{"id":"name","name":"name","dirty":false,"incomplete":false,"initialized":false,"type":"TEXT","required":false,"readOnly":false,"allowNull":false,"zeroOnNull":false,"keyField":false,"sorted":false,"indexed":false,"multiIndex":false,"array":false,"arrayUnique":false,"arrayMaxSize":0,"static":false,"abstract":false,"native":false},"id":31},{"nodeId":32,"legendPosition":6,"entityName":"modelshop","lastGlobalUpdate":4,"fieldName":"entityName","dataType":"TEXT","calculation":false,"fullNodeName":"modelshop.entityName","localDependencies":[],"globalDependencies":[],"crossDependencies":[],"qualifiedSafeName":"modelshop.entityName","codeName":"entityName","keyName":"modelshop.entityName","safeName":"modelshop.entityName","field":{"id":"entityName","name":"entityName","dirty":false,"incomplete":false,"initialized":false,"type":"TEXT","required":false,"readOnly":false,"allowNull":false,"zeroOnNull":false,"keyField":false,"sorted":false,"indexed":false,"multiIndex":false,"array":false,"arrayUnique":false,"arrayMaxSize":0,"static":false,"abstract":false,"native":false},"id":32},{"nodeId":33,"legendPosition":7,"entityName":"modelshop","lastGlobalUpdate":4,"fieldName":"key","dataType":"TEXT","calculation":false,"fullNodeName":"modelshop.key","localDependencies":[],"globalDependencies":[],"crossDependencies":[],"qualifiedSafeName":"modelshop.key","codeName":"key","keyName":"modelshop.key","safeName":"modelshop.key","field":{"id":"key","name":"key","dirty":false,"incomplete":false,"initialized":false,"type":"TEXT","required":false,"readOnly":false,"allowNull":false,"zeroOnNull":false,"keyField":false,"sorted":false,"indexed":false,"multiIndex":false,"array":false,"arrayUnique":false,"arrayMaxSize":0,"static":false,"abstract":false,"native":false},"id":33},{"nodeId":34,"legendPosition":8,"entityName":"modelshop","lastGlobalUpdate":4,"fieldName":"seriesValue","dataType":"ANY","calculation":false,"fullNodeName":"modelshop.seriesValue","localDependencies":[],"globalDependencies":[],"crossDependencies":[],"qualifiedSafeName":"modelshop.seriesValue","codeName":"seriesValue","keyName":"modelshop.seriesValue","safeName":"modelshop.seriesValue","field":{"id":"seriesValue","name":"seriesValue","dirty":false,"incomplete":false,"initialized":false,"type":"ANY","required":false,"readOnly":false,"allowNull":false,"zeroOnNull":false,"keyField":false,"sorted":false,"indexed":false,"multiIndex":false,"array":false,"arrayUnique":false,"arrayMaxSize":0,"static":false,"abstract":false,"native":false},"id":34},{"nodeId":35,"legendPosition":9,"entityName":"modelshop","lastGlobalUpdate":4,"fieldName":"keyPrior","dataType":"DATAITEM","calculation":false,"fullNodeName":"modelshop.keyPrior","localDependencies":[],"globalDependencies":[],"crossDependencies":[],"qualifiedSafeName":"modelshop.keyPrior","codeName":"keyPrior","keyName":"modelshop.keyPrior","safeName":"modelshop.keyPrior","field":{"id":"keyPrior","name":"keyPrior","dirty":false,"incomplete":false,"initialized":false,"type":"DATAITEM","required":false,"readOnly":false,"allowNull":false,"zeroOnNull":false,"keyField":false,"sorted":false,"indexed":false,"multiIndex":false,"array":false,"arrayUnique":false,"arrayMaxSize":0,"static":false,"abstract":false,"native":false},"id":35},{"nodeId":36,"legendPosition":10,"entityName":"modelshop","lastGlobalUpdate":4,"fieldName":"keyNext","dataType":"DATAITEM","calculation":false,"fullNodeName":"modelshop.keyNext","localDependencies":[],"globalDependencies":[],"crossDependencies":[],"qualifiedSafeName":"modelshop.keyNext","codeName":"keyNext","keyName":"modelshop.keyNext","safeName":"modelshop.keyNext","field":{"id":"keyNext","name":"keyNext","dirty":false,"incomplete":false,"initialized":false,"type":"DATAITEM","required":false,"readOnly":false,"allowNull":false,"zeroOnNull":false,"keyField":false,"sorted":false,"indexed":false,"multiIndex":false,"array":false,"arrayUnique":false,"arrayMaxSize":0,"static":false,"abstract":false,"native":false},"id":36},{"nodeId":37,"legendPosition":11,"entityName":"modelshop","lastGlobalUpdate":4,"fieldName":"keyPosition","dataType":"INTEGER","calculation":false,"fullNodeName":"modelshop.keyPosition","localDependencies":[],"globalDependencies":[],"crossDependencies":[],"qualifiedSafeName":"modelshop.keyPosition","codeName":"keyPosition","keyName":"modelshop.keyPosition","safeName":"modelshop.keyPosition","field":{"id":"keyPosition","name":"keyPosition","dirty":false,"incomplete":false,"initialized":false,"type":"INTEGER","required":false,"readOnly":false,"allowNull":false,"zeroOnNull":false,"keyField":false,"sorted":false,"indexed":false,"multiIndex":false,"array":false,"arrayUnique":false,"arrayMaxSize":0,"static":false,"abstract":false,"native":false},"id":37},{"nodeId":38,"legendPosition":12,"entityName":"modelshop","lastGlobalUpdate":4,"fieldName":"keyNavigation","dataType":"ANY","calculation":false,"fullNodeName":"modelshop.keyNavigation","localDependencies":[],"globalDependencies":[],"crossDependencies":[],"qualifiedSafeName":"modelshop.keyNavigation","codeName":"keyNavigation","keyName":"modelshop.keyNavigation","safeName":"modelshop.keyNavigation","field":{"id":"keyNavigation","name":"keyNavigation","dirty":false,"incomplete":false,"initialized":false,"type":"ANY","required":false,"readOnly":false,"allowNull":false,"zeroOnNull":false,"keyField":false,"sorted":false,"indexed":false,"multiIndex":false,"array":false,"arrayUnique":false,"arrayMaxSize":0,"static":false,"abstract":false,"native":false},"id":38},{"nodeId":39,"legendPosition":13,"entityName":"modelshop","lastGlobalUpdate":4,"fieldName":"model","dataType":"DATAITEM","calculation":false,"fullNodeName":"modelshop.model","localDependencies":[],"globalDependencies":[],"crossDependencies":[],"qualifiedSafeName":"modelshop.model","codeName":"model","keyName":"modelshop.model","safeName":"modelshop.model","field":{"id":"model","name":"model","dirty":false,"incomplete":false,"initialized":false,"type":"DATAITEM","required":false,"readOnly":false,"allowNull":false,"zeroOnNull":false,"keyField":false,"sorted":false,"indexed":false,"multiIndex":false,"array":false,"arrayUnique":false,"arrayMaxSize":0,"static":false,"abstract":false,"native":false},"id":39},{"nodeId":40,"legendPosition":14,"entityName":"modelshop","lastGlobalUpdate":4,"fieldName":"domainName=modelshop","dataType":"TEXT","calculation":false,"fullNodeName":"modelshop.domainNameEqualModelshop","localDependencies":[],"globalDependencies":[],"crossDependencies":[],"qualifiedSafeName":"modelshop.domainNameEqualModelshop","codeName":"domainNameEqualModelshop","keyName":"modelshop.domainNameEqualModelshop","safeName":"modelshop.domainNameEqualModelshop","field":{"id":"domainName=modelshop","name":"domainName=modelshop","dirty":false,"incomplete":false,"initialized":false,"type":"TEXT","required":false,"readOnly":false,"allowNull":false,"zeroOnNull":false,"keyField":false,"sorted":false,"indexed":false,"multiIndex":false,"array":false,"arrayUnique":false,"arrayMaxSize":0,"static":false,"abstract":false,"native":false},"id":40},{"nodeId":41,"legendPosition":15,"entityName":"modelshop","lastGlobalUpdate":4,"fieldName":"column2","dataType":"TEXT","calculation":false,"fullNodeName":"modelshop.column2","localDependencies":[],"globalDependencies":[],"crossDependencies":[],"qualifiedSafeName":"modelshop.column2","codeName":"column2","keyName":"modelshop.column2","safeName":"modelshop.column2","field":{"id":"column2","name":"column2","dirty":false,"incomplete":false,"initialized":false,"type":"TEXT","required":false,"readOnly":false,"allowNull":false,"zeroOnNull":false,"keyField":false,"sorted":false,"indexed":false,"multiIndex":false,"array":false,"arrayUnique":false,"arrayMaxSize":0,"static":false,"abstract":false,"native":false},"id":41},{"nodeId":42,"legendPosition":16,"entityName":"modelshop","lastGlobalUpdate":4,"fieldName":"sourceName","dataType":"TEXT","calculation":false,"fullNodeName":"modelshop.sourceName","localDependencies":[],"globalDependencies":[],"crossDependencies":[],"qualifiedSafeName":"modelshop.sourceName","codeName":"sourceName","keyName":"modelshop.sourceName","safeName":"modelshop.sourceName","field":{"id":"sourceName","name":"sourceName","dirty":false,"incomplete":false,"initialized":false,"type":"TEXT","required":false,"readOnly":false,"allowNull":false,"zeroOnNull":false,"keyField":false,"sorted":false,"indexed":false,"multiIndex":false,"array":false,"arrayUnique":false,"arrayMaxSize":0,"static":false,"abstract":false,"native":false},"id":42},{"nodeId":43,"legendPosition":17,"entityName":"modelshop","lastGlobalUpdate":4,"fieldName":"lineNumber","dataType":"INTEGER","calculation":false,"fullNodeName":"modelshop.lineNumber","localDependencies":[],"globalDependencies":[],"crossDependencies":[],"qualifiedSafeName":"modelshop.lineNumber","codeName":"lineNumber","keyName":"modelshop.lineNumber","safeName":"modelshop.lineNumber","field":{"id":"lineNumber","name":"lineNumber","dirty":false,"incomplete":false,"initialized":false,"type":"INTEGER","required":false,"readOnly":false,"allowNull":false,"zeroOnNull":false,"keyField":false,"sorted":false,"indexed":false,"multiIndex":false,"array":false,"arrayUnique":false,"arrayMaxSize":0,"static":false,"abstract":false,"native":false},"id":43},{"nodeId":0,"legendPosition":18,"entityName":"modelshop","fieldName":"view_id_","dataType":"INTEGER","calculation":false,"localDependencies":[],"globalDependencies":[],"crossDependencies":[],"codeName":"view_id_","field":{"id":"view_id_","name":"view_id_","dirty":false,"incomplete":false,"initialized":false,"type":"INTEGER","required":false,"readOnly":false,"allowNull":false,"zeroOnNull":false,"keyField":false,"sorted":false,"indexed":false,"multiIndex":false,"array":false,"arrayUnique":false,"arrayMaxSize":0,"static":false,"abstract":false,"native":false},"id":0},{"nodeId":0,"legendPosition":19,"entityName":"modelshop","fieldName":"view_domainNameEqualModelshop","dataType":"TEXT","calculation":false,"localDependencies":[],"globalDependencies":[],"crossDependencies":[],"codeName":"view_domainNameEqualModelshop","field":{"id":"view_domainNameEqualModelshop","name":"view_domainNameEqualModelshop","dirty":false,"incomplete":false,"initialized":false,"type":"TEXT","required":false,"readOnly":false,"allowNull":false,"zeroOnNull":false,"keyField":false,"sorted":false,"indexed":false,"multiIndex":false,"array":false,"arrayUnique":false,"arrayMaxSize":0,"static":false,"abstract":false,"native":false},"id":0},{"nodeId":0,"legendPosition":20,"entityName":"modelshop","fieldName":"view_column2","dataType":"TEXT","calculation":false,"localDependencies":[],"globalDependencies":[],"crossDependencies":[],"codeName":"view_column2","field":{"id":"view_column2","name":"view_column2","dirty":false,"incomplete":false,"initialized":false,"type":"TEXT","required":false,"readOnly":false,"allowNull":false,"zeroOnNull":false,"keyField":false,"sorted":false,"indexed":false,"multiIndex":false,"array":false,"arrayUnique":false,"arrayMaxSize":0,"static":false,"abstract":false,"native":false},"id":0},{"nodeId":0,"legendPosition":21,"entityName":"modelshop","fieldName":"view_sourceName","dataType":"TEXT","calculation":false,"localDependencies":[],"globalDependencies":[],"crossDependencies":[],"codeName":"view_sourceName","field":{"id":"view_sourceName","name":"view_sourceName","dirty":false,"incomplete":false,"initialized":false,"type":"TEXT","required":false,"readOnly":false,"allowNull":false,"zeroOnNull":false,"keyField":false,"sorted":false,"indexed":false,"multiIndex":false,"array":false,"arrayUnique":false,"arrayMaxSize":0,"static":false,"abstract":false,"native":false},"id":0},{"nodeId":0,"legendPosition":22,"entityName":"modelshop","fieldName":"view_lineNumber","dataType":"INTEGER","calculation":false,"localDependencies":[],"globalDependencies":[],"crossDependencies":[],"codeName":"view_lineNumber","field":{"id":"view_lineNumber","name":"view_lineNumber","dirty":false,"incomplete":false,"initialized":false,"type":"INTEGER","required":false,"readOnly":false,"allowNull":false,"zeroOnNull":false,"keyField":false,"sorted":false,"indexed":false,"multiIndex":false,"array":false,"arrayUnique":false,"arrayMaxSize":0,"static":false,"abstract":false,"native":false},"id":0}],"id":0}
{"configType":"dataitem","entityName":"modelshop-users","numFields":29,"lastUpdate":5,"version":1327121061,"dependencyInfos":[{"nodeId":0,"legendPosition":0,"entityName":"modelshop-users","fieldName":"connector_modelshop_users_CONNECTOR","dataType":"ANY","calculation":false,"localDependencies":[],"globalDependencies":[],"crossDependencies":[],"codeName":"connector_modelshop_users_CONNECTOR","field":{"id":"connector_modelshop_users_CONNECTOR","name":"connector_modelshop_users_CONNECTOR","dirty":false,"incomplete":false,"initialized":false,"type":"ANY","required":false,"readOnly":false,"allowNull":false,"zeroOnNull":false,"keyField":false,"sorted":false,"indexed":false,"multiIndex":false,"array":false,"arrayUnique":false,"arrayMaxSize":0,"static":false,"abstract":false,"native":false},"id":0},{"nodeId":46,"legendPosition":1,"entityName":"modelshop-users","lastGlobalUpdate":5,"fieldName":"id","dataType":"INTEGER","calculation":false,"fullNodeName":"modelshop-users.id","localDependencies":["modelshop-users.lineNumber"],"globalDependencies":[],"crossDependencies":[],"qualifiedSafeName":"modelshop-users.id","codeName":"id","keyName":"modelshop-users.id","safeName":"modelshop-users.id","field":{"id":"id","name":"id","dirty":false,"incomplete":false,"initialized":false,"type":"INTEGER","required":false,"readOnly":false,"allowNull":false,"zeroOnNull":false,"keyField":false,"sorted":false,"indexed":false,"multiIndex":false,"array":false,"arrayUnique":false,"arrayMaxSize":0,"static":false,"abstract":false,"native":false},"id":46},{"nodeId":47,"legendPosition":2,"entityName":"modelshop-users","lastGlobalUpdate":5,"fieldName":"version","dataType":"INTEGER","calculation":false,"fullNodeName":"modelshop-users.version","localDependencies":[],"globalDependencies":[],"crossDependencies":[],"qualifiedSafeName":"modelshop-users.version","codeName":"version","keyName":"modelshop-users.version","safeName":"modelshop-users.version","field":{"id":"version","name":"version","dirty":false,"incomplete":false,"initialized":false,"type":"INTEGER","required":false,"readOnly":false,"allowNull":false,"zeroOnNull":false,"keyField":false,"sorted":false,"indexed":false,"multiIndex":false,"array":false,"arrayUnique":false,"arrayMaxSize":0,"static":false,"abstract":false,"native":false},"id":47},{"nodeId":48,"legendPosition":3,"entityName":"modelshop-users","lastGlobalUpdate":5,"fieldName":"ruleResults","dataType":"RAW","calculation":false,"fullNodeName":"modelshop-users.ruleResults","localDependencies":[],"globalDependencies":[],"crossDependencies":[],"qualifiedSafeName":"modelshop-users.ruleResults","codeName":"ruleResults","keyName":"modelshop-users.ruleResults","safeName":"modelshop-users.ruleResults","field":{"id":"ruleResults","name":"ruleResults","dirty":false,"incomplete":false,"initialized":false,"type":"RAW","required":false,"readOnly":false,"allowNull":false,"zeroOnNull":false,"keyField":false,"sorted":false,"indexed":false,"multiIndex":false,"array":true,"arrayUnique":false,"arrayMaxSize":0,"static":false,"abstract":false,"native":false},"id":48},{"nodeId":49,"legendPosition":4,"entityName":"modelshop-users","lastGlobalUpdate":5,"fieldName":"errors","dataType":"RAW","calculation":false,"fullNodeName":"modelshop-users.errors","localDependencies":[],"globalDependencies":[],"crossDependencies":[],"qualifiedSafeName":"modelshop-users.errors","codeName":"errors","keyName":"modelshop-users.errors","safeName":"modelshop-users.errors","field":{"id":"errors","name":"errors","dirty":false,"incomplete":false,"initialized":false,"type":"RAW","required":false,"readOnly":false,"allowNull":false,"zeroOnNull":false,"keyField":false,"sorted":false,"indexed":false,"multiIndex":false,"array":true,"arrayUnique":false,"arrayMaxSize":0,"static":false,"abstract":false,"native":false},"id":49},{"nodeId":50,"legendPosition":5,"entityName":"modelshop-users","lastGlobalUpdate":5,"fieldName":"name","dataType":"TEXT","calculation":false,"fullNodeName":"modelshop-users.name","localDependencies":[],"globalDependencies":[],"crossDependencies":[],"qualifiedSafeName":"modelshop-users.name","codeName":"name","keyName":"modelshop-users.name","safeName":"modelshop-users.name","field":{"id":"name","name":"name","dirty":false,"incomplete":false,"initialized":false,"type":"TEXT","required":false,"readOnly":false,"allowNull":false,"zeroOnNull":false,"keyField":false,"sorted":false,"indexed":false,"multiIndex":false,"array":false,"arrayUnique":false,"arrayMaxSize":0,"static":false,"abstract":false,"native":false},"id":50},{"nodeId":51,"legendPosition":6,"entityName":"modelshop-users","lastGlobalUpdate":5,"fieldName":"entityName","dataType":"TEXT","calculation":false,"fullNodeName":"modelshop-users.entityName","localDependencies":[],"globalDependencies":[],"crossDependencies":[],"qualifiedSafeName":"modelshop-users.entityName","codeName":"entityName","keyName":"modelshop-users.entityName","safeName":"modelshop-users.entityName","field":{"id":"entityName","name":"entityName","dirty":false,"incomplete":false,"initialized":false,"type":"TEXT","required":false,"readOnly":false,"allowNull":false,"zeroOnNull":false,"keyField":false,"sorted":false,"indexed":false,"multiIndex":false,"array":false,"arrayUnique":false,"arrayMaxSize":0,"static":false,"abstract":false,"native":false},"id":51},{"nodeId":52,"legendPosition":7,"entityName":"modelshop-users","lastGlobalUpdate":5,"fieldName":"key","dataType":"TEXT","calculation":false,"fullNodeName":"modelshop-users.key","localDependencies":[],"globalDependencies":[],"crossDependencies":[],"qualifiedSafeName":"modelshop-users.key","codeName":"key","keyName":"modelshop-users.key","safeName":"modelshop-users.key","field":{"id":"key","name":"key","dirty":false,"incomplete":false,"initialized":false,"type":"TEXT","required":false,"readOnly":false,"allowNull":false,"zeroOnNull":false,"keyField":false,"sorted":false,"indexed":false,"multiIndex":false,"array":false,"arrayUnique":false,"arrayMaxSize":0,"static":false,"abstract":false,"native":false},"id":52},{"nodeId":53,"legendPosition":8,"entityName":"modelshop-users","lastGlobalUpdate":5,"fieldName":"seriesValue","dataType":"ANY","calculation":false,"fullNodeName":"modelshop-users.seriesValue","localDependencies":[],"globalDependencies":[],"crossDependencies":[],"qualifiedSafeName":"modelshop-users.seriesValue","codeName":"seriesValue","keyName":"modelshop-users.seriesValue","safeName":"modelshop-users.seriesValue","field":{"id":"seriesValue","name":"seriesValue","dirty":false,"incomplete":false,"initialized":false,"type":"ANY","required":false,"readOnly":false,"allowNull":false,"zeroOnNull":false,"keyField":false,"sorted":false,"indexed":false,"multiIndex":false,"array":false,"arrayUnique":false,"arrayMaxSize":0,"static":false,"abstract":false,"native":false},"id":53},{"nodeId":54,"legendPosition":9,"entityName":"modelshop-users","lastGlobalUpdate":5,"fieldName":"keyPrior","dataType":"DATAITEM","calculation":false,"fullNodeName":"modelshop-users.keyPrior","localDependencies":[],"globalDependencies":[],"crossDependencies":[],"qualifiedSafeName":"modelshop-users.keyPrior","codeName":"keyPrior","keyName":"modelshop-users.keyPrior","safeName":"modelshop-users.keyPrior","field":{"id":"keyPrior","name":"keyPrior","dirty":false,"incomplete":false,"initialized":false,"type":"DATAITEM","required":false,"readOnly":false,"allowNull":false,"zeroOnNull":false,"keyField":false,"sorted":false,"indexed":false,"multiIndex":false,"array":false,"arrayUnique":false,"arrayMaxSize":0,"static":false,"abstract":false,"native":false},"id":54},{"nodeId":55,"legendPosition":10,"entityName":"modelshop-users","lastGlobalUpdate":5,"fieldName":"keyNext","dataType":"DATAITEM","calculation":false,"fullNodeName":"modelshop-users.keyNext","localDependencies":[],"globalDependencies":[],"crossDependencies":[],"qualifiedSafeName":"modelshop-users.keyNext","codeName":"keyNext","keyName":"modelshop-users.keyNext","safeName":"modelshop-users.keyNext","field":{"id":"keyNext","name":"keyNext","dirty":false,"incomplete":false,"initialized":false,"type":"DATAITEM","required":false,"readOnly":false,"allowNull":false,"zeroOnNull":false,"keyField":false,"sorted":false,"indexed":false,"multiIndex":false,"array":false,"arrayUnique":false,"arrayMaxSize":0,"static":false,"abstract":false,"native":false},"id":55},{"nodeId":56,"legendPosition":11,"entityName":"modelshop-users","lastGlobalUpdate":5,"fieldName":"keyPosition","dataType":"INTEGER","calculation":false,"fullNodeName":"modelshop-users.keyPosition","localDependencies":[],"globalDependencies":[],"crossDependencies":[],"qualifiedSafeName":"modelshop-users.keyPosition","codeName":"keyPosition","keyName":"modelshop-users.keyPosition","safeName":"modelshop-users.keyPosition","field":{"id":"keyPosition","name":"keyPosition","dirty":false,"incomplete":false,"initialized":false,"type":"INTEGER","required":false,"readOnly":false,"allowNull":false,"zeroOnNull":false,"keyField":false,"sorted":false,"indexed":false,"multiIndex":false,"array":false,"arrayUnique":false,"arrayMaxSize":0,"static":false,"abstract":false,"native":false},"id":56},{"nodeId":57,"legendPosition":12,"entityName":"modelshop-users","lastGlobalUpdate":5,"fieldName":"keyNavigation","dataType":"ANY","calculation":false,"fullNodeName":"modelshop-users.keyNavigation","localDependencies":[],"globalDependencies":[],"crossDependencies":[],"qualifiedSafeName":"modelshop-users.keyNavigation","codeName":"keyNavigation","keyName":"modelshop-users.keyNavigation","safeName":"modelshop-users.keyNavigation","field":{"id":"keyNavigation","name":"keyNavigation","dirty":false,"incomplete":false,"initialized":false,"type":"ANY","required":false,"readOnly":false,"allowNull":false,"zeroOnNull":false,"keyField":false,"sorted":false,"indexed":false,"multiIndex":false,"array":false,"arrayUnique":false,"arrayMaxSize":0,"static":false,"abstract":false,"native":false},"id":57},{"nodeId":58,"legendPosition":13,"entityName":"modelshop-users","lastGlobalUpdate":5,"fieldName":"model","dataType":"DATAITEM","calculation":false,"fullNodeName":"modelshop-users.model","localDependencies":[],"globalDependencies":[],"crossDependencies":[],"qualifiedSafeName":"modelshop-users.model","codeName":"model","keyName":"modelshop-users.model","safeName":"modelshop-users.model","field":{"id":"model","name":"model","dirty":false,"incomplete":false,"initialized":false,"type":"DATAITEM","required":false,"readOnly":false,"allowNull":false,"zeroOnNull":false,"keyField":false,"sorted":false,"indexed":false,"multiIndex":false,"array":false,"arrayUnique":false,"arrayMaxSize":0,"static":false,"abstract":false,"native":false},"id":58},{"nodeId":59,"legendPosition":14,"entityName":"modelshop-users","lastGlobalUpdate":5,"fieldName":"#Updates to user info by administrator","dataType":"TEXT","calculation":false,"fullNodeName":"modelshop-users.numUpdatesToUserInfoByAdministrator","localDependencies":[],"globalDependencies":[],"crossDependencies":[],"qualifiedSafeName":"modelshop-users.numUpdatesToUserInfoByAdministrator","codeName":"numUpdatesToUserInfoByAdministrator","keyName":"modelshop-users.numUpdatesToUserInfoByAdministrator","safeName":"modelshop-users.numUpdatesToUserInfoByAdministrator","field":{"id":"#Updates to user info by administrator","name":"#Updates to user info by administrator","dirty":false,"incomplete":false,"initialized":false,"type":"TEXT","required":false,"readOnly":false,"allowNull":false,"zeroOnNull":false,"keyField":false,"sorted":false,"indexed":false,"multiIndex":false,"array":false,"arrayUnique":false,"arrayMaxSize":0,"static":false,"abstract":false,"native":false},"id":59},{"nodeId":60,"legendPosition":15,"entityName":"modelshop-users","lastGlobalUpdate":5,"fieldName":"column2","dataType":"TEXT","calculation":false,"fullNodeName":"modelshop-users.column2","localDependencies":[],"globalDependencies":[],"crossDependencies":[],"qualifiedSafeName":"modelshop-users.column2","codeName":"column2","keyName":"modelshop-users.column2","safeName":"modelshop-users.column2","field":{"id":"column2","name":"column2","dirty":false,"incomplete":false,"initialized":false,"type":"TEXT","required":false,"readOnly":false,"allowNull":false,"zeroOnNull":false,"keyField":false,"sorted":false,"indexed":false,"multiIndex":false,"array":false,"arrayUnique":false,"arrayMaxSize":0,"static":false,"abstract":false,"native":false},"id":60},{"nodeId":61,"legendPosition":16,"entityName":"modelshop-users","lastGlobalUpdate":5,"fieldName":"column3","dataType":"TEXT","calculation":false,"fullNodeName":"modelshop-users.column3","localDependencies":[],"globalDependencies":[],"crossDependencies":[],"qualifiedSafeName":"modelshop-users.column3","codeName":"column3","keyName":"modelshop-users.column3","safeName":"modelshop-users.column3","field":{"id":"column3","name":"column3","dirty":false,"incomplete":false,"initialized":false,"type":"TEXT","required":false,"readOnly":false,"allowNull":false,"zeroOnNull":false,"keyField":false,"sorted":false,"indexed":false,"multiIndex":false,"array":false,"arrayUnique":false,"arrayMaxSize":0,"static":false,"abstract":false,"native":false},"id":61},{"nodeId":62,"legendPosition":17,"entityName":"modelshop-users","lastGlobalUpdate":5,"fieldName":"column4","dataType":"TEXT","calculation":false,"fullNodeName":"modelshop-users.column4","localDependencies":[],"globalDependencies":[],"crossDependencies":[],"qualifiedSafeName":"modelshop-users.column4","codeName":"column4","keyName":"modelshop-users.column4","safeName":"modelshop-users.column4","field":{"id":"column4","name":"column4","dirty":false,"incomplete":false,"initialized":false,"type":"TEXT","required":false,"readOnly":false,"allowNull":false,"zeroOnNull":false,"keyField":false,"sorted":false,"indexed":false,"multiIndex":false,"array":false,"arrayUnique":false,"arrayMaxSize":0,"static":false,"abstract":false,"native":false},"id":62},{"nodeId":63,"legendPosition":18,"entityName":"modelshop-users","lastGlobalUpdate":5,"fieldName":"column5","dataType":"TEXT","calculation":false,"fullNodeName":"modelshop-users.column5","localDependencies":[],"globalDependencies":[],"crossDependencies":[],"qualifiedSafeName":"modelshop-users.column5","codeName":"column5","keyName":"modelshop-users.column5","safeName":"modelshop-users.column5","field":{"id":"column5","name":"column5","dirty":false,"incomplete":false,"initialized":false,"type":"TEXT","required":false,"readOnly":false,"allowNull":false,"zeroOnNull":false,"keyField":false,"sorted":false,"indexed":false,"multiIndex":false,"array":false,"arrayUnique":false,"arrayMaxSize":0,"static":false,"abstract":false,"native":false},"id":63},{"nodeId":64,"legendPosition":19,"entityName":"modelshop-users","lastGlobalUpdate":5,"fieldName":"sourceName","dataType":"TEXT","calculation":false,"fullNodeName":"modelshop-users.sourceName","localDependencies":[],"globalDependencies":[],"crossDependencies":[],"qualifiedSafeName":"modelshop-users.sourceName","codeName":"sourceName","keyName":"modelshop-users.sourceName","safeName":"modelshop-users.sourceName","field":{"id":"sourceName","name":"sourceName","dirty":false,"incomplete":false,"initialized":false,"type":"TEXT","required":false,"readOnly":false,"allowNull":false,"zeroOnNull":false,"keyField":false,"sorted":false,"indexed":false,"multiIndex":false,"array":false,"arrayUnique":false,"arrayMaxSize":0,"static":false,"abstract":false,"native":false},"id":64},{"nodeId":65,"legendPosition":20,"entityName":"modelshop-users","lastGlobalUpdate":5,"fieldName":"lineNumber","dataType":"INTEGER","calculation":false,"fullNodeName":"modelshop-users.lineNumber","localDependencies":[],"globalDependencies":[],"crossDependencies":[],"qualifiedSafeName":"modelshop-users.lineNumber","codeName":"lineNumber","keyName":"modelshop-users.lineNumber","safeName":"modelshop-users.lineNumber","field":{"id":"lineNumber","name":"lineNumber","dirty":false,"incomplete":false,"initialized":false,"type":"INTEGER","required":false,"readOnly":false,"allowNull":false,"zeroOnNull":false,"keyField":false,"sorted":false,"indexed":false,"multiIndex":false,"array":false,"arrayUnique":false,"arrayMaxSize":0,"static":false,"abstract":false,"native":false},"id":65},{"nodeId":0,"legendPosition":21,"entityName":"modelshop-users","fieldName":"view_id_","dataType":"INTEGER","calculation":false,"localDependencies":[],"globalDependencies":[],"crossDependencies":[],"codeName":"view_id_","field":{"id":"view_id_","name":"view_id_","dirty":false,"incomplete":false,"initialized":false,"type":"INTEGER","required":false,"readOnly":false,"allowNull":false,"zeroOnNull":false,"keyField":false,"sorted":false,"indexed":false,"multiIndex":false,"array":false,"arrayUnique":false,"arrayMaxSize":0,"static":false,"abstract":false,"native":false},"id":0},{"nodeId":0,"legendPosition":22,"entityName":"modelshop-users","fieldName":"view_numUpdatesToUserInfoByAdministrator","dataType":"TEXT","calculation":false,"localDependencies":[],"globalDependencies":[],"crossDependencies":[],"codeName":"view_numUpdatesToUserInfoByAdministrator","field":{"id":"view_numUpdatesToUserInfoByAdministrator","name":"view_numUpdatesToUserInfoByAdministrator","dirty":false,"incomplete":false,"initialized":false,"type":"TEXT","required":false,"readOnly":false,"allowNull":false,"zeroOnNull":false,"keyField":false,"sorted":false,"indexed":false,"multiIndex":false,"array":false,"arrayUnique":false,"arrayMaxSize":0,"static":false,"abstract":false,"native":false},"id":0},{"nodeId":0,"legendPosition":23,"entityName":"modelshop-users","fieldName":"view_column2","dataType":"TEXT","calculation":false,"localDependencies":[],"globalDependencies":[],"crossDependencies":[],"codeName":"view_column2","field":{"id":"view_column2","name":"view_column2","dirty":false,"incomplete":false,"initialized":false,"type":"TEXT","required":false,"readOnly":false,"allowNull":false,"zeroOnNull":false,"keyField":false,"sorted":false,"indexed":false,"multiIndex":false,"array":false,"arrayUnique":false,"arrayMaxSize":0,"static":false,"abstract":false,"native":false},"id":0},{"nodeId":0,"legendPosition":24,"entityName":"modelshop-users","fieldName":"view_column3","dataType":"TEXT","calculation":false,"localDependencies":[],"globalDependencies":[],"crossDependencies":[],"codeName":"view_column3","field":{"id":"view_column3","name":"view_column3","dirty":false,"incomplete":false,"initialized":false,"type":"TEXT","required":false,"readOnly":false,"allowNull":false,"zeroOnNull":false,"keyField":false,"sorted":false,"indexed":false,"multiIndex":false,"array":false,"arrayUnique":false,"arrayMaxSize":0,"static":false,"abstract":false,"native":false},"id":0},{"nodeId":0,"legendPosition":25,"entityName":"modelshop-users","fieldName":"view_column4","dataType":"TEXT","calculation":false,"localDependencies":[],"globalDependencies":[],"crossDependencies":[],"codeName":"view_column4","field":{"id":"view_column4","name":"view_column4","dirty":false,"incomplete":false,"initialized":false,"type":"TEXT","required":false,"readOnly":false,"allowNull":false,"zeroOnNull":false,"keyField":false,"sorted":false,"indexed":false,"multiIndex":false,"array":false,"arrayUnique":false,"arrayMaxSize":0,"static":false,"abstract":false,"native":false},"id":0},{"nodeId":0,"legendPosition":26,"entityName":"modelshop-users","fieldName":"view_column5","dataType":"TEXT","calculation":false,"localDependencies":[],"globalDependencies":[],"crossDependencies":[],"codeName":"view_column5","field":{"id":"view_column5","name":"view_column5","dirty":false,"incomplete":false,"initialized":false,"type":"TEXT","required":false,"readOnly":false,"allowNull":false,"zeroOnNull":false,"keyField":false,"sorted":false,"indexed":false,"multiIndex":false,"array":false,"arrayUnique":false,"arrayMaxSize":0,"static":false,"abstract":false,"native":false},"id":0},{"nodeId":0,"legendPosition":27,"entityName":"modelshop-users","fieldName":"view_sourceName","dataType":"TEXT","calculation":false,"localDependencies":[],"globalDependencies":[],"crossDependencies":[],"codeName":"view_sourceName","field":{"id":"view_sourceName","name":"view_sourceName","dirty":false,"incomplete":false,"initialized":false,"type":"TEXT","required":false,"readOnly":false,"allowNull":false,"zeroOnNull":false,"keyField":false,"sorted":false,"indexed":false,"multiIndex":false,"array":false,"arrayUnique":false,"arrayMaxSize":0,"static":false,"abstract":false,"native":false},"id":0},{"nodeId":0,"legendPosition":28,"entityName":"modelshop-users","fieldName":"view_lineNumber","dataType":"INTEGER","calculation":false,"localDependencies":[],"globalDependencies":[],"crossDependencies":[],"codeName":"view_lineNumber","field":{"id":"view_lineNumber","name":"view_lineNumber","dirty":false,"incomplete":false,"initialized":false,"type":"INTEGER","required":false,"readOnly":false,"allowNull":false,"zeroOnNull":false,"keyField":false,"sorted":false,"indexed":false,"multiIndex":false,"array":false,"arrayUnique":false,"arrayMaxSize":0,"static":false,"abstract":false,"native":false},"id":0}],"id":0}
