{"configType":"model","entityName":"dfnodes","numFields":22,"lastUpdate":1715,"version":-2101393269,"dependencyInfos":[{"nodeId":4,"legendPosition":0,"entityName":"dfnodes","lastGlobalUpdate":4,"fieldName":"id","dataType":"INTEGER","calculation":false,"fullNodeName":"dfnodes.id","localDependencies":[],"globalDependencies":[],"crossDependencies":[],"field":{"id":"id","name":"id","dirty":false,"incomplete":false,"initialized":false,"type":"INTEGER","required":false,"readOnly":false,"allowNull":false,"zeroOnNull":false,"keyField":false,"sorted":false,"indexed":false,"multiIndex":false,"array":false,"arrayUnique":false,"arrayMaxSize":0,"native":false,"static":false,"abstract":false},"id":4,"codeName":"id","keyName":"dfnodes.id","safeName":"dfnodes.id","qualifiedSafeName":"dfnodes.id"},{"nodeId":5,"legendPosition":1,"entityName":"dfnodes","lastGlobalUpdate":4,"fieldName":"version","dataType":"INTEGER","calculation":false,"fullNodeName":"dfnodes.version","localDependencies":[],"globalDependencies":[],"crossDependencies":[],"field":{"id":"version","name":"version","dirty":false,"incomplete":false,"initialized":false,"type":"INTEGER","required":false,"readOnly":false,"allowNull":false,"zeroOnNull":false,"keyField":false,"sorted":false,"indexed":false,"multiIndex":false,"array":false,"arrayUnique":false,"arrayMaxSize":0,"native":false,"static":false,"abstract":false},"id":5,"codeName":"version","keyName":"dfnodes.version","safeName":"dfnodes.version","qualifiedSafeName":"dfnodes.version"},{"nodeId":6,"legendPosition":2,"entityName":"dfnodes","lastGlobalUpdate":4,"fieldName":"ruleResults","dataType":"RAW","calculation":true,"fullNodeName":"dfnodes.ruleResults","localDependencies":[],"globalDependencies":[],"crossDependencies":[],"field":{"id":"ruleResults","name":"ruleResults","dirty":false,"incomplete":false,"initialized":false,"type":"RAW","required":false,"readOnly":false,"allowNull":false,"zeroOnNull":false,"keyField":false,"sorted":false,"indexed":false,"multiIndex":false,"array":true,"arrayUnique":false,"arrayMaxSize":0,"native":false,"static":false,"abstract":false},"id":6,"codeName":"ruleResults","keyName":"dfnodes.ruleResults","safeName":"dfnodes.ruleResults","qualifiedSafeName":"dfnodes.ruleResults"},{"nodeId":7,"legendPosition":3,"entityName":"dfnodes","lastGlobalUpdate":4,"fieldName":"errors","dataType":"RAW","calculation":false,"fullNodeName":"dfnodes.errors","localDependencies":[],"globalDependencies":[],"crossDependencies":[],"field":{"id":"errors","name":"errors","dirty":false,"incomplete":false,"initialized":false,"type":"RAW","required":false,"readOnly":false,"allowNull":false,"zeroOnNull":false,"keyField":false,"sorted":false,"indexed":false,"multiIndex":false,"array":true,"arrayUnique":false,"arrayMaxSize":0,"native":false,"static":false,"abstract":false},"id":7,"codeName":"errors","keyName":"dfnodes.errors","safeName":"dfnodes.errors","qualifiedSafeName":"dfnodes.errors"},{"nodeId":8,"legendPosition":4,"entityName":"dfnodes","lastGlobalUpdate":4,"fieldName":"name","dataType":"TEXT","calculation":false,"fullNodeName":"dfnodes.name","localDependencies":[],"globalDependencies":[],"crossDependencies":[],"field":{"id":"name","name":"name","dirty":false,"incomplete":false,"initialized":false,"type":"TEXT","required":false,"readOnly":false,"allowNull":false,"zeroOnNull":false,"keyField":false,"sorted":false,"indexed":false,"multiIndex":false,"array":false,"arrayUnique":false,"arrayMaxSize":0,"native":false,"static":false,"abstract":false},"id":8,"codeName":"name","keyName":"dfnodes.name","safeName":"dfnodes.name","qualifiedSafeName":"dfnodes.name"},{"nodeId":9,"legendPosition":5,"entityName":"dfnodes","lastGlobalUpdate":4,"fieldName":"entityName","dataType":"TEXT","calculation":false,"fullNodeName":"dfnodes.entityName","localDependencies":[],"globalDependencies":[],"crossDependencies":[],"field":{"id":"entityName","name":"entityName","dirty":false,"incomplete":false,"initialized":false,"type":"TEXT","required":false,"readOnly":false,"allowNull":false,"zeroOnNull":false,"keyField":false,"sorted":false,"indexed":false,"multiIndex":false,"array":false,"arrayUnique":false,"arrayMaxSize":0,"native":false,"static":false,"abstract":false},"id":9,"codeName":"entityName","keyName":"dfnodes.entityName","safeName":"dfnodes.entityName","qualifiedSafeName":"dfnodes.entityName"},{"nodeId":10,"legendPosition":6,"entityName":"dfnodes","lastGlobalUpdate":4,"fieldName":"key","dataType":"TEXT","calculation":false,"fullNodeName":"dfnodes.key","localDependencies":[],"globalDependencies":[],"crossDependencies":[],"field":{"id":"key","name":"key","dirty":false,"incomplete":false,"initialized":false,"type":"TEXT","required":false,"readOnly":false,"allowNull":false,"zeroOnNull":false,"keyField":false,"sorted":false,"indexed":false,"multiIndex":false,"array":false,"arrayUnique":false,"arrayMaxSize":0,"native":false,"static":false,"abstract":false},"id":10,"codeName":"key","keyName":"dfnodes.key","safeName":"dfnodes.key","qualifiedSafeName":"dfnodes.key"},{"nodeId":11,"legendPosition":7,"entityName":"dfnodes","lastGlobalUpdate":4,"fieldName":"seriesValue","dataType":"ANY","calculation":false,"fullNodeName":"dfnodes.seriesValue","localDependencies":[],"globalDependencies":[],"crossDependencies":[],"field":{"id":"seriesValue","name":"seriesValue","dirty":false,"incomplete":false,"initialized":false,"type":"ANY","required":false,"readOnly":false,"allowNull":false,"zeroOnNull":false,"keyField":false,"sorted":false,"indexed":false,"multiIndex":false,"array":false,"arrayUnique":false,"arrayMaxSize":0,"native":false,"static":false,"abstract":false},"id":11,"codeName":"seriesValue","keyName":"dfnodes.seriesValue","safeName":"dfnodes.seriesValue","qualifiedSafeName":"dfnodes.seriesValue"},{"nodeId":12,"legendPosition":8,"entityName":"dfnodes","lastGlobalUpdate":4,"fieldName":"keyPrior","dataType":"DATAITEM","calculation":false,"fullNodeName":"dfnodes.keyPrior","localDependencies":[],"globalDependencies":[],"crossDependencies":[],"field":{"id":"keyPrior","name":"keyPrior","dirty":false,"incomplete":false,"initialized":false,"type":"DATAITEM","required":false,"readOnly":false,"allowNull":false,"zeroOnNull":false,"keyField":false,"sorted":false,"indexed":false,"multiIndex":false,"array":false,"arrayUnique":false,"arrayMaxSize":0,"native":false,"static":false,"abstract":false},"id":12,"codeName":"keyPrior","keyName":"dfnodes.keyPrior","safeName":"dfnodes.keyPrior","qualifiedSafeName":"dfnodes.keyPrior"},{"nodeId":13,"legendPosition":9,"entityName":"dfnodes","lastGlobalUpdate":4,"fieldName":"keyNext","dataType":"DATAITEM","calculation":false,"fullNodeName":"dfnodes.keyNext","localDependencies":[],"globalDependencies":[],"crossDependencies":[],"field":{"id":"keyNext","name":"keyNext","dirty":false,"incomplete":false,"initialized":false,"type":"DATAITEM","required":false,"readOnly":false,"allowNull":false,"zeroOnNull":false,"keyField":false,"sorted":false,"indexed":false,"multiIndex":false,"array":false,"arrayUnique":false,"arrayMaxSize":0,"native":false,"static":false,"abstract":false},"id":13,"codeName":"keyNext","keyName":"dfnodes.keyNext","safeName":"dfnodes.keyNext","qualifiedSafeName":"dfnodes.keyNext"},{"nodeId":14,"legendPosition":10,"entityName":"dfnodes","lastGlobalUpdate":4,"fieldName":"keyPosition","dataType":"INTEGER","calculation":false,"fullNodeName":"dfnodes.keyPosition","localDependencies":[],"globalDependencies":[],"crossDependencies":[],"field":{"id":"keyPosition","name":"keyPosition","dirty":false,"incomplete":false,"initialized":false,"type":"INTEGER","required":false,"readOnly":false,"allowNull":false,"zeroOnNull":false,"keyField":false,"sorted":false,"indexed":false,"multiIndex":false,"array":false,"arrayUnique":false,"arrayMaxSize":0,"native":false,"static":false,"abstract":false},"id":14,"codeName":"keyPosition","keyName":"dfnodes.keyPosition","safeName":"dfnodes.keyPosition","qualifiedSafeName":"dfnodes.keyPosition"},{"nodeId":15,"legendPosition":11,"entityName":"dfnodes","lastGlobalUpdate":4,"fieldName":"keyNavigation","dataType":"ANY","calculation":false,"fullNodeName":"dfnodes.keyNavigation","localDependencies":[],"globalDependencies":[],"crossDependencies":[],"field":{"id":"keyNavigation","name":"keyNavigation","dirty":false,"incomplete":false,"initialized":false,"type":"ANY","required":false,"readOnly":false,"allowNull":false,"zeroOnNull":false,"keyField":false,"sorted":false,"indexed":false,"multiIndex":false,"array":false,"arrayUnique":false,"arrayMaxSize":0,"native":false,"static":false,"abstract":false},"id":15,"codeName":"keyNavigation","keyName":"dfnodes.keyNavigation","safeName":"dfnodes.keyNavigation","qualifiedSafeName":"dfnodes.keyNavigation"},{"nodeId":16,"legendPosition":12,"entityName":"dfnodes","lastGlobalUpdate":4,"fieldName":"model","dataType":"DATAITEM","calculation":false,"fullNodeName":"dfnodes.model","localDependencies":[],"globalDependencies":[],"crossDependencies":[],"field":{"id":"model","name":"model","dirty":false,"incomplete":false,"initialized":false,"type":"DATAITEM","required":false,"readOnly":false,"allowNull":false,"zeroOnNull":false,"keyField":false,"sorted":false,"indexed":false,"multiIndex":false,"array":false,"arrayUnique":false,"arrayMaxSize":0,"native":false,"static":false,"abstract":false},"id":16,"codeName":"model","keyName":"dfnodes.model","safeName":"dfnodes.model","qualifiedSafeName":"dfnodes.model"},{"nodeId":0,"legendPosition":13,"entityName":"dfnodes","fieldName":"view_id_","dataType":"INTEGER","calculation":false,"localDependencies":[],"globalDependencies":[],"crossDependencies":[],"field":{"id":"view_id_","name":"view_id_","dirty":false,"incomplete":false,"initialized":false,"type":"INTEGER","required":false,"readOnly":false,"allowNull":false,"zeroOnNull":false,"keyField":false,"sorted":false,"indexed":false,"multiIndex":false,"array":false,"arrayUnique":false,"arrayMaxSize":0,"native":false,"static":false,"abstract":false},"id":0,"codeName":"view_id_"},{"nodeId":0,"legendPosition":14,"entityName":"dfnodes","fieldName":"view_dfnodes","dataType":"ANY","calculation":false,"localDependencies":[],"globalDependencies":[],"crossDependencies":[],"field":{"id":"view_dfnodes","name":"view_dfnodes","dirty":false,"incomplete":false,"initialized":false,"type":"ANY","required":false,"readOnly":false,"allowNull":false,"zeroOnNull":false,"keyField":false,"sorted":false,"indexed":false,"multiIndex":false,"array":false,"arrayUnique":false,"arrayMaxSize":0,"native":false,"static":false,"abstract":false},"id":0,"codeName":"view_dfnodes"},{"nodeId":0,"legendPosition":15,"entityName":"dfnodes","fieldName":"dfnodesSeries","dataType":"ANY","calculation":false,"localDependencies":[],"globalDependencies":[],"crossDependencies":[],"field":{"id":"dfnodesSeries","name":"dfnodesSeries","dirty":false,"incomplete":false,"initialized":false,"type":"ANY","required":false,"readOnly":false,"allowNull":false,"zeroOnNull":false,"keyField":false,"sorted":false,"indexed":false,"multiIndex":false,"array":false,"arrayUnique":false,"arrayMaxSize":0,"native":false,"static":false,"abstract":false},"id":0,"codeName":"dfnodesSeries"},{"nodeId":0,"legendPosition":16,"entityName":"dfnodes","fieldName":"connector_Employees","dataType":"ANY","calculation":false,"localDependencies":[],"globalDependencies":[],"crossDependencies":[],"field":{"id":"connector_Employees","name":"connector_Employees","dirty":false,"incomplete":false,"initialized":false,"type":"ANY","required":false,"readOnly":false,"allowNull":false,"zeroOnNull":false,"keyField":false,"sorted":false,"indexed":false,"multiIndex":false,"array":false,"arrayUnique":false,"arrayMaxSize":0,"native":false,"static":false,"abstract":false},"id":0,"codeName":"connector_Employees"},{"nodeId":0,"legendPosition":17,"entityName":"dfnodes","fieldName":"view_employees","dataType":"ANY","calculation":false,"localDependencies":[],"globalDependencies":[],"crossDependencies":[],"field":{"id":"view_employees","name":"view_employees","dirty":false,"incomplete":false,"initialized":false,"type":"ANY","required":false,"readOnly":false,"allowNull":false,"zeroOnNull":false,"keyField":false,"sorted":false,"indexed":false,"multiIndex":false,"array":false,"arrayUnique":false,"arrayMaxSize":0,"native":false,"static":false,"abstract":false},"id":0,"codeName":"view_employees"},{"nodeId":0,"legendPosition":18,"entityName":"dfnodes","fieldName":"employeesSeries","dataType":"ANY","calculation":false,"localDependencies":[],"globalDependencies":[],"crossDependencies":[],"field":{"id":"employeesSeries","name":"employeesSeries","dirty":false,"incomplete":false,"initialized":false,"type":"ANY","required":false,"readOnly":false,"allowNull":false,"zeroOnNull":false,"keyField":false,"sorted":false,"indexed":false,"multiIndex":false,"array":false,"arrayUnique":false,"arrayMaxSize":0,"native":false,"static":false,"abstract":false},"id":0,"codeName":"employeesSeries"},{"nodeId":67,"legendPosition":19,"entityName":"dfnodes","fieldName":"employeesList","dataType":"DATAITEM","calculation":false,"selectField":"model","fullNodeName":"dfnodes.employeesList","localDependencies":[],"globalDependencies":["dfnodes.view_employees","dfnodes.view_employees"],"crossDependencies":[],"field":{"id":"employeesList","name":"employeesList","dirty":false,"incomplete":false,"initialized":false,"type":"DATAITEM","required":false,"readOnly":false,"allowNull":false,"zeroOnNull":false,"keyField":false,"sorted":false,"indexed":false,"multiIndex":false,"array":true,"arrayUnique":false,"arrayMaxSize":0,"native":false,"static":false,"abstract":false},"id":67,"codeName":"employeesList","keyName":"dfnodes.employeesList","safeName":"dfnodes.employeesList","qualifiedSafeName":"dfnodes.employeesList"},{"nodeId":0,"legendPosition":20,"entityName":"dfnodes","fieldName":"cubepivot_employees_cube","dataType":"ANY","calculation":false,"localDependencies":[],"globalDependencies":[],"crossDependencies":[],"field":{"id":"cubepivot_employees_cube","name":"cubepivot_employees_cube","dirty":false,"incomplete":false,"initialized":false,"type":"ANY","required":false,"readOnly":false,"allowNull":false,"zeroOnNull":false,"keyField":false,"sorted":false,"indexed":false,"multiIndex":false,"array":false,"arrayUnique":false,"arrayMaxSize":0,"native":false,"static":false,"abstract":false},"id":0,"codeName":"cubepivot_employees_cube"},{"nodeId":0,"legendPosition":21,"entityName":"dfnodes","fieldName":"decisionflow_employeesDecisionFlow","dataType":"ANY","calculation":false,"localDependencies":[],"globalDependencies":[],"crossDependencies":[],"field":{"id":"decisionflow_employeesDecisionFlow","name":"decisionflow_employeesDecisionFlow","dirty":false,"incomplete":false,"initialized":false,"type":"ANY","required":false,"readOnly":false,"allowNull":false,"zeroOnNull":false,"keyField":false,"sorted":false,"indexed":false,"multiIndex":false,"array":false,"arrayUnique":false,"arrayMaxSize":0,"native":false,"static":false,"abstract":false},"id":0,"codeName":"decisionflow_employeesDecisionFlow"}],"id":0}
{"configType":"dataitem","entityName":"Employees","numFields":63,"lastUpdate":1583,"version":1618496599,"dependencyInfos":[{"nodeId":0,"legendPosition":0,"entityName":"Employees","fieldName":"connector_employees_CONNECTOR","dataType":"ANY","calculation":false,"localDependencies":[],"globalDependencies":[],"crossDependencies":[],"field":{"id":"connector_employees_CONNECTOR","name":"connector_employees_CONNECTOR","dirty":false,"incomplete":false,"initialized":false,"type":"ANY","required":false,"readOnly":false,"allowNull":false,"zeroOnNull":false,"keyField":false,"sorted":false,"indexed":false,"multiIndex":false,"array":false,"arrayUnique":false,"arrayMaxSize":0,"native":false,"static":false,"abstract":false},"id":0,"codeName":"connector_employees_CONNECTOR"},{"nodeId":26,"legendPosition":1,"entityName":"Employees","fieldName":"id","dataType":"INTEGER","calculation":false,"fullNodeName":"Employees.id","localDependencies":["Employees.lineNumber"],"globalDependencies":[],"crossDependencies":[],"field":{"id":"id","name":"id","dirty":false,"incomplete":false,"initialized":false,"type":"INTEGER","required":false,"readOnly":false,"allowNull":false,"zeroOnNull":false,"keyField":false,"sorted":false,"indexed":false,"multiIndex":false,"array":false,"arrayUnique":false,"arrayMaxSize":0,"native":false,"static":false,"abstract":false},"id":26,"codeName":"id","keyName":"Employees.id","safeName":"Employees.id","qualifiedSafeName":"Employees.id"},{"nodeId":27,"legendPosition":2,"entityName":"Employees","fieldName":"version","dataType":"INTEGER","calculation":false,"fullNodeName":"Employees.version","localDependencies":[],"globalDependencies":[],"crossDependencies":[],"field":{"id":"version","name":"version","dirty":false,"incomplete":false,"initialized":false,"type":"INTEGER","required":false,"readOnly":false,"allowNull":false,"zeroOnNull":false,"keyField":false,"sorted":false,"indexed":false,"multiIndex":false,"array":false,"arrayUnique":false,"arrayMaxSize":0,"native":false,"static":false,"abstract":false},"id":27,"codeName":"version","keyName":"Employees.version","safeName":"Employees.version","qualifiedSafeName":"Employees.version"},{"nodeId":28,"legendPosition":3,"entityName":"Employees","fieldName":"ruleResults","dataType":"RAW","calculation":true,"fullNodeName":"Employees.ruleResults","localDependencies":[],"globalDependencies":[],"crossDependencies":[],"field":{"id":"ruleResults","name":"ruleResults","dirty":false,"incomplete":false,"initialized":false,"type":"RAW","required":false,"readOnly":false,"allowNull":false,"zeroOnNull":false,"keyField":false,"sorted":false,"indexed":false,"multiIndex":false,"array":true,"arrayUnique":false,"arrayMaxSize":0,"native":false,"static":false,"abstract":false},"id":28,"codeName":"ruleResults","keyName":"Employees.ruleResults","safeName":"Employees.ruleResults","qualifiedSafeName":"Employees.ruleResults"},{"nodeId":29,"legendPosition":4,"entityName":"Employees","fieldName":"errors","dataType":"RAW","calculation":false,"fullNodeName":"Employees.errors","localDependencies":[],"globalDependencies":["dfnodes.view_employees","dfnodes.view_employees"],"crossDependencies":[],"field":{"id":"errors","name":"errors","dirty":false,"incomplete":false,"initialized":false,"type":"RAW","required":false,"readOnly":false,"allowNull":false,"zeroOnNull":false,"keyField":false,"sorted":false,"indexed":false,"multiIndex":false,"array":true,"arrayUnique":false,"arrayMaxSize":0,"native":false,"static":false,"abstract":false},"id":29,"codeName":"errors","keyName":"Employees.errors","safeName":"Employees.errors","qualifiedSafeName":"Employees.errors"},{"nodeId":30,"legendPosition":5,"entityName":"Employees","fieldName":"name","dataType":"TEXT","calculation":false,"fullNodeName":"Employees.name","localDependencies":[],"globalDependencies":[],"crossDependencies":[],"field":{"id":"name","name":"name","dirty":false,"incomplete":false,"initialized":false,"type":"TEXT","required":false,"readOnly":false,"allowNull":false,"zeroOnNull":false,"keyField":false,"sorted":false,"indexed":false,"multiIndex":false,"array":false,"arrayUnique":false,"arrayMaxSize":0,"native":false,"static":false,"abstract":false},"id":30,"codeName":"name","keyName":"Employees.name","safeName":"Employees.name","qualifiedSafeName":"Employees.name"},{"nodeId":31,"legendPosition":6,"entityName":"Employees","fieldName":"entityName","dataType":"TEXT","calculation":false,"fullNodeName":"Employees.entityName","localDependencies":[],"globalDependencies":[],"crossDependencies":[],"field":{"id":"entityName","name":"entityName","dirty":false,"incomplete":false,"initialized":false,"type":"TEXT","required":false,"readOnly":false,"allowNull":false,"zeroOnNull":false,"keyField":false,"sorted":false,"indexed":false,"multiIndex":false,"array":false,"arrayUnique":false,"arrayMaxSize":0,"native":false,"static":false,"abstract":false},"id":31,"codeName":"entityName","keyName":"Employees.entityName","safeName":"Employees.entityName","qualifiedSafeName":"Employees.entityName"},{"nodeId":32,"legendPosition":7,"entityName":"Employees","fieldName":"key","dataType":"TEXT","calculation":false,"fullNodeName":"Employees.key","localDependencies":[],"globalDependencies":[],"crossDependencies":[],"field":{"id":"key","name":"key","dirty":false,"incomplete":false,"initialized":false,"type":"TEXT","required":false,"readOnly":false,"allowNull":false,"zeroOnNull":false,"keyField":false,"sorted":false,"indexed":false,"multiIndex":false,"array":false,"arrayUnique":false,"arrayMaxSize":0,"native":false,"static":false,"abstract":false},"id":32,"codeName":"key","keyName":"Employees.key","safeName":"Employees.key","qualifiedSafeName":"Employees.key"},{"nodeId":33,"legendPosition":8,"entityName":"Employees","fieldName":"seriesValue","dataType":"ANY","calculation":false,"fullNodeName":"Employees.seriesValue","localDependencies":[],"globalDependencies":[],"crossDependencies":[],"field":{"id":"seriesValue","name":"seriesValue","dirty":false,"incomplete":false,"initialized":false,"type":"ANY","required":false,"readOnly":false,"allowNull":false,"zeroOnNull":false,"keyField":false,"sorted":false,"indexed":false,"multiIndex":false,"array":false,"arrayUnique":false,"arrayMaxSize":0,"native":false,"static":false,"abstract":false},"id":33,"codeName":"seriesValue","keyName":"Employees.seriesValue","safeName":"Employees.seriesValue","qualifiedSafeName":"Employees.seriesValue"},{"nodeId":34,"legendPosition":9,"entityName":"Employees","fieldName":"keyPrior","dataType":"DATAITEM","calculation":false,"fullNodeName":"Employees.keyPrior","localDependencies":[],"globalDependencies":[],"crossDependencies":[],"field":{"id":"keyPrior","name":"keyPrior","dirty":false,"incomplete":false,"initialized":false,"type":"DATAITEM","required":false,"readOnly":false,"allowNull":false,"zeroOnNull":false,"keyField":false,"sorted":false,"indexed":false,"multiIndex":false,"array":false,"arrayUnique":false,"arrayMaxSize":0,"native":false,"static":false,"abstract":false},"id":34,"codeName":"keyPrior","keyName":"Employees.keyPrior","safeName":"Employees.keyPrior","qualifiedSafeName":"Employees.keyPrior"},{"nodeId":35,"legendPosition":10,"entityName":"Employees","fieldName":"keyNext","dataType":"DATAITEM","calculation":false,"fullNodeName":"Employees.keyNext","localDependencies":[],"globalDependencies":[],"crossDependencies":[],"field":{"id":"keyNext","name":"keyNext","dirty":false,"incomplete":false,"initialized":false,"type":"DATAITEM","required":false,"readOnly":false,"allowNull":false,"zeroOnNull":false,"keyField":false,"sorted":false,"indexed":false,"multiIndex":false,"array":false,"arrayUnique":false,"arrayMaxSize":0,"native":false,"static":false,"abstract":false},"id":35,"codeName":"keyNext","keyName":"Employees.keyNext","safeName":"Employees.keyNext","qualifiedSafeName":"Employees.keyNext"},{"nodeId":36,"legendPosition":11,"entityName":"Employees","fieldName":"keyPosition","dataType":"INTEGER","calculation":false,"fullNodeName":"Employees.keyPosition","localDependencies":[],"globalDependencies":[],"crossDependencies":[],"field":{"id":"keyPosition","name":"keyPosition","dirty":false,"incomplete":false,"initialized":false,"type":"INTEGER","required":false,"readOnly":false,"allowNull":false,"zeroOnNull":false,"keyField":false,"sorted":false,"indexed":false,"multiIndex":false,"array":false,"arrayUnique":false,"arrayMaxSize":0,"native":false,"static":false,"abstract":false},"id":36,"codeName":"keyPosition","keyName":"Employees.keyPosition","safeName":"Employees.keyPosition","qualifiedSafeName":"Employees.keyPosition"},{"nodeId":37,"legendPosition":12,"entityName":"Employees","fieldName":"keyNavigation","dataType":"ANY","calculation":false,"fullNodeName":"Employees.keyNavigation","localDependencies":[],"globalDependencies":[],"crossDependencies":[],"field":{"id":"keyNavigation","name":"keyNavigation","dirty":false,"incomplete":false,"initialized":false,"type":"ANY","required":false,"readOnly":false,"allowNull":false,"zeroOnNull":false,"keyField":false,"sorted":false,"indexed":false,"multiIndex":false,"array":false,"arrayUnique":false,"arrayMaxSize":0,"native":false,"static":false,"abstract":false},"id":37,"codeName":"keyNavigation","keyName":"Employees.keyNavigation","safeName":"Employees.keyNavigation","qualifiedSafeName":"Employees.keyNavigation"},{"nodeId":38,"legendPosition":13,"entityName":"Employees","fieldName":"model","dataType":"DATAITEM","calculation":false,"fullNodeName":"Employees.model","localDependencies":[],"globalDependencies":[],"crossDependencies":[],"field":{"id":"model","name":"model","dirty":false,"incomplete":false,"initialized":false,"type":"DATAITEM","required":false,"readOnly":false,"allowNull":false,"zeroOnNull":false,"keyField":false,"sorted":false,"indexed":false,"multiIndex":false,"array":false,"arrayUnique":false,"arrayMaxSize":0,"native":false,"static":false,"abstract":false},"id":38,"codeName":"model","keyName":"Employees.model","safeName":"Employees.model","qualifiedSafeName":"Employees.model"},{"nodeId":0,"legendPosition":14,"entityName":"Employees","fieldName":"view_id_","dataType":"INTEGER","calculation":false,"localDependencies":[],"globalDependencies":[],"crossDependencies":[],"field":{"id":"view_id_","name":"view_id_","dirty":false,"incomplete":false,"initialized":false,"type":"INTEGER","required":false,"readOnly":false,"allowNull":false,"zeroOnNull":false,"keyField":false,"sorted":false,"indexed":false,"multiIndex":false,"array":false,"arrayUnique":false,"arrayMaxSize":0,"native":false,"static":false,"abstract":false},"id":0,"codeName":"view_id_"},{"nodeId":48,"legendPosition":15,"entityName":"Employees","fieldName":"Last Name","dataType":"TEXT","calculation":false,"fullNodeName":"Employees.lastName","localDependencies":[],"globalDependencies":["dfnodes.view_employees"],"crossDependencies":[],"field":{"id":"Last Name","name":"Last Name","dirty":false,"incomplete":false,"initialized":false,"type":"TEXT","required":false,"readOnly":false,"allowNull":false,"zeroOnNull":false,"keyField":false,"sorted":false,"indexed":false,"multiIndex":false,"array":false,"arrayUnique":false,"arrayMaxSize":0,"native":false,"static":false,"abstract":false},"id":48,"codeName":"lastName","keyName":"Employees.lastName","safeName":"Employees.lastName","qualifiedSafeName":"Employees.lastName"},{"nodeId":49,"legendPosition":16,"entityName":"Employees","fieldName":"First Name","dataType":"TEXT","calculation":false,"fullNodeName":"Employees.firstName","localDependencies":[],"globalDependencies":["dfnodes.view_employees"],"crossDependencies":[],"field":{"id":"First Name","name":"First Name","dirty":false,"incomplete":false,"initialized":false,"type":"TEXT","required":false,"readOnly":false,"allowNull":false,"zeroOnNull":false,"keyField":false,"sorted":false,"indexed":false,"multiIndex":false,"array":false,"arrayUnique":false,"arrayMaxSize":0,"native":false,"static":false,"abstract":false},"id":49,"codeName":"firstName","keyName":"Employees.firstName","safeName":"Employees.firstName","qualifiedSafeName":"Employees.firstName"},{"nodeId":50,"legendPosition":17,"entityName":"Employees","fieldName":"Title","dataType":"TEXT","calculation":false,"fullNodeName":"Employees.title","localDependencies":[],"globalDependencies":["dfnodes.view_employees"],"crossDependencies":[],"field":{"id":"Title","name":"Title","dirty":false,"incomplete":false,"initialized":false,"type":"TEXT","required":false,"readOnly":false,"allowNull":false,"zeroOnNull":false,"keyField":false,"sorted":false,"indexed":false,"multiIndex":false,"array":false,"arrayUnique":false,"arrayMaxSize":0,"native":false,"static":false,"abstract":false},"id":50,"codeName":"title","keyName":"Employees.title","safeName":"Employees.title","qualifiedSafeName":"Employees.title"},{"nodeId":51,"legendPosition":18,"entityName":"Employees","fieldName":"DeptCode","dataType":"INTEGER","calculation":false,"fullNodeName":"Employees.deptCode","localDependencies":[],"globalDependencies":["dfnodes.view_employees"],"crossDependencies":[],"field":{"id":"DeptCode","name":"DeptCode","dirty":false,"incomplete":false,"initialized":false,"type":"INTEGER","required":false,"readOnly":false,"allowNull":false,"zeroOnNull":false,"keyField":false,"sorted":false,"indexed":false,"multiIndex":false,"array":false,"arrayUnique":false,"arrayMaxSize":0,"native":false,"static":false,"abstract":false},"id":51,"codeName":"deptCode","keyName":"Employees.deptCode","safeName":"Employees.deptCode","qualifiedSafeName":"Employees.deptCode"},{"nodeId":52,"legendPosition":19,"entityName":"Employees","fieldName":"HireDate","dataType":"DATE","calculation":false,"fullNodeName":"Employees.hireDate","localDependencies":[],"globalDependencies":["dfnodes.view_employees"],"crossDependencies":[],"field":{"id":"HireDate","name":"HireDate","dirty":false,"incomplete":false,"initialized":false,"type":"DATE","required":false,"readOnly":false,"allowNull":false,"zeroOnNull":false,"keyField":false,"sorted":false,"indexed":false,"multiIndex":false,"array":false,"arrayUnique":false,"arrayMaxSize":0,"native":false,"static":false,"abstract":false},"id":52,"codeName":"hireDate","keyName":"Employees.hireDate","safeName":"Employees.hireDate","qualifiedSafeName":"Employees.hireDate"},{"nodeId":53,"legendPosition":20,"entityName":"Employees","fieldName":"Department Name","dataType":"TEXT","calculation":false,"fullNodeName":"Employees.departmentName","localDependencies":[],"globalDependencies":["dfnodes.view_employees"],"crossDependencies":[],"field":{"id":"Department Name","name":"Department Name","dirty":false,"incomplete":false,"initialized":false,"type":"TEXT","required":false,"readOnly":false,"allowNull":false,"zeroOnNull":false,"keyField":false,"sorted":false,"indexed":false,"multiIndex":false,"array":false,"arrayUnique":false,"arrayMaxSize":0,"native":false,"static":false,"abstract":false},"id":53,"codeName":"departmentName","keyName":"Employees.departmentName","safeName":"Employees.departmentName","qualifiedSafeName":"Employees.departmentName"},{"nodeId":54,"legendPosition":21,"entityName":"Employees","fieldName":"Salary","dataType":"CURRENCY","calculation":false,"fullNodeName":"Employees.salary","localDependencies":["Employees.decisionflow_determineSalary","Employees.decisionflow_determineSalary","Employees.decisionflow_determineSalary","Employees.decisionflow_determineSalary","Employees.decisionflow_determineSalary","Employees.decisionflow_determineSalary","Employees.decisionflow_determineSalary","Employees.decisionflow_determineSalary","Employees.decisionflow_determineSalary","Employees.decisionflow_determineSalary","Employees.decisionflow_determineSalary","Employees.decisionflow_determineSalary","Employees.decisionflow_determineSalary","Employees.decisionflow_determineSalary"],"globalDependencies":["dfnodes.view_employees"],"crossDependencies":[],"field":{"id":"Salary","name":"Salary","dirty":false,"incomplete":false,"initialized":false,"type":"CURRENCY","required":false,"readOnly":false,"allowNull":false,"zeroOnNull":false,"keyField":false,"sorted":false,"indexed":false,"multiIndex":false,"array":false,"arrayUnique":false,"arrayMaxSize":0,"native":false,"static":false,"abstract":false},"id":54,"codeName":"salary","keyName":"Employees.salary","safeName":"Employees.salary","qualifiedSafeName":"Employees.salary"},{"nodeId":55,"legendPosition":22,"entityName":"Employees","fieldName":"Phone","dataType":"TEXT","calculation":false,"fullNodeName":"Employees.phone","localDependencies":[],"globalDependencies":["dfnodes.view_employees"],"crossDependencies":[],"field":{"id":"Phone","name":"Phone","dirty":false,"incomplete":false,"initialized":false,"type":"TEXT","required":false,"readOnly":false,"allowNull":false,"zeroOnNull":false,"keyField":false,"sorted":false,"indexed":false,"multiIndex":false,"array":false,"arrayUnique":false,"arrayMaxSize":0,"native":false,"static":false,"abstract":false},"id":55,"codeName":"phone","keyName":"Employees.phone","safeName":"Employees.phone","qualifiedSafeName":"Employees.phone"},{"nodeId":56,"legendPosition":23,"entityName":"Employees","fieldName":"eMail","dataType":"TEXT","calculation":false,"fullNodeName":"Employees.eMail","localDependencies":[],"globalDependencies":["dfnodes.view_employees"],"crossDependencies":[],"field":{"id":"eMail","name":"eMail","dirty":false,"incomplete":false,"initialized":false,"type":"TEXT","required":false,"readOnly":false,"allowNull":false,"zeroOnNull":false,"keyField":false,"sorted":false,"indexed":false,"multiIndex":false,"array":false,"arrayUnique":false,"arrayMaxSize":0,"native":false,"static":false,"abstract":false},"id":56,"codeName":"eMail","keyName":"Employees.eMail","safeName":"Employees.eMail","qualifiedSafeName":"Employees.eMail"},{"nodeId":57,"legendPosition":24,"entityName":"Employees","fieldName":"Department","dataType":"TEXT","calculation":false,"fullNodeName":"Employees.department","localDependencies":[],"globalDependencies":["dfnodes.view_employees"],"crossDependencies":[],"field":{"id":"Department","name":"Department","dirty":false,"incomplete":false,"initialized":false,"type":"TEXT","required":false,"readOnly":false,"allowNull":false,"zeroOnNull":false,"keyField":false,"sorted":false,"indexed":false,"multiIndex":false,"array":false,"arrayUnique":false,"arrayMaxSize":0,"native":false,"static":false,"abstract":false},"id":57,"codeName":"department","keyName":"Employees.department","safeName":"Employees.department","qualifiedSafeName":"Employees.department"},{"nodeId":58,"legendPosition":25,"entityName":"Employees","fieldName":"Manager","dataType":"TEXT","calculation":false,"fullNodeName":"Employees.manager","localDependencies":[],"globalDependencies":["dfnodes.view_employees"],"crossDependencies":[],"field":{"id":"Manager","name":"Manager","dirty":false,"incomplete":false,"initialized":false,"type":"TEXT","required":false,"readOnly":false,"allowNull":false,"zeroOnNull":false,"keyField":false,"sorted":false,"indexed":false,"multiIndex":false,"array":false,"arrayUnique":false,"arrayMaxSize":0,"native":false,"static":false,"abstract":false},"id":58,"codeName":"manager","keyName":"Employees.manager","safeName":"Employees.manager","qualifiedSafeName":"Employees.manager"},{"nodeId":59,"legendPosition":26,"entityName":"Employees","fieldName":"Full Name","dataType":"TEXT","calculation":false,"fullNodeName":"Employees.fullName","localDependencies":[],"globalDependencies":["dfnodes.view_employees"],"crossDependencies":[],"field":{"id":"Full Name","name":"Full Name","dirty":false,"incomplete":false,"initialized":false,"type":"TEXT","required":false,"readOnly":false,"allowNull":false,"zeroOnNull":false,"keyField":false,"sorted":false,"indexed":false,"multiIndex":false,"array":false,"arrayUnique":false,"arrayMaxSize":0,"native":false,"static":false,"abstract":false},"id":59,"codeName":"fullName","keyName":"Employees.fullName","safeName":"Employees.fullName","qualifiedSafeName":"Employees.fullName"},{"nodeId":60,"legendPosition":27,"entityName":"Employees","fieldName":"YearsTenure","dataType":"FLOAT","calculation":false,"fullNodeName":"Employees.yearsTenure","localDependencies":[],"globalDependencies":["dfnodes.view_employees"],"crossDependencies":[],"field":{"id":"YearsTenure","name":"YearsTenure","dirty":false,"incomplete":false,"initialized":false,"type":"FLOAT","required":false,"readOnly":false,"allowNull":false,"zeroOnNull":false,"keyField":false,"sorted":false,"indexed":false,"multiIndex":false,"array":false,"arrayUnique":false,"arrayMaxSize":0,"native":false,"static":false,"abstract":false},"id":60,"codeName":"yearsTenure","keyName":"Employees.yearsTenure","safeName":"Employees.yearsTenure","qualifiedSafeName":"Employees.yearsTenure"},{"nodeId":61,"legendPosition":28,"entityName":"Employees","fieldName":"<5","dataType":"FLOAT","calculation":false,"fullNodeName":"Employees.less5","localDependencies":[],"globalDependencies":["dfnodes.view_employees"],"crossDependencies":[],"field":{"id":"<5","name":"<5","dirty":false,"incomplete":false,"initialized":false,"type":"FLOAT","required":false,"readOnly":false,"allowNull":false,"zeroOnNull":false,"keyField":false,"sorted":false,"indexed":false,"multiIndex":false,"array":false,"arrayUnique":false,"arrayMaxSize":0,"native":false,"static":false,"abstract":false},"id":61,"codeName":"less5","keyName":"Employees.less5","safeName":"Employees.less5","qualifiedSafeName":"Employees.less5"},{"nodeId":62,"legendPosition":29,"entityName":"Employees","fieldName":"5 to 10","dataType":"FLOAT","calculation":false,"fullNodeName":"Employees.n5To10","localDependencies":[],"globalDependencies":["dfnodes.view_employees"],"crossDependencies":[],"field":{"id":"5 to 10","name":"5 to 10","dirty":false,"incomplete":false,"initialized":false,"type":"FLOAT","required":false,"readOnly":false,"allowNull":false,"zeroOnNull":false,"keyField":false,"sorted":false,"indexed":false,"multiIndex":false,"array":false,"arrayUnique":false,"arrayMaxSize":0,"native":false,"static":false,"abstract":false},"id":62,"codeName":"n5To10","keyName":"Employees.n5To10","safeName":"Employees.n5To10","qualifiedSafeName":"Employees.n5To10"},{"nodeId":63,"legendPosition":30,"entityName":"Employees","fieldName":">10","dataType":"FLOAT","calculation":false,"fullNodeName":"Employees.greater10","localDependencies":[],"globalDependencies":["dfnodes.view_employees"],"crossDependencies":[],"field":{"id":">10","name":">10","dirty":false,"incomplete":false,"initialized":false,"type":"FLOAT","required":false,"readOnly":false,"allowNull":false,"zeroOnNull":false,"keyField":false,"sorted":false,"indexed":false,"multiIndex":false,"array":false,"arrayUnique":false,"arrayMaxSize":0,"native":false,"static":false,"abstract":false},"id":63,"codeName":"greater10","keyName":"Employees.greater10","safeName":"Employees.greater10","qualifiedSafeName":"Employees.greater10"},{"nodeId":64,"legendPosition":31,"entityName":"Employees","fieldName":"Salary Bin","dataType":"CURRENCY","calculation":false,"fullNodeName":"Employees.salaryBin","localDependencies":[],"globalDependencies":["dfnodes.view_employees"],"crossDependencies":[],"field":{"id":"Salary Bin","name":"Salary Bin","dirty":false,"incomplete":false,"initialized":false,"type":"CURRENCY","required":false,"readOnly":false,"allowNull":false,"zeroOnNull":false,"keyField":false,"sorted":false,"indexed":false,"multiIndex":false,"array":false,"arrayUnique":false,"arrayMaxSize":0,"native":false,"static":false,"abstract":false},"id":64,"codeName":"salaryBin","keyName":"Employees.salaryBin","safeName":"Employees.salaryBin","qualifiedSafeName":"Employees.salaryBin"},{"nodeId":65,"legendPosition":32,"entityName":"Employees","fieldName":"sourceName","dataType":"TEXT","calculation":false,"fullNodeName":"Employees.sourceName","localDependencies":[],"globalDependencies":["dfnodes.view_employees"],"crossDependencies":[],"field":{"id":"sourceName","name":"sourceName","dirty":false,"incomplete":false,"initialized":false,"type":"TEXT","required":false,"readOnly":false,"allowNull":false,"zeroOnNull":false,"keyField":false,"sorted":false,"indexed":false,"multiIndex":false,"array":false,"arrayUnique":false,"arrayMaxSize":0,"native":false,"static":false,"abstract":false},"id":65,"codeName":"sourceName","keyName":"Employees.sourceName","safeName":"Employees.sourceName","qualifiedSafeName":"Employees.sourceName"},{"nodeId":66,"legendPosition":33,"entityName":"Employees","fieldName":"lineNumber","dataType":"INTEGER","calculation":false,"fullNodeName":"Employees.lineNumber","localDependencies":[],"globalDependencies":["dfnodes.view_employees"],"crossDependencies":[],"field":{"id":"lineNumber","name":"lineNumber","dirty":false,"incomplete":false,"initialized":false,"type":"INTEGER","required":false,"readOnly":false,"allowNull":false,"zeroOnNull":false,"keyField":false,"sorted":false,"indexed":false,"multiIndex":false,"array":false,"arrayUnique":false,"arrayMaxSize":0,"native":false,"static":false,"abstract":false},"id":66,"codeName":"lineNumber","keyName":"Employees.lineNumber","safeName":"Employees.lineNumber","qualifiedSafeName":"Employees.lineNumber"},{"nodeId":0,"legendPosition":34,"entityName":"Employees","fieldName":"view_lastName","dataType":"TEXT","calculation":false,"localDependencies":[],"globalDependencies":[],"crossDependencies":[],"field":{"id":"view_lastName","name":"view_lastName","dirty":false,"incomplete":false,"initialized":false,"type":"TEXT","required":false,"readOnly":false,"allowNull":false,"zeroOnNull":false,"keyField":false,"sorted":false,"indexed":false,"multiIndex":false,"array":false,"arrayUnique":false,"arrayMaxSize":0,"native":false,"static":false,"abstract":false},"id":0,"codeName":"view_lastName"},{"nodeId":0,"legendPosition":35,"entityName":"Employees","fieldName":"view_firstName","dataType":"TEXT","calculation":false,"localDependencies":[],"globalDependencies":[],"crossDependencies":[],"field":{"id":"view_firstName","name":"view_firstName","dirty":false,"incomplete":false,"initialized":false,"type":"TEXT","required":false,"readOnly":false,"allowNull":false,"zeroOnNull":false,"keyField":false,"sorted":false,"indexed":false,"multiIndex":false,"array":false,"arrayUnique":false,"arrayMaxSize":0,"native":false,"static":false,"abstract":false},"id":0,"codeName":"view_firstName"},{"nodeId":0,"legendPosition":36,"entityName":"Employees","fieldName":"view_title","dataType":"TEXT","calculation":false,"localDependencies":[],"globalDependencies":[],"crossDependencies":[],"field":{"id":"view_title","name":"view_title","dirty":false,"incomplete":false,"initialized":false,"type":"TEXT","required":false,"readOnly":false,"allowNull":false,"zeroOnNull":false,"keyField":false,"sorted":false,"indexed":false,"multiIndex":false,"array":false,"arrayUnique":false,"arrayMaxSize":0,"native":false,"static":false,"abstract":false},"id":0,"codeName":"view_title"},{"nodeId":0,"legendPosition":37,"entityName":"Employees","fieldName":"view_deptCode","dataType":"INTEGER","calculation":false,"localDependencies":[],"globalDependencies":[],"crossDependencies":[],"field":{"id":"view_deptCode","name":"view_deptCode","dirty":false,"incomplete":false,"initialized":false,"type":"INTEGER","required":false,"readOnly":false,"allowNull":false,"zeroOnNull":false,"keyField":false,"sorted":false,"indexed":false,"multiIndex":false,"array":false,"arrayUnique":false,"arrayMaxSize":0,"native":false,"static":false,"abstract":false},"id":0,"codeName":"view_deptCode"},{"nodeId":0,"legendPosition":38,"entityName":"Employees","fieldName":"view_hireDate","dataType":"DATE","calculation":false,"localDependencies":[],"globalDependencies":[],"crossDependencies":[],"field":{"id":"view_hireDate","name":"view_hireDate","dirty":false,"incomplete":false,"initialized":false,"type":"DATE","required":false,"readOnly":false,"allowNull":false,"zeroOnNull":false,"keyField":false,"sorted":false,"indexed":false,"multiIndex":false,"array":false,"arrayUnique":false,"arrayMaxSize":0,"native":false,"static":false,"abstract":false},"id":0,"codeName":"view_hireDate"},{"nodeId":0,"legendPosition":39,"entityName":"Employees","fieldName":"view_departmentName","dataType":"TEXT","calculation":false,"localDependencies":[],"globalDependencies":[],"crossDependencies":[],"field":{"id":"view_departmentName","name":"view_departmentName","dirty":false,"incomplete":false,"initialized":false,"type":"TEXT","required":false,"readOnly":false,"allowNull":false,"zeroOnNull":false,"keyField":false,"sorted":false,"indexed":false,"multiIndex":false,"array":false,"arrayUnique":false,"arrayMaxSize":0,"native":false,"static":false,"abstract":false},"id":0,"codeName":"view_departmentName"},{"nodeId":0,"legendPosition":40,"entityName":"Employees","fieldName":"view_salary","dataType":"CURRENCY","calculation":false,"localDependencies":[],"globalDependencies":[],"crossDependencies":[],"field":{"id":"view_salary","name":"view_salary","dirty":false,"incomplete":false,"initialized":false,"type":"CURRENCY","required":false,"readOnly":false,"allowNull":false,"zeroOnNull":false,"keyField":false,"sorted":false,"indexed":false,"multiIndex":false,"array":false,"arrayUnique":false,"arrayMaxSize":0,"native":false,"static":false,"abstract":false},"id":0,"codeName":"view_salary"},{"nodeId":0,"legendPosition":41,"entityName":"Employees","fieldName":"view_phone","dataType":"TEXT","calculation":false,"localDependencies":[],"globalDependencies":[],"crossDependencies":[],"field":{"id":"view_phone","name":"view_phone","dirty":false,"incomplete":false,"initialized":false,"type":"TEXT","required":false,"readOnly":false,"allowNull":false,"zeroOnNull":false,"keyField":false,"sorted":false,"indexed":false,"multiIndex":false,"array":false,"arrayUnique":false,"arrayMaxSize":0,"native":false,"static":false,"abstract":false},"id":0,"codeName":"view_phone"},{"nodeId":0,"legendPosition":42,"entityName":"Employees","fieldName":"view_eMail","dataType":"TEXT","calculation":false,"localDependencies":[],"globalDependencies":[],"crossDependencies":[],"field":{"id":"view_eMail","name":"view_eMail","dirty":false,"incomplete":false,"initialized":false,"type":"TEXT","required":false,"readOnly":false,"allowNull":false,"zeroOnNull":false,"keyField":false,"sorted":false,"indexed":false,"multiIndex":false,"array":false,"arrayUnique":false,"arrayMaxSize":0,"native":false,"static":false,"abstract":false},"id":0,"codeName":"view_eMail"},{"nodeId":0,"legendPosition":43,"entityName":"Employees","fieldName":"view_department","dataType":"TEXT","calculation":false,"localDependencies":[],"globalDependencies":[],"crossDependencies":[],"field":{"id":"view_department","name":"view_department","dirty":false,"incomplete":false,"initialized":false,"type":"TEXT","required":false,"readOnly":false,"allowNull":false,"zeroOnNull":false,"keyField":false,"sorted":false,"indexed":false,"multiIndex":false,"array":false,"arrayUnique":false,"arrayMaxSize":0,"native":false,"static":false,"abstract":false},"id":0,"codeName":"view_department"},{"nodeId":0,"legendPosition":44,"entityName":"Employees","fieldName":"view_manager","dataType":"TEXT","calculation":false,"localDependencies":[],"globalDependencies":[],"crossDependencies":[],"field":{"id":"view_manager","name":"view_manager","dirty":false,"incomplete":false,"initialized":false,"type":"TEXT","required":false,"readOnly":false,"allowNull":false,"zeroOnNull":false,"keyField":false,"sorted":false,"indexed":false,"multiIndex":false,"array":false,"arrayUnique":false,"arrayMaxSize":0,"native":false,"static":false,"abstract":false},"id":0,"codeName":"view_manager"},{"nodeId":0,"legendPosition":45,"entityName":"Employees","fieldName":"view_fullName","dataType":"TEXT","calculation":false,"localDependencies":[],"globalDependencies":[],"crossDependencies":[],"field":{"id":"view_fullName","name":"view_fullName","dirty":false,"incomplete":false,"initialized":false,"type":"TEXT","required":false,"readOnly":false,"allowNull":false,"zeroOnNull":false,"keyField":false,"sorted":false,"indexed":false,"multiIndex":false,"array":false,"arrayUnique":false,"arrayMaxSize":0,"native":false,"static":false,"abstract":false},"id":0,"codeName":"view_fullName"},{"nodeId":0,"legendPosition":46,"entityName":"Employees","fieldName":"view_yearsTenure","dataType":"FLOAT","calculation":false,"localDependencies":[],"globalDependencies":[],"crossDependencies":[],"field":{"id":"view_yearsTenure","name":"view_yearsTenure","dirty":false,"incomplete":false,"initialized":false,"type":"FLOAT","required":false,"readOnly":false,"allowNull":false,"zeroOnNull":false,"keyField":false,"sorted":false,"indexed":false,"multiIndex":false,"array":false,"arrayUnique":false,"arrayMaxSize":0,"native":false,"static":false,"abstract":false},"id":0,"codeName":"view_yearsTenure"},{"nodeId":0,"legendPosition":47,"entityName":"Employees","fieldName":"view_less5","dataType":"FLOAT","calculation":false,"localDependencies":[],"globalDependencies":[],"crossDependencies":[],"field":{"id":"view_less5","name":"view_less5","dirty":false,"incomplete":false,"initialized":false,"type":"FLOAT","required":false,"readOnly":false,"allowNull":false,"zeroOnNull":false,"keyField":false,"sorted":false,"indexed":false,"multiIndex":false,"array":false,"arrayUnique":false,"arrayMaxSize":0,"native":false,"static":false,"abstract":false},"id":0,"codeName":"view_less5"},{"nodeId":0,"legendPosition":48,"entityName":"Employees","fieldName":"view_n5To10","dataType":"FLOAT","calculation":false,"localDependencies":[],"globalDependencies":[],"crossDependencies":[],"field":{"id":"view_n5To10","name":"view_n5To10","dirty":false,"incomplete":false,"initialized":false,"type":"FLOAT","required":false,"readOnly":false,"allowNull":false,"zeroOnNull":false,"keyField":false,"sorted":false,"indexed":false,"multiIndex":false,"array":false,"arrayUnique":false,"arrayMaxSize":0,"native":false,"static":false,"abstract":false},"id":0,"codeName":"view_n5To10"},{"nodeId":0,"legendPosition":49,"entityName":"Employees","fieldName":"view_greater10","dataType":"FLOAT","calculation":false,"localDependencies":[],"globalDependencies":[],"crossDependencies":[],"field":{"id":"view_greater10","name":"view_greater10","dirty":false,"incomplete":false,"initialized":false,"type":"FLOAT","required":false,"readOnly":false,"allowNull":false,"zeroOnNull":false,"keyField":false,"sorted":false,"indexed":false,"multiIndex":false,"array":false,"arrayUnique":false,"arrayMaxSize":0,"native":false,"static":false,"abstract":false},"id":0,"codeName":"view_greater10"},{"nodeId":0,"legendPosition":50,"entityName":"Employees","fieldName":"view_salaryBin","dataType":"CURRENCY","calculation":false,"localDependencies":[],"globalDependencies":[],"crossDependencies":[],"field":{"id":"view_salaryBin","name":"view_salaryBin","dirty":false,"incomplete":false,"initialized":false,"type":"CURRENCY","required":false,"readOnly":false,"allowNull":false,"zeroOnNull":false,"keyField":false,"sorted":false,"indexed":false,"multiIndex":false,"array":false,"arrayUnique":false,"arrayMaxSize":0,"native":false,"static":false,"abstract":false},"id":0,"codeName":"view_salaryBin"},{"nodeId":0,"legendPosition":51,"entityName":"Employees","fieldName":"view_sourceName","dataType":"TEXT","calculation":false,"localDependencies":[],"globalDependencies":[],"crossDependencies":[],"field":{"id":"view_sourceName","name":"view_sourceName","dirty":false,"incomplete":false,"initialized":false,"type":"TEXT","required":false,"readOnly":false,"allowNull":false,"zeroOnNull":false,"keyField":false,"sorted":false,"indexed":false,"multiIndex":false,"array":false,"arrayUnique":false,"arrayMaxSize":0,"native":false,"static":false,"abstract":false},"id":0,"codeName":"view_sourceName"},{"nodeId":0,"legendPosition":52,"entityName":"Employees","fieldName":"view_lineNumber","dataType":"INTEGER","calculation":false,"localDependencies":[],"globalDependencies":[],"crossDependencies":[],"field":{"id":"view_lineNumber","name":"view_lineNumber","dirty":false,"incomplete":false,"initialized":false,"type":"INTEGER","required":false,"readOnly":false,"allowNull":false,"zeroOnNull":false,"keyField":false,"sorted":false,"indexed":false,"multiIndex":false,"array":false,"arrayUnique":false,"arrayMaxSize":0,"native":false,"static":false,"abstract":false},"id":0,"codeName":"view_lineNumber"},{"nodeId":203,"legendPosition":53,"entityName":"Employees","lastGlobalUpdate":1583,"fieldName":"Employees Decision","dataType":"DECISION","calculation":false,"fullNodeName":"Employees.employeesDecision","localDependencies":["Employees.decisionflow_finish","Employees.decisionflow_start","Employees.decisionflow_determineSalary","Employees.decisionflow_high","Employees.decisionflow_start","Employees.decisionflow_low"],"globalDependencies":["dfnodes.view_employees"],"crossDependencies":[],"field":{"id":"Employees Decision","name":"Employees Decision","dirty":false,"incomplete":false,"initialized":false,"type":"DECISION","required":false,"readOnly":false,"allowNull":false,"zeroOnNull":false,"keyField":false,"sorted":false,"indexed":false,"multiIndex":false,"array":false,"arrayUnique":false,"arrayMaxSize":0,"native":false,"static":false,"abstract":false},"id":203,"codeName":"employeesDecision","keyName":"Employees.employeesDecision","safeName":"Employees.employeesDecision","qualifiedSafeName":"Employees.employeesDecision"},{"nodeId":0,"legendPosition":54,"entityName":"Employees","fieldName":"decisionflow_start","dataType":"ANY","calculation":false,"localDependencies":[],"globalDependencies":[],"crossDependencies":[],"field":{"id":"decisionflow_start","name":"decisionflow_start","dirty":false,"incomplete":false,"initialized":false,"type":"ANY","required":false,"readOnly":false,"allowNull":false,"zeroOnNull":false,"keyField":false,"sorted":false,"indexed":false,"multiIndex":false,"array":false,"arrayUnique":false,"arrayMaxSize":0,"native":false,"static":false,"abstract":false},"id":0,"codeName":"decisionflow_start"},{"nodeId":0,"legendPosition":55,"entityName":"Employees","fieldName":"decisionflow_finish","dataType":"ANY","calculation":false,"localDependencies":[],"globalDependencies":[],"crossDependencies":[],"field":{"id":"decisionflow_finish","name":"decisionflow_finish","dirty":false,"incomplete":false,"initialized":false,"type":"ANY","required":false,"readOnly":false,"allowNull":false,"zeroOnNull":false,"keyField":false,"sorted":false,"indexed":false,"multiIndex":false,"array":false,"arrayUnique":false,"arrayMaxSize":0,"native":false,"static":false,"abstract":false},"id":0,"codeName":"decisionflow_finish"},{"nodeId":0,"legendPosition":56,"entityName":"Employees","fieldName":"view_employeesDecision","dataType":"DECISION","calculation":false,"localDependencies":[],"globalDependencies":[],"crossDependencies":[],"field":{"id":"view_employeesDecision","name":"view_employeesDecision","dirty":false,"incomplete":false,"initialized":false,"type":"DECISION","required":false,"readOnly":false,"allowNull":false,"zeroOnNull":false,"keyField":false,"sorted":false,"indexed":false,"multiIndex":false,"array":false,"arrayUnique":false,"arrayMaxSize":0,"native":false,"static":false,"abstract":false},"id":0,"codeName":"view_employeesDecision"},{"nodeId":352,"legendPosition":57,"entityName":"Employees","lastGlobalUpdate":1506,"fieldName":"Is Complete","dataType":"BOOLEAN","calculation":false,"fullNodeName":"Employees.isComplete","localDependencies":["Employees.decisionflow_low","Employees.decisionflow_low","Employees.decisionflow_high","Employees.decisionflow_high","Employees.decisionflow_high"],"globalDependencies":[],"crossDependencies":[],"field":{"id":"Is Complete","name":"Is Complete","dirty":false,"incomplete":false,"initialized":false,"type":"BOOLEAN","required":false,"readOnly":false,"allowNull":false,"zeroOnNull":false,"keyField":false,"sorted":false,"indexed":false,"multiIndex":false,"array":false,"arrayUnique":false,"arrayMaxSize":0,"native":false,"static":false,"abstract":false},"id":352,"codeName":"isComplete","keyName":"Employees.isComplete","safeName":"Employees.isComplete","qualifiedSafeName":"Employees.isComplete"},{"nodeId":0,"legendPosition":58,"entityName":"Employees","fieldName":"view_isComplete","dataType":"BOOLEAN","calculation":false,"localDependencies":[],"globalDependencies":[],"crossDependencies":[],"field":{"id":"view_isComplete","name":"view_isComplete","dirty":false,"incomplete":false,"initialized":false,"type":"BOOLEAN","required":false,"readOnly":false,"allowNull":false,"zeroOnNull":false,"keyField":false,"sorted":false,"indexed":false,"multiIndex":false,"array":false,"arrayUnique":false,"arrayMaxSize":0,"native":false,"static":false,"abstract":false},"id":0,"codeName":"view_isComplete"},{"nodeId":0,"legendPosition":59,"entityName":"Employees","fieldName":"hint","dataType":"ANY","calculation":false,"localDependencies":[],"globalDependencies":[],"crossDependencies":[],"field":{"id":"hint","name":"hint","dirty":false,"incomplete":false,"initialized":false,"type":"ANY","required":false,"readOnly":false,"allowNull":false,"zeroOnNull":false,"keyField":false,"sorted":false,"indexed":false,"multiIndex":false,"array":false,"arrayUnique":false,"arrayMaxSize":0,"native":false,"static":false,"abstract":false},"id":0,"codeName":"hint"},{"nodeId":0,"legendPosition":60,"entityName":"Employees","fieldName":"decisionflow_determineSalary","dataType":"ANY","calculation":false,"localDependencies":[],"globalDependencies":[],"crossDependencies":[],"field":{"id":"decisionflow_determineSalary","name":"decisionflow_determineSalary","dirty":false,"incomplete":false,"initialized":false,"type":"ANY","required":false,"readOnly":false,"allowNull":false,"zeroOnNull":false,"keyField":false,"sorted":false,"indexed":false,"multiIndex":false,"array":false,"arrayUnique":false,"arrayMaxSize":0,"native":false,"static":false,"abstract":false},"id":0,"codeName":"decisionflow_determineSalary"},{"nodeId":0,"legendPosition":61,"entityName":"Employees","fieldName":"decisionflow_low","dataType":"ANY","calculation":false,"localDependencies":[],"globalDependencies":[],"crossDependencies":[],"field":{"id":"decisionflow_low","name":"decisionflow_low","dirty":false,"incomplete":false,"initialized":false,"type":"ANY","required":false,"readOnly":false,"allowNull":false,"zeroOnNull":false,"keyField":false,"sorted":false,"indexed":false,"multiIndex":false,"array":false,"arrayUnique":false,"arrayMaxSize":0,"native":false,"static":false,"abstract":false},"id":0,"codeName":"decisionflow_low"},{"nodeId":0,"legendPosition":62,"entityName":"Employees","fieldName":"decisionflow_high","dataType":"ANY","calculation":false,"localDependencies":[],"globalDependencies":[],"crossDependencies":[],"field":{"id":"decisionflow_high","name":"decisionflow_high","dirty":false,"incomplete":false,"initialized":false,"type":"ANY","required":false,"readOnly":false,"allowNull":false,"zeroOnNull":false,"keyField":false,"sorted":false,"indexed":false,"multiIndex":false,"array":false,"arrayUnique":false,"arrayMaxSize":0,"native":false,"static":false,"abstract":false},"id":0,"codeName":"decisionflow_high"}],"id":0}
