{"id":8,"_locked":false,"numUpdatesToUserInfoByAdministrator":"example=v79OhQpwVrPX0mQBpGqt","column2":"enabled","column3":"user","sourceName":"modelshop-users.properties","lineNumber":9}
{"id":5,"_locked":false,"numUpdatesToUserInfoByAdministrator":"thisisatest=v79Tix1mTa/N2SUCpw\\=\\=","column2":"enabled","column3":"user","sourceName":"modelshop-users.properties","lineNumber":4}
{"id":7,"_locked":false,"numUpdatesToUserInfoByAdministrator":"alectobin=v79OhQpwVrPX0mQBpGqt","column2":"enabled","column3":"user","sourceName":"modelshop-users.properties","lineNumber":7}
{"id":6,"_locked":false,"numUpdatesToUserInfoByAdministrator":"admin=v79CjgN8VPGNjiA\\=","column2":"enabled","column3":"admin","column4":"author","column5":"user","sourceName":"modelshop-users.properties","lineNumber":6}
{"id":9,"_locked":false,"numUpdatesToUserInfoByAdministrator":"demo=v79CjgN8VPGNjiA\\=","column2":"enabled","column3":"author","column4":"user","sourceName":"modelshop-users.properties","lineNumber":8}
{"id":4,"_locked":false,"numUpdatesToUserInfoByAdministrator":"philg9=v79tyw19Vazezi0\\=","column2":"enabled","column3":"user","sourceName":"modelshop-users.properties","lineNumber":5}
{"id":1,"_locked":false,"numUpdatesToUserInfoByAdministrator":"#Wed Oct 02 17:42:43 EEST 2024","sourceName":"modelshop-users.properties","lineNumber":1}
{"id":2,"_locked":false,"numUpdatesToUserInfoByAdministrator":"tsquared276=v79wgQd8VKeGhA\\=\\=","column2":"enabled","column3":"user","sourceName":"modelshop-users.properties","lineNumber":3}
{"id":3,"_locked":false,"numUpdatesToUserInfoByAdministrator":"test1234=v79Tix1mTa/N2SUCpw\\=\\=","column2":"disabled","column3":"user","sourceName":"modelshop-users.properties","lineNumber":2}
{"id":11,"_locked":false,"numUpdatesToUserInfoByAdministrator":"public=v79Tnwx5U6M\\=","column2":"enabled","column3":"guest","sourceName":"modelshop-users.properties","lineNumber":12}
{"id":10,"_locked":false,"numUpdatesToUserInfoByAdministrator":"jamesmarsh7=v79zix1mTa/N2SUCp3o\\=","column2":"enabled","column3":"user","sourceName":"modelshop-users.properties","lineNumber":10}
{"id":14,"_locked":false,"numUpdatesToUserInfoByAdministrator":"jamesmarsh2=v79zix1mTa/N2SUCp3o\\=","column2":"disabled","column3":"user","sourceName":"modelshop-users.properties","lineNumber":14}
{"id":15,"_locked":false,"numUpdatesToUserInfoByAdministrator":"jamesmarsh1=v79MhgdjX7KOjA\\=\\=","column2":"enabled","column3":"user","sourceName":"modelshop-users.properties","lineNumber":15}
{"id":13,"_locked":false,"numUpdatesToUserInfoByAdministrator":"jamesmarsh=v79MhgdjX7KOjA\\=\\=","column2":"enabled","column3":"admin","column4":"user","sourceName":"modelshop-users.properties","lineNumber":13}
{"id":18,"_locked":false,"numUpdatesToUserInfoByAdministrator":"newuser=v79Tix1mTa/N2SUCpw\\=\\=","column2":"enabled","column3":"user","sourceName":"modelshop-users.properties","lineNumber":21}
{"id":12,"_locked":false,"numUpdatesToUserInfoByAdministrator":"michaelkaplan=v79Ogw19W6XT1iUCp28\\=","column2":"enabled","column3":"user","sourceName":"modelshop-users.properties","lineNumber":11}
{"id":17,"_locked":false,"numUpdatesToUserInfoByAdministrator":"johnsmith=v79Tix1mTa/N2SUCpw\\=\\=","column2":"disabled","column3":"user","sourceName":"modelshop-users.properties","lineNumber":22}
{"id":16,"_locked":false,"numUpdatesToUserInfoByAdministrator":"tester123=v79zix1mTa/N2SUCp3o\\=","column2":"disabled","column3":"user","sourceName":"modelshop-users.properties","lineNumber":24}
{"id":19,"_locked":false,"numUpdatesToUserInfoByAdministrator":"gilliph9=v79tyw19Vazezi0\\=","column2":"enabled","column3":"user","sourceName":"modelshop-users.properties","lineNumber":26}
{"id":20,"_locked":false,"numUpdatesToUserInfoByAdministrator":"tester123456=v79zix1mTa/N2SUCp2+1","column2":"enabled","column3":"user","sourceName":"modelshop-users.properties","lineNumber":27}
{"id":21,"_locked":false,"numUpdatesToUserInfoByAdministrator":"samples=v79Tix1mTa/N2SUCpw\\=\\=","column2":"enabled","column3":"user","sourceName":"modelshop-users.properties","lineNumber":28}
{"id":22,"_locked":false,"numUpdatesToUserInfoByAdministrator":"tomtobin2=v78HoQd8VKeGhA\\=\\=","column2":"enabled","column3":"user","sourceName":"modelshop-users.properties","lineNumber":29}
{"id":23,"_locked":false,"numUpdatesToUserInfoByAdministrator":"tester12344=v79zix1mTa/N2SUCp2+1","column2":"disabled","column3":"user","sourceName":"modelshop-users.properties","lineNumber":16}
{"id":25,"_locked":false,"numUpdatesToUserInfoByAdministrator":"csgadvisors=v79AmQl0XrbWzntC5w\\=\\=","column2":"enabled","column3":"user","sourceName":"modelshop-users.properties","lineNumber":31}
{"id":26,"_locked":false,"numUpdatesToUserInfoByAdministrator":"tester1234=v79zix1mTa/N2SUCp2+1","column2":"disabled","column3":"user","sourceName":"modelshop-users.properties","lineNumber":32}
{"id":28,"_locked":false,"numUpdatesToUserInfoByAdministrator":"guest=v79EnwtmTg\\=\\=","column2":"enabled","column3":"user","sourceName":"modelshop-users.properties","lineNumber":33}
{"id":24,"_locked":false,"numUpdatesToUserInfoByAdministrator":"abereyes=v79uhQpwVrPX0mQJrQ\\=\\=","column2":"enabled","column3":"user","sourceName":"modelshop-users.properties","lineNumber":30}
{"id":32,"_locked":false,"numUpdatesToUserInfoByAdministrator":"tester12345=v79zix1mTa/N2SUCp2+1","column2":"enabled","column3":"user","sourceName":"modelshop-users.properties","lineNumber":17}
{"id":29,"_locked":false,"numUpdatesToUserInfoByAdministrator":"jtobin=v79Qhw9nTqfKxA\\=\\=","column2":"enabled","column3":"user","sourceName":"modelshop-users.properties","lineNumber":34}
{"id":27,"_locked":false,"numUpdatesToUserInfoByAdministrator":"testuser=v79Tix1mTa/N2SUCpw\\=\\=","column2":"disabled","column3":"user","sourceName":"modelshop-users.properties","lineNumber":25}
{"id":31,"_locked":false,"numUpdatesToUserInfoByAdministrator":"jamesmarsh5=v79zix1mTa/N2SUCp3o\\=","column2":"enabled","column3":"user","sourceName":"modelshop-users.properties","lineNumber":20}
{"id":33,"_locked":false,"numUpdatesToUserInfoByAdministrator":"tomtobin=v79wgQd8VKeGhA\\=\\=","column2":"enabled","column3":"admin","column4":"user","sourceName":"modelshop-users.properties","lineNumber":23}
{"id":34,"_locked":false,"numUpdatesToUserInfoByAdministrator":"jamesmarsh6=v79zix1mTa/N2SUCp2+1","column2":"enabled","column3":"user","sourceName":"modelshop-users.properties","lineNumber":19}
{"id":30,"_locked":false,"numUpdatesToUserInfoByAdministrator":"jamesmarsh3=v79zix1mTa/N2SUCp3o\\=","column2":"enabled","column3":"user","sourceName":"modelshop-users.properties","lineNumber":18}
