{"configType":"model","entityName":"ssss","numFields":16,"lastUpdate":4,"version":365471122,"dependencyInfos":[{"nodeId":4,"legendPosition":0,"entityName":"ssss","lastGlobalUpdate":4,"fieldName":"id","dataType":"INTEGER","calculation":false,"fullNodeName":"ssss.id","localDependencies":[],"globalDependencies":[],"crossDependencies":[],"keyName":"ssss.id","safeName":"ssss.id","qualifiedSafeName":"ssss.id","codeName":"id","field":{"id":"id","name":"id","dirty":false,"incomplete":false,"initialized":false,"type":"INTEGER","required":false,"readOnly":false,"allowNull":false,"zeroOnNull":false,"keyField":false,"sorted":false,"indexed":false,"multiIndex":false,"array":false,"arrayUnique":false,"arrayMaxSize":0,"static":false,"abstract":false,"native":false},"id":4},{"nodeId":5,"legendPosition":1,"entityName":"ssss","lastGlobalUpdate":4,"fieldName":"version","dataType":"INTEGER","calculation":false,"fullNodeName":"ssss.version","localDependencies":[],"globalDependencies":[],"crossDependencies":[],"keyName":"ssss.version","safeName":"ssss.version","qualifiedSafeName":"ssss.version","codeName":"version","field":{"id":"version","name":"version","dirty":false,"incomplete":false,"initialized":false,"type":"INTEGER","required":false,"readOnly":false,"allowNull":false,"zeroOnNull":false,"keyField":false,"sorted":false,"indexed":false,"multiIndex":false,"array":false,"arrayUnique":false,"arrayMaxSize":0,"static":false,"abstract":false,"native":false},"id":5},{"nodeId":6,"legendPosition":2,"entityName":"ssss","lastGlobalUpdate":4,"fieldName":"ruleResults","dataType":"RAW","calculation":false,"fullNodeName":"ssss.ruleResults","localDependencies":[],"globalDependencies":[],"crossDependencies":[],"keyName":"ssss.ruleResults","safeName":"ssss.ruleResults","qualifiedSafeName":"ssss.ruleResults","codeName":"ruleResults","field":{"id":"ruleResults","name":"ruleResults","dirty":false,"incomplete":false,"initialized":false,"type":"RAW","required":false,"readOnly":false,"allowNull":false,"zeroOnNull":false,"keyField":false,"sorted":false,"indexed":false,"multiIndex":false,"array":true,"arrayUnique":false,"arrayMaxSize":0,"static":false,"abstract":false,"native":false},"id":6},{"nodeId":7,"legendPosition":3,"entityName":"ssss","lastGlobalUpdate":4,"fieldName":"errors","dataType":"RAW","calculation":false,"fullNodeName":"ssss.errors","localDependencies":[],"globalDependencies":[],"crossDependencies":[],"keyName":"ssss.errors","safeName":"ssss.errors","qualifiedSafeName":"ssss.errors","codeName":"errors","field":{"id":"errors","name":"errors","dirty":false,"incomplete":false,"initialized":false,"type":"RAW","required":false,"readOnly":false,"allowNull":false,"zeroOnNull":false,"keyField":false,"sorted":false,"indexed":false,"multiIndex":false,"array":true,"arrayUnique":false,"arrayMaxSize":0,"static":false,"abstract":false,"native":false},"id":7},{"nodeId":8,"legendPosition":4,"entityName":"ssss","lastGlobalUpdate":4,"fieldName":"name","dataType":"TEXT","calculation":false,"fullNodeName":"ssss.name","localDependencies":[],"globalDependencies":[],"crossDependencies":[],"keyName":"ssss.name","safeName":"ssss.name","qualifiedSafeName":"ssss.name","codeName":"name","field":{"id":"name","name":"name","dirty":false,"incomplete":false,"initialized":false,"type":"TEXT","required":false,"readOnly":false,"allowNull":false,"zeroOnNull":false,"keyField":false,"sorted":false,"indexed":false,"multiIndex":false,"array":false,"arrayUnique":false,"arrayMaxSize":0,"static":false,"abstract":false,"native":false},"id":8},{"nodeId":9,"legendPosition":5,"entityName":"ssss","lastGlobalUpdate":4,"fieldName":"entityName","dataType":"TEXT","calculation":false,"fullNodeName":"ssss.entityName","localDependencies":[],"globalDependencies":[],"crossDependencies":[],"keyName":"ssss.entityName","safeName":"ssss.entityName","qualifiedSafeName":"ssss.entityName","codeName":"entityName","field":{"id":"entityName","name":"entityName","dirty":false,"incomplete":false,"initialized":false,"type":"TEXT","required":false,"readOnly":false,"allowNull":false,"zeroOnNull":false,"keyField":false,"sorted":false,"indexed":false,"multiIndex":false,"array":false,"arrayUnique":false,"arrayMaxSize":0,"static":false,"abstract":false,"native":false},"id":9},{"nodeId":10,"legendPosition":6,"entityName":"ssss","lastGlobalUpdate":4,"fieldName":"key","dataType":"TEXT","calculation":false,"fullNodeName":"ssss.key","localDependencies":[],"globalDependencies":[],"crossDependencies":[],"keyName":"ssss.key","safeName":"ssss.key","qualifiedSafeName":"ssss.key","codeName":"key","field":{"id":"key","name":"key","dirty":false,"incomplete":false,"initialized":false,"type":"TEXT","required":false,"readOnly":false,"allowNull":false,"zeroOnNull":false,"keyField":false,"sorted":false,"indexed":false,"multiIndex":false,"array":false,"arrayUnique":false,"arrayMaxSize":0,"static":false,"abstract":false,"native":false},"id":10},{"nodeId":11,"legendPosition":7,"entityName":"ssss","lastGlobalUpdate":4,"fieldName":"seriesValue","dataType":"ANY","calculation":false,"fullNodeName":"ssss.seriesValue","localDependencies":[],"globalDependencies":[],"crossDependencies":[],"keyName":"ssss.seriesValue","safeName":"ssss.seriesValue","qualifiedSafeName":"ssss.seriesValue","codeName":"seriesValue","field":{"id":"seriesValue","name":"seriesValue","dirty":false,"incomplete":false,"initialized":false,"type":"ANY","required":false,"readOnly":false,"allowNull":false,"zeroOnNull":false,"keyField":false,"sorted":false,"indexed":false,"multiIndex":false,"array":false,"arrayUnique":false,"arrayMaxSize":0,"static":false,"abstract":false,"native":false},"id":11},{"nodeId":12,"legendPosition":8,"entityName":"ssss","lastGlobalUpdate":4,"fieldName":"keyPrior","dataType":"DATAITEM","calculation":false,"fullNodeName":"ssss.keyPrior","localDependencies":[],"globalDependencies":[],"crossDependencies":[],"keyName":"ssss.keyPrior","safeName":"ssss.keyPrior","qualifiedSafeName":"ssss.keyPrior","codeName":"keyPrior","field":{"id":"keyPrior","name":"keyPrior","dirty":false,"incomplete":false,"initialized":false,"type":"DATAITEM","required":false,"readOnly":false,"allowNull":false,"zeroOnNull":false,"keyField":false,"sorted":false,"indexed":false,"multiIndex":false,"array":false,"arrayUnique":false,"arrayMaxSize":0,"static":false,"abstract":false,"native":false},"id":12},{"nodeId":13,"legendPosition":9,"entityName":"ssss","lastGlobalUpdate":4,"fieldName":"keyNext","dataType":"DATAITEM","calculation":false,"fullNodeName":"ssss.keyNext","localDependencies":[],"globalDependencies":[],"crossDependencies":[],"keyName":"ssss.keyNext","safeName":"ssss.keyNext","qualifiedSafeName":"ssss.keyNext","codeName":"keyNext","field":{"id":"keyNext","name":"keyNext","dirty":false,"incomplete":false,"initialized":false,"type":"DATAITEM","required":false,"readOnly":false,"allowNull":false,"zeroOnNull":false,"keyField":false,"sorted":false,"indexed":false,"multiIndex":false,"array":false,"arrayUnique":false,"arrayMaxSize":0,"static":false,"abstract":false,"native":false},"id":13},{"nodeId":14,"legendPosition":10,"entityName":"ssss","lastGlobalUpdate":4,"fieldName":"keyPosition","dataType":"INTEGER","calculation":false,"fullNodeName":"ssss.keyPosition","localDependencies":[],"globalDependencies":[],"crossDependencies":[],"keyName":"ssss.keyPosition","safeName":"ssss.keyPosition","qualifiedSafeName":"ssss.keyPosition","codeName":"keyPosition","field":{"id":"keyPosition","name":"keyPosition","dirty":false,"incomplete":false,"initialized":false,"type":"INTEGER","required":false,"readOnly":false,"allowNull":false,"zeroOnNull":false,"keyField":false,"sorted":false,"indexed":false,"multiIndex":false,"array":false,"arrayUnique":false,"arrayMaxSize":0,"static":false,"abstract":false,"native":false},"id":14},{"nodeId":15,"legendPosition":11,"entityName":"ssss","lastGlobalUpdate":4,"fieldName":"keyNavigation","dataType":"ANY","calculation":false,"fullNodeName":"ssss.keyNavigation","localDependencies":[],"globalDependencies":[],"crossDependencies":[],"keyName":"ssss.keyNavigation","safeName":"ssss.keyNavigation","qualifiedSafeName":"ssss.keyNavigation","codeName":"keyNavigation","field":{"id":"keyNavigation","name":"keyNavigation","dirty":false,"incomplete":false,"initialized":false,"type":"ANY","required":false,"readOnly":false,"allowNull":false,"zeroOnNull":false,"keyField":false,"sorted":false,"indexed":false,"multiIndex":false,"array":false,"arrayUnique":false,"arrayMaxSize":0,"static":false,"abstract":false,"native":false},"id":15},{"nodeId":16,"legendPosition":12,"entityName":"ssss","lastGlobalUpdate":4,"fieldName":"model","dataType":"DATAITEM","calculation":false,"fullNodeName":"ssss.model","localDependencies":[],"globalDependencies":[],"crossDependencies":[],"keyName":"ssss.model","safeName":"ssss.model","qualifiedSafeName":"ssss.model","codeName":"model","field":{"id":"model","name":"model","dirty":false,"incomplete":false,"initialized":false,"type":"DATAITEM","required":false,"readOnly":false,"allowNull":false,"zeroOnNull":false,"keyField":false,"sorted":false,"indexed":false,"multiIndex":false,"array":false,"arrayUnique":false,"arrayMaxSize":0,"static":false,"abstract":false,"native":false},"id":16},{"nodeId":0,"legendPosition":13,"entityName":"ssss","fieldName":"ssssSeries","dataType":"ANY","calculation":false,"localDependencies":[],"globalDependencies":[],"crossDependencies":[],"codeName":"ssssSeries","field":{"id":"ssssSeries","name":"ssssSeries","dirty":false,"incomplete":false,"initialized":false,"type":"ANY","required":false,"readOnly":false,"allowNull":false,"zeroOnNull":false,"keyField":false,"sorted":false,"indexed":false,"multiIndex":false,"array":false,"arrayUnique":false,"arrayMaxSize":0,"static":false,"abstract":false,"native":false},"id":0},{"nodeId":0,"legendPosition":14,"entityName":"ssss","fieldName":"view_id_","dataType":"INTEGER","calculation":false,"localDependencies":[],"globalDependencies":[],"crossDependencies":[],"codeName":"view_id_","field":{"id":"view_id_","name":"view_id_","dirty":false,"incomplete":false,"initialized":false,"type":"INTEGER","required":false,"readOnly":false,"allowNull":false,"zeroOnNull":false,"keyField":false,"sorted":false,"indexed":false,"multiIndex":false,"array":false,"arrayUnique":false,"arrayMaxSize":0,"static":false,"abstract":false,"native":false},"id":0},{"nodeId":0,"legendPosition":15,"entityName":"ssss","fieldName":"view_ssss","dataType":"ANY","calculation":false,"localDependencies":[],"globalDependencies":[],"crossDependencies":[],"codeName":"view_ssss","field":{"id":"view_ssss","name":"view_ssss","dirty":false,"incomplete":false,"initialized":false,"type":"ANY","required":false,"readOnly":false,"allowNull":false,"zeroOnNull":false,"keyField":false,"sorted":false,"indexed":false,"multiIndex":false,"array":false,"arrayUnique":false,"arrayMaxSize":0,"static":false,"abstract":false,"native":false},"id":0}],"id":0}
