{"configType":"model","entityName":"llll","numFields":20,"lastUpdate":3,"version":547103225,"dependencyInfos":[{"nodeId":4,"legendPosition":0,"entityName":"llll","lastGlobalUpdate":3,"fieldName":"id","dataType":"INTEGER","calculation":false,"fullNodeName":"llll.id","localDependencies":[],"globalDependencies":[],"crossDependencies":[],"keyName":"llll.id","safeName":"llll.id","codeName":"id","qualifiedSafeName":"llll.id","field":{"id":"id","name":"id","dirty":false,"incomplete":false,"initialized":false,"type":"INTEGER","required":false,"readOnly":false,"allowNull":false,"zeroOnNull":false,"keyField":false,"sorted":false,"indexed":false,"multiIndex":false,"array":false,"arrayUnique":false,"arrayMaxSize":0,"static":false,"abstract":false,"native":false},"id":4},{"nodeId":5,"legendPosition":1,"entityName":"llll","lastGlobalUpdate":3,"fieldName":"version","dataType":"INTEGER","calculation":false,"fullNodeName":"llll.version","localDependencies":[],"globalDependencies":[],"crossDependencies":[],"keyName":"llll.version","safeName":"llll.version","codeName":"version","qualifiedSafeName":"llll.version","field":{"id":"version","name":"version","dirty":false,"incomplete":false,"initialized":false,"type":"INTEGER","required":false,"readOnly":false,"allowNull":false,"zeroOnNull":false,"keyField":false,"sorted":false,"indexed":false,"multiIndex":false,"array":false,"arrayUnique":false,"arrayMaxSize":0,"static":false,"abstract":false,"native":false},"id":5},{"nodeId":6,"legendPosition":2,"entityName":"llll","lastGlobalUpdate":3,"fieldName":"ruleResults","dataType":"RAW","calculation":true,"fullNodeName":"llll.ruleResults","localDependencies":[],"globalDependencies":[],"crossDependencies":[],"keyName":"llll.ruleResults","safeName":"llll.ruleResults","codeName":"ruleResults","qualifiedSafeName":"llll.ruleResults","field":{"id":"ruleResults","name":"ruleResults","dirty":false,"incomplete":false,"initialized":false,"type":"RAW","required":false,"readOnly":false,"allowNull":false,"zeroOnNull":false,"keyField":false,"sorted":false,"indexed":false,"multiIndex":false,"array":true,"arrayUnique":false,"arrayMaxSize":0,"static":false,"abstract":false,"native":false},"id":6},{"nodeId":7,"legendPosition":3,"entityName":"llll","lastGlobalUpdate":3,"fieldName":"errors","dataType":"RAW","calculation":false,"fullNodeName":"llll.errors","localDependencies":[],"globalDependencies":[],"crossDependencies":[],"keyName":"llll.errors","safeName":"llll.errors","codeName":"errors","qualifiedSafeName":"llll.errors","field":{"id":"errors","name":"errors","dirty":false,"incomplete":false,"initialized":false,"type":"RAW","required":false,"readOnly":false,"allowNull":false,"zeroOnNull":false,"keyField":false,"sorted":false,"indexed":false,"multiIndex":false,"array":true,"arrayUnique":false,"arrayMaxSize":0,"static":false,"abstract":false,"native":false},"id":7},{"nodeId":8,"legendPosition":4,"entityName":"llll","lastGlobalUpdate":3,"fieldName":"name","dataType":"TEXT","calculation":false,"fullNodeName":"llll.name","localDependencies":[],"globalDependencies":[],"crossDependencies":[],"keyName":"llll.name","safeName":"llll.name","codeName":"name","qualifiedSafeName":"llll.name","field":{"id":"name","name":"name","dirty":false,"incomplete":false,"initialized":false,"type":"TEXT","required":false,"readOnly":false,"allowNull":false,"zeroOnNull":false,"keyField":false,"sorted":false,"indexed":false,"multiIndex":false,"array":false,"arrayUnique":false,"arrayMaxSize":0,"static":false,"abstract":false,"native":false},"id":8},{"nodeId":9,"legendPosition":5,"entityName":"llll","lastGlobalUpdate":3,"fieldName":"entityName","dataType":"TEXT","calculation":false,"fullNodeName":"llll.entityName","localDependencies":[],"globalDependencies":[],"crossDependencies":[],"keyName":"llll.entityName","safeName":"llll.entityName","codeName":"entityName","qualifiedSafeName":"llll.entityName","field":{"id":"entityName","name":"entityName","dirty":false,"incomplete":false,"initialized":false,"type":"TEXT","required":false,"readOnly":false,"allowNull":false,"zeroOnNull":false,"keyField":false,"sorted":false,"indexed":false,"multiIndex":false,"array":false,"arrayUnique":false,"arrayMaxSize":0,"static":false,"abstract":false,"native":false},"id":9},{"nodeId":10,"legendPosition":6,"entityName":"llll","lastGlobalUpdate":3,"fieldName":"key","dataType":"TEXT","calculation":false,"fullNodeName":"llll.key","localDependencies":[],"globalDependencies":[],"crossDependencies":[],"keyName":"llll.key","safeName":"llll.key","codeName":"key","qualifiedSafeName":"llll.key","field":{"id":"key","name":"key","dirty":false,"incomplete":false,"initialized":false,"type":"TEXT","required":false,"readOnly":false,"allowNull":false,"zeroOnNull":false,"keyField":false,"sorted":false,"indexed":false,"multiIndex":false,"array":false,"arrayUnique":false,"arrayMaxSize":0,"static":false,"abstract":false,"native":false},"id":10},{"nodeId":11,"legendPosition":7,"entityName":"llll","lastGlobalUpdate":3,"fieldName":"seriesValue","dataType":"ANY","calculation":false,"fullNodeName":"llll.seriesValue","localDependencies":[],"globalDependencies":[],"crossDependencies":[],"keyName":"llll.seriesValue","safeName":"llll.seriesValue","codeName":"seriesValue","qualifiedSafeName":"llll.seriesValue","field":{"id":"seriesValue","name":"seriesValue","dirty":false,"incomplete":false,"initialized":false,"type":"ANY","required":false,"readOnly":false,"allowNull":false,"zeroOnNull":false,"keyField":false,"sorted":false,"indexed":false,"multiIndex":false,"array":false,"arrayUnique":false,"arrayMaxSize":0,"static":false,"abstract":false,"native":false},"id":11},{"nodeId":12,"legendPosition":8,"entityName":"llll","lastGlobalUpdate":3,"fieldName":"keyPrior","dataType":"DATAITEM","calculation":false,"fullNodeName":"llll.keyPrior","localDependencies":[],"globalDependencies":[],"crossDependencies":[],"keyName":"llll.keyPrior","safeName":"llll.keyPrior","codeName":"keyPrior","qualifiedSafeName":"llll.keyPrior","field":{"id":"keyPrior","name":"keyPrior","dirty":false,"incomplete":false,"initialized":false,"type":"DATAITEM","required":false,"readOnly":false,"allowNull":false,"zeroOnNull":false,"keyField":false,"sorted":false,"indexed":false,"multiIndex":false,"array":false,"arrayUnique":false,"arrayMaxSize":0,"static":false,"abstract":false,"native":false},"id":12},{"nodeId":13,"legendPosition":9,"entityName":"llll","lastGlobalUpdate":3,"fieldName":"keyNext","dataType":"DATAITEM","calculation":false,"fullNodeName":"llll.keyNext","localDependencies":[],"globalDependencies":[],"crossDependencies":[],"keyName":"llll.keyNext","safeName":"llll.keyNext","codeName":"keyNext","qualifiedSafeName":"llll.keyNext","field":{"id":"keyNext","name":"keyNext","dirty":false,"incomplete":false,"initialized":false,"type":"DATAITEM","required":false,"readOnly":false,"allowNull":false,"zeroOnNull":false,"keyField":false,"sorted":false,"indexed":false,"multiIndex":false,"array":false,"arrayUnique":false,"arrayMaxSize":0,"static":false,"abstract":false,"native":false},"id":13},{"nodeId":14,"legendPosition":10,"entityName":"llll","lastGlobalUpdate":3,"fieldName":"keyPosition","dataType":"INTEGER","calculation":false,"fullNodeName":"llll.keyPosition","localDependencies":[],"globalDependencies":[],"crossDependencies":[],"keyName":"llll.keyPosition","safeName":"llll.keyPosition","codeName":"keyPosition","qualifiedSafeName":"llll.keyPosition","field":{"id":"keyPosition","name":"keyPosition","dirty":false,"incomplete":false,"initialized":false,"type":"INTEGER","required":false,"readOnly":false,"allowNull":false,"zeroOnNull":false,"keyField":false,"sorted":false,"indexed":false,"multiIndex":false,"array":false,"arrayUnique":false,"arrayMaxSize":0,"static":false,"abstract":false,"native":false},"id":14},{"nodeId":15,"legendPosition":11,"entityName":"llll","lastGlobalUpdate":3,"fieldName":"keyNavigation","dataType":"ANY","calculation":false,"fullNodeName":"llll.keyNavigation","localDependencies":[],"globalDependencies":[],"crossDependencies":[],"keyName":"llll.keyNavigation","safeName":"llll.keyNavigation","codeName":"keyNavigation","qualifiedSafeName":"llll.keyNavigation","field":{"id":"keyNavigation","name":"keyNavigation","dirty":false,"incomplete":false,"initialized":false,"type":"ANY","required":false,"readOnly":false,"allowNull":false,"zeroOnNull":false,"keyField":false,"sorted":false,"indexed":false,"multiIndex":false,"array":false,"arrayUnique":false,"arrayMaxSize":0,"static":false,"abstract":false,"native":false},"id":15},{"nodeId":16,"legendPosition":12,"entityName":"llll","lastGlobalUpdate":3,"fieldName":"model","dataType":"DATAITEM","calculation":false,"fullNodeName":"llll.model","localDependencies":[],"globalDependencies":[],"crossDependencies":[],"keyName":"llll.model","safeName":"llll.model","codeName":"model","qualifiedSafeName":"llll.model","field":{"id":"model","name":"model","dirty":false,"incomplete":false,"initialized":false,"type":"DATAITEM","required":false,"readOnly":false,"allowNull":false,"zeroOnNull":false,"keyField":false,"sorted":false,"indexed":false,"multiIndex":false,"array":false,"arrayUnique":false,"arrayMaxSize":0,"static":false,"abstract":false,"native":false},"id":16},{"nodeId":0,"legendPosition":13,"entityName":"llll","fieldName":"view_id_","dataType":"INTEGER","calculation":false,"localDependencies":[],"globalDependencies":[],"crossDependencies":[],"codeName":"view_id_","field":{"id":"view_id_","name":"view_id_","dirty":false,"incomplete":false,"initialized":false,"type":"INTEGER","required":false,"readOnly":false,"allowNull":false,"zeroOnNull":false,"keyField":false,"sorted":false,"indexed":false,"multiIndex":false,"array":false,"arrayUnique":false,"arrayMaxSize":0,"static":false,"abstract":false,"native":false},"id":0},{"nodeId":0,"legendPosition":14,"entityName":"llll","fieldName":"view_llll","dataType":"ANY","calculation":false,"localDependencies":[],"globalDependencies":[],"crossDependencies":[],"codeName":"view_llll","field":{"id":"view_llll","name":"view_llll","dirty":false,"incomplete":false,"initialized":false,"type":"ANY","required":false,"readOnly":false,"allowNull":false,"zeroOnNull":false,"keyField":false,"sorted":false,"indexed":false,"multiIndex":false,"array":false,"arrayUnique":false,"arrayMaxSize":0,"static":false,"abstract":false,"native":false},"id":0},{"nodeId":0,"legendPosition":15,"entityName":"llll","fieldName":"llllSeries","dataType":"ANY","calculation":false,"localDependencies":[],"globalDependencies":[],"crossDependencies":[],"codeName":"llllSeries","field":{"id":"llllSeries","name":"llllSeries","dirty":false,"incomplete":false,"initialized":false,"type":"ANY","required":false,"readOnly":false,"allowNull":false,"zeroOnNull":false,"keyField":false,"sorted":false,"indexed":false,"multiIndex":false,"array":false,"arrayUnique":false,"arrayMaxSize":0,"static":false,"abstract":false,"native":false},"id":0},{"nodeId":0,"legendPosition":16,"entityName":"llll","fieldName":"connector_server","dataType":"ANY","calculation":false,"localDependencies":[],"globalDependencies":[],"crossDependencies":[],"codeName":"connector_server","field":{"id":"connector_server","name":"connector_server","dirty":false,"incomplete":false,"initialized":false,"type":"ANY","required":false,"readOnly":false,"allowNull":false,"zeroOnNull":false,"keyField":false,"sorted":false,"indexed":false,"multiIndex":false,"array":false,"arrayUnique":false,"arrayMaxSize":0,"static":false,"abstract":false,"native":false},"id":0},{"nodeId":0,"legendPosition":17,"entityName":"llll","fieldName":"view_server","dataType":"ANY","calculation":false,"localDependencies":[],"globalDependencies":[],"crossDependencies":[],"codeName":"view_server","field":{"id":"view_server","name":"view_server","dirty":false,"incomplete":false,"initialized":false,"type":"ANY","required":false,"readOnly":false,"allowNull":false,"zeroOnNull":false,"keyField":false,"sorted":false,"indexed":false,"multiIndex":false,"array":false,"arrayUnique":false,"arrayMaxSize":0,"static":false,"abstract":false,"native":false},"id":0},{"nodeId":0,"legendPosition":18,"entityName":"llll","fieldName":"serverSeries","dataType":"ANY","calculation":false,"localDependencies":[],"globalDependencies":[],"crossDependencies":[],"codeName":"serverSeries","field":{"id":"serverSeries","name":"serverSeries","dirty":false,"incomplete":false,"initialized":false,"type":"ANY","required":false,"readOnly":false,"allowNull":false,"zeroOnNull":false,"keyField":false,"sorted":false,"indexed":false,"multiIndex":false,"array":false,"arrayUnique":false,"arrayMaxSize":0,"static":false,"abstract":false,"native":false},"id":0},{"nodeId":51,"legendPosition":19,"entityName":"llll","fieldName":"serverList","dataType":"DATAITEM","calculation":false,"selectField":"model","fullNodeName":"llll.serverList","localDependencies":[],"globalDependencies":[],"crossDependencies":[],"keyName":"llll.serverList","safeName":"llll.serverList","codeName":"serverList","qualifiedSafeName":"llll.serverList","field":{"id":"serverList","name":"serverList","dirty":false,"incomplete":false,"initialized":false,"type":"DATAITEM","required":false,"readOnly":false,"allowNull":false,"zeroOnNull":false,"keyField":false,"sorted":false,"indexed":false,"multiIndex":false,"array":true,"arrayUnique":false,"arrayMaxSize":0,"static":false,"abstract":false,"native":false},"id":51}],"id":0}
{"configType":"dataitem","entityName":"server","numFields":18,"lastUpdate":0,"version":-582989281,"dependencyInfos":[{"nodeId":0,"legendPosition":0,"entityName":"server","fieldName":"connector_server_CONNECTOR","dataType":"ANY","calculation":false,"localDependencies":[],"globalDependencies":[],"crossDependencies":[],"codeName":"connector_server_CONNECTOR","field":{"id":"connector_server_CONNECTOR","name":"connector_server_CONNECTOR","dirty":false,"incomplete":false,"initialized":false,"type":"ANY","required":false,"readOnly":false,"allowNull":false,"zeroOnNull":false,"keyField":false,"sorted":false,"indexed":false,"multiIndex":false,"array":false,"arrayUnique":false,"arrayMaxSize":0,"static":false,"abstract":false,"native":false},"id":0},{"nodeId":26,"legendPosition":1,"entityName":"server","fieldName":"id","dataType":"INTEGER","calculation":false,"fullNodeName":"server.id","localDependencies":["server.lineNumber"],"globalDependencies":[],"crossDependencies":[],"keyName":"server.id","safeName":"server.id","codeName":"id","qualifiedSafeName":"server.id","field":{"id":"id","name":"id","dirty":false,"incomplete":false,"initialized":false,"type":"INTEGER","required":false,"readOnly":false,"allowNull":false,"zeroOnNull":false,"keyField":false,"sorted":false,"indexed":false,"multiIndex":false,"array":false,"arrayUnique":false,"arrayMaxSize":0,"static":false,"abstract":false,"native":false},"id":26},{"nodeId":27,"legendPosition":2,"entityName":"server","fieldName":"version","dataType":"INTEGER","calculation":false,"fullNodeName":"server.version","localDependencies":[],"globalDependencies":[],"crossDependencies":[],"keyName":"server.version","safeName":"server.version","codeName":"version","qualifiedSafeName":"server.version","field":{"id":"version","name":"version","dirty":false,"incomplete":false,"initialized":false,"type":"INTEGER","required":false,"readOnly":false,"allowNull":false,"zeroOnNull":false,"keyField":false,"sorted":false,"indexed":false,"multiIndex":false,"array":false,"arrayUnique":false,"arrayMaxSize":0,"static":false,"abstract":false,"native":false},"id":27},{"nodeId":28,"legendPosition":3,"entityName":"server","fieldName":"ruleResults","dataType":"RAW","calculation":true,"fullNodeName":"server.ruleResults","localDependencies":[],"globalDependencies":[],"crossDependencies":[],"keyName":"server.ruleResults","safeName":"server.ruleResults","codeName":"ruleResults","qualifiedSafeName":"server.ruleResults","field":{"id":"ruleResults","name":"ruleResults","dirty":false,"incomplete":false,"initialized":false,"type":"RAW","required":false,"readOnly":false,"allowNull":false,"zeroOnNull":false,"keyField":false,"sorted":false,"indexed":false,"multiIndex":false,"array":true,"arrayUnique":false,"arrayMaxSize":0,"static":false,"abstract":false,"native":false},"id":28},{"nodeId":29,"legendPosition":4,"entityName":"server","fieldName":"errors","dataType":"RAW","calculation":false,"fullNodeName":"server.errors","localDependencies":[],"globalDependencies":[],"crossDependencies":[],"keyName":"server.errors","safeName":"server.errors","codeName":"errors","qualifiedSafeName":"server.errors","field":{"id":"errors","name":"errors","dirty":false,"incomplete":false,"initialized":false,"type":"RAW","required":false,"readOnly":false,"allowNull":false,"zeroOnNull":false,"keyField":false,"sorted":false,"indexed":false,"multiIndex":false,"array":true,"arrayUnique":false,"arrayMaxSize":0,"static":false,"abstract":false,"native":false},"id":29},{"nodeId":30,"legendPosition":5,"entityName":"server","fieldName":"name","dataType":"TEXT","calculation":false,"fullNodeName":"server.name","localDependencies":[],"globalDependencies":[],"crossDependencies":[],"keyName":"server.name","safeName":"server.name","codeName":"name","qualifiedSafeName":"server.name","field":{"id":"name","name":"name","dirty":false,"incomplete":false,"initialized":false,"type":"TEXT","required":false,"readOnly":false,"allowNull":false,"zeroOnNull":false,"keyField":false,"sorted":false,"indexed":false,"multiIndex":false,"array":false,"arrayUnique":false,"arrayMaxSize":0,"static":false,"abstract":false,"native":false},"id":30},{"nodeId":31,"legendPosition":6,"entityName":"server","fieldName":"entityName","dataType":"TEXT","calculation":false,"fullNodeName":"server.entityName","localDependencies":[],"globalDependencies":[],"crossDependencies":[],"keyName":"server.entityName","safeName":"server.entityName","codeName":"entityName","qualifiedSafeName":"server.entityName","field":{"id":"entityName","name":"entityName","dirty":false,"incomplete":false,"initialized":false,"type":"TEXT","required":false,"readOnly":false,"allowNull":false,"zeroOnNull":false,"keyField":false,"sorted":false,"indexed":false,"multiIndex":false,"array":false,"arrayUnique":false,"arrayMaxSize":0,"static":false,"abstract":false,"native":false},"id":31},{"nodeId":32,"legendPosition":7,"entityName":"server","fieldName":"key","dataType":"TEXT","calculation":false,"fullNodeName":"server.key","localDependencies":[],"globalDependencies":[],"crossDependencies":[],"keyName":"server.key","safeName":"server.key","codeName":"key","qualifiedSafeName":"server.key","field":{"id":"key","name":"key","dirty":false,"incomplete":false,"initialized":false,"type":"TEXT","required":false,"readOnly":false,"allowNull":false,"zeroOnNull":false,"keyField":false,"sorted":false,"indexed":false,"multiIndex":false,"array":false,"arrayUnique":false,"arrayMaxSize":0,"static":false,"abstract":false,"native":false},"id":32},{"nodeId":33,"legendPosition":8,"entityName":"server","fieldName":"seriesValue","dataType":"ANY","calculation":false,"fullNodeName":"server.seriesValue","localDependencies":[],"globalDependencies":[],"crossDependencies":[],"keyName":"server.seriesValue","safeName":"server.seriesValue","codeName":"seriesValue","qualifiedSafeName":"server.seriesValue","field":{"id":"seriesValue","name":"seriesValue","dirty":false,"incomplete":false,"initialized":false,"type":"ANY","required":false,"readOnly":false,"allowNull":false,"zeroOnNull":false,"keyField":false,"sorted":false,"indexed":false,"multiIndex":false,"array":false,"arrayUnique":false,"arrayMaxSize":0,"static":false,"abstract":false,"native":false},"id":33},{"nodeId":34,"legendPosition":9,"entityName":"server","fieldName":"keyPrior","dataType":"DATAITEM","calculation":false,"fullNodeName":"server.keyPrior","localDependencies":[],"globalDependencies":[],"crossDependencies":[],"keyName":"server.keyPrior","safeName":"server.keyPrior","codeName":"keyPrior","qualifiedSafeName":"server.keyPrior","field":{"id":"keyPrior","name":"keyPrior","dirty":false,"incomplete":false,"initialized":false,"type":"DATAITEM","required":false,"readOnly":false,"allowNull":false,"zeroOnNull":false,"keyField":false,"sorted":false,"indexed":false,"multiIndex":false,"array":false,"arrayUnique":false,"arrayMaxSize":0,"static":false,"abstract":false,"native":false},"id":34},{"nodeId":35,"legendPosition":10,"entityName":"server","fieldName":"keyNext","dataType":"DATAITEM","calculation":false,"fullNodeName":"server.keyNext","localDependencies":[],"globalDependencies":[],"crossDependencies":[],"keyName":"server.keyNext","safeName":"server.keyNext","codeName":"keyNext","qualifiedSafeName":"server.keyNext","field":{"id":"keyNext","name":"keyNext","dirty":false,"incomplete":false,"initialized":false,"type":"DATAITEM","required":false,"readOnly":false,"allowNull":false,"zeroOnNull":false,"keyField":false,"sorted":false,"indexed":false,"multiIndex":false,"array":false,"arrayUnique":false,"arrayMaxSize":0,"static":false,"abstract":false,"native":false},"id":35},{"nodeId":36,"legendPosition":11,"entityName":"server","fieldName":"keyPosition","dataType":"INTEGER","calculation":false,"fullNodeName":"server.keyPosition","localDependencies":[],"globalDependencies":[],"crossDependencies":[],"keyName":"server.keyPosition","safeName":"server.keyPosition","codeName":"keyPosition","qualifiedSafeName":"server.keyPosition","field":{"id":"keyPosition","name":"keyPosition","dirty":false,"incomplete":false,"initialized":false,"type":"INTEGER","required":false,"readOnly":false,"allowNull":false,"zeroOnNull":false,"keyField":false,"sorted":false,"indexed":false,"multiIndex":false,"array":false,"arrayUnique":false,"arrayMaxSize":0,"static":false,"abstract":false,"native":false},"id":36},{"nodeId":37,"legendPosition":12,"entityName":"server","fieldName":"keyNavigation","dataType":"ANY","calculation":false,"fullNodeName":"server.keyNavigation","localDependencies":[],"globalDependencies":[],"crossDependencies":[],"keyName":"server.keyNavigation","safeName":"server.keyNavigation","codeName":"keyNavigation","qualifiedSafeName":"server.keyNavigation","field":{"id":"keyNavigation","name":"keyNavigation","dirty":false,"incomplete":false,"initialized":false,"type":"ANY","required":false,"readOnly":false,"allowNull":false,"zeroOnNull":false,"keyField":false,"sorted":false,"indexed":false,"multiIndex":false,"array":false,"arrayUnique":false,"arrayMaxSize":0,"static":false,"abstract":false,"native":false},"id":37},{"nodeId":38,"legendPosition":13,"entityName":"server","fieldName":"model","dataType":"DATAITEM","calculation":false,"fullNodeName":"server.model","localDependencies":[],"globalDependencies":[],"crossDependencies":[],"keyName":"server.model","safeName":"server.model","codeName":"model","qualifiedSafeName":"server.model","field":{"id":"model","name":"model","dirty":false,"incomplete":false,"initialized":false,"type":"DATAITEM","required":false,"readOnly":false,"allowNull":false,"zeroOnNull":false,"keyField":false,"sorted":false,"indexed":false,"multiIndex":false,"array":false,"arrayUnique":false,"arrayMaxSize":0,"static":false,"abstract":false,"native":false},"id":38},{"nodeId":0,"legendPosition":14,"entityName":"server","fieldName":"view_id_","dataType":"INTEGER","calculation":false,"localDependencies":[],"globalDependencies":[],"crossDependencies":[],"codeName":"view_id_","field":{"id":"view_id_","name":"view_id_","dirty":false,"incomplete":false,"initialized":false,"type":"INTEGER","required":false,"readOnly":false,"allowNull":false,"zeroOnNull":false,"keyField":false,"sorted":false,"indexed":false,"multiIndex":false,"array":false,"arrayUnique":false,"arrayMaxSize":0,"static":false,"abstract":false,"native":false},"id":0},{"nodeId":48,"legendPosition":15,"entityName":"server","fieldName":"sourceName","dataType":"TEXT","calculation":false,"fullNodeName":"server.sourceName","localDependencies":[],"globalDependencies":[],"crossDependencies":[],"keyName":"server.sourceName","safeName":"server.sourceName","codeName":"sourceName","qualifiedSafeName":"server.sourceName","field":{"id":"sourceName","name":"sourceName","dirty":false,"incomplete":false,"initialized":false,"type":"TEXT","required":false,"readOnly":false,"allowNull":false,"zeroOnNull":false,"keyField":false,"sorted":false,"indexed":false,"multiIndex":false,"array":false,"arrayUnique":false,"arrayMaxSize":0,"static":false,"abstract":false,"native":false},"id":48},{"nodeId":49,"legendPosition":16,"entityName":"server","fieldName":"lineNumber","dataType":"INTEGER","calculation":false,"fullNodeName":"server.lineNumber","localDependencies":[],"globalDependencies":[],"crossDependencies":[],"keyName":"server.lineNumber","safeName":"server.lineNumber","codeName":"lineNumber","qualifiedSafeName":"server.lineNumber","field":{"id":"lineNumber","name":"lineNumber","dirty":false,"incomplete":false,"initialized":false,"type":"INTEGER","required":false,"readOnly":false,"allowNull":false,"zeroOnNull":false,"keyField":false,"sorted":false,"indexed":false,"multiIndex":false,"array":false,"arrayUnique":false,"arrayMaxSize":0,"static":false,"abstract":false,"native":false},"id":49},{"nodeId":50,"legendPosition":17,"entityName":"server","fieldName":"xmlResponse","dataType":"MAP","calculation":false,"fullNodeName":"server.xmlResponse","localDependencies":[],"globalDependencies":[],"crossDependencies":[],"keyName":"server.xmlResponse","safeName":"server.xmlResponse","codeName":"xmlResponse","qualifiedSafeName":"server.xmlResponse","field":{"id":"xmlResponse","name":"xmlResponse","dirty":false,"incomplete":false,"initialized":false,"type":"MAP","required":false,"readOnly":false,"allowNull":false,"zeroOnNull":false,"keyField":false,"sorted":false,"indexed":false,"multiIndex":false,"array":false,"arrayUnique":false,"arrayMaxSize":0,"static":false,"abstract":false,"native":false},"id":50}],"id":0}
