{"configType":"model","entityName":"fffff","numFields":16,"lastUpdate":3,"version":-1964721877,"dependencyInfos":[{"nodeId":4,"legendPosition":0,"entityName":"fffff","lastGlobalUpdate":3,"fieldName":"id","dataType":"INTEGER","calculation":false,"fullNodeName":"fffff.id","localDependencies":[],"globalDependencies":[],"crossDependencies":[],"keyName":"fffff.id","safeName":"fffff.id","qualifiedSafeName":"fffff.id","codeName":"id","field":{"id":"id","name":"id","dirty":false,"incomplete":false,"initialized":false,"type":"INTEGER","required":false,"readOnly":false,"allowNull":false,"zeroOnNull":false,"keyField":false,"sorted":false,"indexed":false,"multiIndex":false,"array":false,"arrayUnique":false,"arrayMaxSize":0,"abstract":false,"static":false,"native":false},"id":4},{"nodeId":5,"legendPosition":1,"entityName":"fffff","lastGlobalUpdate":3,"fieldName":"version","dataType":"INTEGER","calculation":false,"fullNodeName":"fffff.version","localDependencies":[],"globalDependencies":[],"crossDependencies":[],"keyName":"fffff.version","safeName":"fffff.version","qualifiedSafeName":"fffff.version","codeName":"version","field":{"id":"version","name":"version","dirty":false,"incomplete":false,"initialized":false,"type":"INTEGER","required":false,"readOnly":false,"allowNull":false,"zeroOnNull":false,"keyField":false,"sorted":false,"indexed":false,"multiIndex":false,"array":false,"arrayUnique":false,"arrayMaxSize":0,"abstract":false,"static":false,"native":false},"id":5},{"nodeId":6,"legendPosition":2,"entityName":"fffff","lastGlobalUpdate":3,"fieldName":"ruleResults","dataType":"RAW","calculation":true,"fullNodeName":"fffff.ruleResults","localDependencies":[],"globalDependencies":[],"crossDependencies":[],"keyName":"fffff.ruleResults","safeName":"fffff.ruleResults","qualifiedSafeName":"fffff.ruleResults","codeName":"ruleResults","field":{"id":"ruleResults","name":"ruleResults","dirty":false,"incomplete":false,"initialized":false,"type":"RAW","required":false,"readOnly":false,"allowNull":false,"zeroOnNull":false,"keyField":false,"sorted":false,"indexed":false,"multiIndex":false,"array":true,"arrayUnique":false,"arrayMaxSize":0,"abstract":false,"static":false,"native":false},"id":6},{"nodeId":7,"legendPosition":3,"entityName":"fffff","lastGlobalUpdate":3,"fieldName":"errors","dataType":"RAW","calculation":false,"fullNodeName":"fffff.errors","localDependencies":[],"globalDependencies":[],"crossDependencies":[],"keyName":"fffff.errors","safeName":"fffff.errors","qualifiedSafeName":"fffff.errors","codeName":"errors","field":{"id":"errors","name":"errors","dirty":false,"incomplete":false,"initialized":false,"type":"RAW","required":false,"readOnly":false,"allowNull":false,"zeroOnNull":false,"keyField":false,"sorted":false,"indexed":false,"multiIndex":false,"array":true,"arrayUnique":false,"arrayMaxSize":0,"abstract":false,"static":false,"native":false},"id":7},{"nodeId":8,"legendPosition":4,"entityName":"fffff","lastGlobalUpdate":3,"fieldName":"name","dataType":"TEXT","calculation":false,"fullNodeName":"fffff.name","localDependencies":[],"globalDependencies":[],"crossDependencies":[],"keyName":"fffff.name","safeName":"fffff.name","qualifiedSafeName":"fffff.name","codeName":"name","field":{"id":"name","name":"name","dirty":false,"incomplete":false,"initialized":false,"type":"TEXT","required":false,"readOnly":false,"allowNull":false,"zeroOnNull":false,"keyField":false,"sorted":false,"indexed":false,"multiIndex":false,"array":false,"arrayUnique":false,"arrayMaxSize":0,"abstract":false,"static":false,"native":false},"id":8},{"nodeId":9,"legendPosition":5,"entityName":"fffff","lastGlobalUpdate":3,"fieldName":"entityName","dataType":"TEXT","calculation":false,"fullNodeName":"fffff.entityName","localDependencies":[],"globalDependencies":[],"crossDependencies":[],"keyName":"fffff.entityName","safeName":"fffff.entityName","qualifiedSafeName":"fffff.entityName","codeName":"entityName","field":{"id":"entityName","name":"entityName","dirty":false,"incomplete":false,"initialized":false,"type":"TEXT","required":false,"readOnly":false,"allowNull":false,"zeroOnNull":false,"keyField":false,"sorted":false,"indexed":false,"multiIndex":false,"array":false,"arrayUnique":false,"arrayMaxSize":0,"abstract":false,"static":false,"native":false},"id":9},{"nodeId":10,"legendPosition":6,"entityName":"fffff","lastGlobalUpdate":3,"fieldName":"key","dataType":"TEXT","calculation":false,"fullNodeName":"fffff.key","localDependencies":[],"globalDependencies":[],"crossDependencies":[],"keyName":"fffff.key","safeName":"fffff.key","qualifiedSafeName":"fffff.key","codeName":"key","field":{"id":"key","name":"key","dirty":false,"incomplete":false,"initialized":false,"type":"TEXT","required":false,"readOnly":false,"allowNull":false,"zeroOnNull":false,"keyField":false,"sorted":false,"indexed":false,"multiIndex":false,"array":false,"arrayUnique":false,"arrayMaxSize":0,"abstract":false,"static":false,"native":false},"id":10},{"nodeId":11,"legendPosition":7,"entityName":"fffff","lastGlobalUpdate":3,"fieldName":"seriesValue","dataType":"ANY","calculation":false,"fullNodeName":"fffff.seriesValue","localDependencies":[],"globalDependencies":[],"crossDependencies":[],"keyName":"fffff.seriesValue","safeName":"fffff.seriesValue","qualifiedSafeName":"fffff.seriesValue","codeName":"seriesValue","field":{"id":"seriesValue","name":"seriesValue","dirty":false,"incomplete":false,"initialized":false,"type":"ANY","required":false,"readOnly":false,"allowNull":false,"zeroOnNull":false,"keyField":false,"sorted":false,"indexed":false,"multiIndex":false,"array":false,"arrayUnique":false,"arrayMaxSize":0,"abstract":false,"static":false,"native":false},"id":11},{"nodeId":12,"legendPosition":8,"entityName":"fffff","lastGlobalUpdate":3,"fieldName":"keyPrior","dataType":"DATAITEM","calculation":false,"fullNodeName":"fffff.keyPrior","localDependencies":[],"globalDependencies":[],"crossDependencies":[],"keyName":"fffff.keyPrior","safeName":"fffff.keyPrior","qualifiedSafeName":"fffff.keyPrior","codeName":"keyPrior","field":{"id":"keyPrior","name":"keyPrior","dirty":false,"incomplete":false,"initialized":false,"type":"DATAITEM","required":false,"readOnly":false,"allowNull":false,"zeroOnNull":false,"keyField":false,"sorted":false,"indexed":false,"multiIndex":false,"array":false,"arrayUnique":false,"arrayMaxSize":0,"abstract":false,"static":false,"native":false},"id":12},{"nodeId":13,"legendPosition":9,"entityName":"fffff","lastGlobalUpdate":3,"fieldName":"keyNext","dataType":"DATAITEM","calculation":false,"fullNodeName":"fffff.keyNext","localDependencies":[],"globalDependencies":[],"crossDependencies":[],"keyName":"fffff.keyNext","safeName":"fffff.keyNext","qualifiedSafeName":"fffff.keyNext","codeName":"keyNext","field":{"id":"keyNext","name":"keyNext","dirty":false,"incomplete":false,"initialized":false,"type":"DATAITEM","required":false,"readOnly":false,"allowNull":false,"zeroOnNull":false,"keyField":false,"sorted":false,"indexed":false,"multiIndex":false,"array":false,"arrayUnique":false,"arrayMaxSize":0,"abstract":false,"static":false,"native":false},"id":13},{"nodeId":14,"legendPosition":10,"entityName":"fffff","lastGlobalUpdate":3,"fieldName":"keyPosition","dataType":"INTEGER","calculation":false,"fullNodeName":"fffff.keyPosition","localDependencies":[],"globalDependencies":[],"crossDependencies":[],"keyName":"fffff.keyPosition","safeName":"fffff.keyPosition","qualifiedSafeName":"fffff.keyPosition","codeName":"keyPosition","field":{"id":"keyPosition","name":"keyPosition","dirty":false,"incomplete":false,"initialized":false,"type":"INTEGER","required":false,"readOnly":false,"allowNull":false,"zeroOnNull":false,"keyField":false,"sorted":false,"indexed":false,"multiIndex":false,"array":false,"arrayUnique":false,"arrayMaxSize":0,"abstract":false,"static":false,"native":false},"id":14},{"nodeId":15,"legendPosition":11,"entityName":"fffff","lastGlobalUpdate":3,"fieldName":"keyNavigation","dataType":"ANY","calculation":false,"fullNodeName":"fffff.keyNavigation","localDependencies":[],"globalDependencies":[],"crossDependencies":[],"keyName":"fffff.keyNavigation","safeName":"fffff.keyNavigation","qualifiedSafeName":"fffff.keyNavigation","codeName":"keyNavigation","field":{"id":"keyNavigation","name":"keyNavigation","dirty":false,"incomplete":false,"initialized":false,"type":"ANY","required":false,"readOnly":false,"allowNull":false,"zeroOnNull":false,"keyField":false,"sorted":false,"indexed":false,"multiIndex":false,"array":false,"arrayUnique":false,"arrayMaxSize":0,"abstract":false,"static":false,"native":false},"id":15},{"nodeId":16,"legendPosition":12,"entityName":"fffff","lastGlobalUpdate":3,"fieldName":"model","dataType":"DATAITEM","calculation":false,"fullNodeName":"fffff.model","localDependencies":[],"globalDependencies":[],"crossDependencies":[],"keyName":"fffff.model","safeName":"fffff.model","qualifiedSafeName":"fffff.model","codeName":"model","field":{"id":"model","name":"model","dirty":false,"incomplete":false,"initialized":false,"type":"DATAITEM","required":false,"readOnly":false,"allowNull":false,"zeroOnNull":false,"keyField":false,"sorted":false,"indexed":false,"multiIndex":false,"array":false,"arrayUnique":false,"arrayMaxSize":0,"abstract":false,"static":false,"native":false},"id":16},{"nodeId":0,"legendPosition":13,"entityName":"fffff","fieldName":"view_id_","dataType":"INTEGER","calculation":false,"localDependencies":[],"globalDependencies":[],"crossDependencies":[],"codeName":"view_id_","field":{"id":"view_id_","name":"view_id_","dirty":false,"incomplete":false,"initialized":false,"type":"INTEGER","required":false,"readOnly":false,"allowNull":false,"zeroOnNull":false,"keyField":false,"sorted":false,"indexed":false,"multiIndex":false,"array":false,"arrayUnique":false,"arrayMaxSize":0,"abstract":false,"static":false,"native":false},"id":0},{"nodeId":0,"legendPosition":14,"entityName":"fffff","fieldName":"view_fffff","dataType":"ANY","calculation":false,"localDependencies":[],"globalDependencies":[],"crossDependencies":[],"codeName":"view_fffff","field":{"id":"view_fffff","name":"view_fffff","dirty":false,"incomplete":false,"initialized":false,"type":"ANY","required":false,"readOnly":false,"allowNull":false,"zeroOnNull":false,"keyField":false,"sorted":false,"indexed":false,"multiIndex":false,"array":false,"arrayUnique":false,"arrayMaxSize":0,"abstract":false,"static":false,"native":false},"id":0},{"nodeId":0,"legendPosition":15,"entityName":"fffff","fieldName":"fffffSeries","dataType":"ANY","calculation":false,"localDependencies":[],"globalDependencies":[],"crossDependencies":[],"codeName":"fffffSeries","field":{"id":"fffffSeries","name":"fffffSeries","dirty":false,"incomplete":false,"initialized":false,"type":"ANY","required":false,"readOnly":false,"allowNull":false,"zeroOnNull":false,"keyField":false,"sorted":false,"indexed":false,"multiIndex":false,"array":false,"arrayUnique":false,"arrayMaxSize":0,"abstract":false,"static":false,"native":false},"id":0}],"id":0}
