{"id":4,"_locked":false,"symbol":"ABBV","priceTarget":68.29,"sourceName":"StockTutorial_PriceTarget.csv","lineNumber":3}
{"id":11,"_locked":false,"symbol":"AMG","priceTarget":149.06,"sourceName":"StockTutorial_PriceTarget.csv","lineNumber":11}
{"id":12,"_locked":false,"symbol":"A","priceTarget":46.2,"sourceName":"StockTutorial_PriceTarget.csv","lineNumber":13}
{"id":13,"_locked":false,"symbol":"AFL","priceTarget":83.6,"sourceName":"StockTutorial_PriceTarget.csv","lineNumber":12}
{"id":14,"_locked":false,"symbol":"APD","priceTarget":153.62,"sourceName":"StockTutorial_PriceTarget.csv","lineNumber":14}
{"id":15,"_locked":false,"symbol":"AKAM","priceTarget":66.75,"sourceName":"StockTutorial_PriceTarget.csv","lineNumber":15}
{"id":1,"_locked":false,"symbol":"MMM","priceTarget":193.8,"sourceName":"StockTutorial_PriceTarget.csv","lineNumber":1}
{"id":3,"_locked":false,"symbol":"ABT","priceTarget":41.75,"sourceName":"StockTutorial_PriceTarget.csv","lineNumber":2}
{"id":16,"_locked":false,"symbol":"ALK","priceTarget":67.13,"sourceName":"StockTutorial_PriceTarget.csv","lineNumber":16}
{"id":17,"_locked":false,"symbol":"ALB","priceTarget":93.19,"sourceName":"StockTutorial_PriceTarget.csv","lineNumber":17}
{"id":18,"_locked":false,"symbol":"ALXN","priceTarget":121.88,"sourceName":"StockTutorial_PriceTarget.csv","lineNumber":19}
{"id":2,"_locked":false,"symbol":"ATVI","priceTarget":44.68,"sourceName":"StockTutorial_PriceTarget.csv","lineNumber":5}
{"id":6,"_locked":false,"symbol":"AYI","priceTarget":274.28,"sourceName":"StockTutorial_PriceTarget.csv","lineNumber":6}
{"id":19,"_locked":false,"symbol":"AGN","priceTarget":234.16,"sourceName":"StockTutorial_PriceTarget.csv","lineNumber":21}
{"id":21,"_locked":false,"symbol":"AMZN","priceTarget":784.92,"sourceName":"StockTutorial_PriceTarget.csv","lineNumber":28}
{"id":20,"_locked":false,"symbol":"LNT","priceTarget":43.01,"sourceName":"StockTutorial_PriceTarget.csv","lineNumber":23}
{"id":22,"_locked":false,"symbol":"AAL","priceTarget":28.98,"sourceName":"StockTutorial_PriceTarget.csv","lineNumber":30}
{"id":23,"_locked":false,"symbol":"AEE","priceTarget":54.91,"sourceName":"StockTutorial_PriceTarget.csv","lineNumber":29}
{"id":24,"_locked":false,"symbol":"AEP","priceTarget":71.48,"sourceName":"StockTutorial_PriceTarget.csv","lineNumber":31}
{"id":25,"_locked":false,"symbol":"AXP","priceTarget":67.71,"sourceName":"StockTutorial_PriceTarget.csv","lineNumber":32}
{"id":27,"_locked":false,"symbol":"ALL","priceTarget":81.26,"sourceName":"StockTutorial_PriceTarget.csv","lineNumber":24}
{"id":26,"_locked":false,"symbol":"AIG","priceTarget":52.53,"sourceName":"StockTutorial_PriceTarget.csv","lineNumber":33}
{"id":28,"_locked":false,"symbol":"AMT","priceTarget":122.92,"sourceName":"StockTutorial_PriceTarget.csv","lineNumber":34}
{"id":29,"_locked":false,"symbol":"AWK","priceTarget":83.41,"sourceName":"StockTutorial_PriceTarget.csv","lineNumber":35}
{"id":30,"_locked":false,"symbol":"ALLE","priceTarget":69.02,"sourceName":"StockTutorial_PriceTarget.csv","lineNumber":20}
{"id":32,"_locked":false,"symbol":"AMP","priceTarget":100.29,"sourceName":"StockTutorial_PriceTarget.csv","lineNumber":36}
{"id":33,"_locked":false,"symbol":"GOOGL","priceTarget":765.05,"sourceName":"StockTutorial_PriceTarget.csv","lineNumber":25}
{"id":31,"_locked":false,"symbol":"GOOG","priceTarget":865.5,"sourceName":"StockTutorial_PriceTarget.csv","lineNumber":26}
{"id":34,"_locked":false,"symbol":"ABC","priceTarget":78.46,"sourceName":"StockTutorial_PriceTarget.csv","lineNumber":37}
{"id":35,"_locked":false,"symbol":"MO","priceTarget":76.89,"sourceName":"StockTutorial_PriceTarget.csv","lineNumber":27}
{"id":9,"_locked":false,"symbol":"AES","priceTarget":12.26,"sourceName":"StockTutorial_PriceTarget.csv","lineNumber":9}
{"id":7,"_locked":false,"symbol":"ADBE","priceTarget":111.64,"sourceName":"StockTutorial_PriceTarget.csv","lineNumber":7}
{"id":37,"_locked":false,"symbol":"AA","priceTarget":10.28,"sourceName":"StockTutorial_PriceTarget.csv","lineNumber":18}
{"id":38,"_locked":false,"symbol":"APH","priceTarget":61.74,"sourceName":"StockTutorial_PriceTarget.csv","lineNumber":40}
{"id":36,"_locked":false,"symbol":"AME","priceTarget":46.38,"sourceName":"StockTutorial_PriceTarget.csv","lineNumber":38}
{"id":39,"_locked":false,"symbol":"APC","priceTarget":63.43,"sourceName":"StockTutorial_PriceTarget.csv","lineNumber":41}
{"id":40,"_locked":false,"symbol":"AMGN","priceTarget":149.81,"sourceName":"StockTutorial_PriceTarget.csv","lineNumber":39}
{"id":43,"_locked":false,"symbol":"AON","priceTarget":125.7,"sourceName":"StockTutorial_PriceTarget.csv","lineNumber":44}
{"id":46,"_locked":false,"symbol":"AAPL","priceTarget":105.89,"sourceName":"StockTutorial_PriceTarget.csv","lineNumber":47}
{"id":44,"_locked":false,"symbol":"APA","priceTarget":60.84,"sourceName":"StockTutorial_PriceTarget.csv","lineNumber":45}
{"id":45,"_locked":false,"symbol":"AIV","priceTarget":47.65,"sourceName":"StockTutorial_PriceTarget.csv","lineNumber":46}
{"id":8,"_locked":false,"symbol":"AAP","priceTarget":186.17,"sourceName":"StockTutorial_PriceTarget.csv","lineNumber":8}
{"id":47,"_locked":false,"symbol":"ADM","priceTarget":46.82,"sourceName":"StockTutorial_PriceTarget.csv","lineNumber":49}
{"id":41,"_locked":false,"symbol":"ADI","priceTarget":70.51,"sourceName":"StockTutorial_PriceTarget.csv","lineNumber":42}
{"id":48,"_locked":false,"symbol":"AMAT","priceTarget":28.51,"sourceName":"StockTutorial_PriceTarget.csv","lineNumber":48}
{"id":42,"_locked":false,"symbol":"ANTM","priceTarget":128.78,"sourceName":"StockTutorial_PriceTarget.csv","lineNumber":43}
{"id":49,"_locked":false,"symbol":"AJG","priceTarget":55.37,"sourceName":"StockTutorial_PriceTarget.csv","lineNumber":50}
{"id":53,"_locked":false,"symbol":"ADP","priceTarget":108.75,"sourceName":"StockTutorial_PriceTarget.csv","lineNumber":54}
{"id":50,"_locked":false,"symbol":"AIZ","priceTarget":94.84,"sourceName":"StockTutorial_PriceTarget.csv","lineNumber":51}
{"id":51,"_locked":false,"symbol":"T","priceTarget":43.69,"sourceName":"StockTutorial_PriceTarget.csv","lineNumber":52}
{"id":55,"_locked":false,"symbol":"AZO","priceTarget":876.86,"sourceName":"StockTutorial_PriceTarget.csv","lineNumber":56}
{"id":52,"_locked":false,"symbol":"ADSK","priceTarget":64.15,"sourceName":"StockTutorial_PriceTarget.csv","lineNumber":53}
{"id":57,"_locked":false,"symbol":"AVB","priceTarget":202.46,"sourceName":"StockTutorial_PriceTarget.csv","lineNumber":58}
{"id":58,"_locked":false,"symbol":"AVY","priceTarget":77.94,"sourceName":"StockTutorial_PriceTarget.csv","lineNumber":59}
{"id":60,"_locked":false,"symbol":"BLL","priceTarget":75.43,"sourceName":"StockTutorial_PriceTarget.csv","lineNumber":61}
{"id":59,"_locked":false,"symbol":"BHI","priceTarget":50.91,"sourceName":"StockTutorial_PriceTarget.csv","lineNumber":60}
{"id":54,"_locked":false,"symbol":"AN","priceTarget":59.26,"sourceName":"StockTutorial_PriceTarget.csv","lineNumber":55}
{"id":61,"_locked":false,"symbol":"BAC","priceTarget":14.13,"sourceName":"StockTutorial_PriceTarget.csv","lineNumber":62}
{"id":56,"_locked":false,"symbol":"AVGO","priceTarget":168.43,"sourceName":"StockTutorial_PriceTarget.csv","lineNumber":57}
{"id":5,"_locked":false,"symbol":"ACN","priceTarget":132.78,"sourceName":"StockTutorial_PriceTarget.csv","lineNumber":4}
{"id":64,"_locked":false,"symbol":"BBT","priceTarget":35.53,"sourceName":"StockTutorial_PriceTarget.csv","lineNumber":65}
{"id":63,"_locked":false,"symbol":"BAX","priceTarget":44.41,"sourceName":"StockTutorial_PriceTarget.csv","lineNumber":64}
{"id":66,"_locked":false,"symbol":"BDX","priceTarget":163.11,"sourceName":"StockTutorial_PriceTarget.csv","lineNumber":66}
{"id":65,"_locked":false,"symbol":"ADS","priceTarget":232.54,"sourceName":"StockTutorial_PriceTarget.csv","lineNumber":22}
{"id":68,"_locked":false,"symbol":"BRK-B","priceTarget":158.54,"sourceName":"StockTutorial_PriceTarget.csv","lineNumber":68}
{"id":62,"_locked":false,"symbol":"BCR","priceTarget":217.88,"sourceName":"StockTutorial_PriceTarget.csv","lineNumber":63}
{"id":71,"_locked":false,"symbol":"BLK","priceTarget":366.52,"sourceName":"StockTutorial_PriceTarget.csv","lineNumber":71}
{"id":72,"_locked":false,"symbol":"HRB","priceTarget":25.74,"sourceName":"StockTutorial_PriceTarget.csv","lineNumber":72}
{"id":67,"_locked":false,"symbol":"BBBY","priceTarget":50.48,"sourceName":"StockTutorial_PriceTarget.csv","lineNumber":67}
{"id":69,"_locked":false,"symbol":"BBY","priceTarget":34.02,"sourceName":"StockTutorial_PriceTarget.csv","lineNumber":69}
{"id":73,"_locked":false,"symbol":"BA","priceTarget":132.21,"sourceName":"StockTutorial_PriceTarget.csv","lineNumber":73}
{"id":74,"_locked":false,"symbol":"BWA","priceTarget":35.31,"sourceName":"StockTutorial_PriceTarget.csv","lineNumber":74}
{"id":75,"_locked":false,"symbol":"BXP","priceTarget":131.24,"sourceName":"StockTutorial_PriceTarget.csv","lineNumber":75}
{"id":70,"_locked":false,"symbol":"BIIB","priceTarget":253.26,"sourceName":"StockTutorial_PriceTarget.csv","lineNumber":70}
{"id":77,"_locked":false,"symbol":"BMY","priceTarget":74.42,"sourceName":"StockTutorial_PriceTarget.csv","lineNumber":77}
{"id":78,"_locked":false,"symbol":"BF-B","priceTarget":98.15,"sourceName":"StockTutorial_PriceTarget.csv","lineNumber":78}
{"id":76,"_locked":false,"symbol":"BSX","priceTarget":23.76,"sourceName":"StockTutorial_PriceTarget.csv","lineNumber":76}
{"id":81,"_locked":false,"symbol":"COG","priceTarget":29.47,"sourceName":"StockTutorial_PriceTarget.csv","lineNumber":81}
{"id":83,"_locked":false,"symbol":"COF","priceTarget":71.11,"sourceName":"StockTutorial_PriceTarget.csv","lineNumber":83}
{"id":82,"_locked":false,"symbol":"CPB","priceTarget":67.5,"sourceName":"StockTutorial_PriceTarget.csv","lineNumber":82}
{"id":85,"_locked":false,"symbol":"CCL","priceTarget":51.96,"sourceName":"StockTutorial_PriceTarget.csv","lineNumber":86}
{"id":79,"_locked":false,"symbol":"CHRW","priceTarget":82.58,"sourceName":"StockTutorial_PriceTarget.csv","lineNumber":79}
{"id":80,"_locked":false,"symbol":"CA","priceTarget":37.45,"sourceName":"StockTutorial_PriceTarget.csv","lineNumber":80}
{"id":86,"_locked":false,"symbol":"KMX","priceTarget":55.04,"sourceName":"StockTutorial_PriceTarget.csv","lineNumber":85}
{"id":84,"_locked":false,"symbol":"CAH","priceTarget":75.71,"sourceName":"StockTutorial_PriceTarget.csv","lineNumber":84}
{"id":89,"_locked":false,"symbol":"CBS","priceTarget":66.62,"sourceName":"StockTutorial_PriceTarget.csv","lineNumber":89}
{"id":91,"_locked":false,"symbol":"CNC","priceTarget":78.35,"sourceName":"StockTutorial_PriceTarget.csv","lineNumber":91}
{"id":90,"_locked":false,"symbol":"CELG","priceTarget":105,"sourceName":"StockTutorial_PriceTarget.csv","lineNumber":90}
{"id":88,"_locked":false,"symbol":"CBG","priceTarget":30.35,"sourceName":"StockTutorial_PriceTarget.csv","lineNumber":88}
{"id":87,"_locked":false,"symbol":"CAT","priceTarget":87.83,"sourceName":"StockTutorial_PriceTarget.csv","lineNumber":87}
{"id":94,"_locked":false,"symbol":"CERN","priceTarget":59.59,"sourceName":"StockTutorial_PriceTarget.csv","lineNumber":94}
{"id":96,"_locked":false,"symbol":"SCHW","priceTarget":28.39,"sourceName":"StockTutorial_PriceTarget.csv","lineNumber":96}
{"id":93,"_locked":false,"symbol":"CTL","priceTarget":33.41,"sourceName":"StockTutorial_PriceTarget.csv","lineNumber":93}
{"id":92,"_locked":false,"symbol":"CNP","priceTarget":24.76,"sourceName":"StockTutorial_PriceTarget.csv","lineNumber":92}
{"id":97,"_locked":false,"symbol":"CHK","priceTarget":5.15,"sourceName":"StockTutorial_PriceTarget.csv","lineNumber":97}
{"id":99,"_locked":false,"symbol":"CMG","priceTarget":456.09,"sourceName":"StockTutorial_PriceTarget.csv","lineNumber":99}
{"id":95,"_locked":false,"symbol":"CF","priceTarget":27,"sourceName":"StockTutorial_PriceTarget.csv","lineNumber":95}
{"id":98,"_locked":false,"symbol":"CVX","priceTarget":123.8,"sourceName":"StockTutorial_PriceTarget.csv","lineNumber":98}
{"id":101,"_locked":false,"symbol":"CHD","priceTarget":110.42,"sourceName":"StockTutorial_PriceTarget.csv","lineNumber":101}
{"id":102,"_locked":false,"symbol":"CI","priceTarget":111.34,"sourceName":"StockTutorial_PriceTarget.csv","lineNumber":102}
{"id":105,"_locked":false,"symbol":"CTAS","priceTarget":101.25,"sourceName":"StockTutorial_PriceTarget.csv","lineNumber":105}
{"id":100,"_locked":false,"symbol":"CB","priceTarget":131.46,"sourceName":"StockTutorial_PriceTarget.csv","lineNumber":100}
{"id":106,"_locked":false,"symbol":"CSCO","priceTarget":34.32,"sourceName":"StockTutorial_PriceTarget.csv","lineNumber":106}
{"id":109,"_locked":false,"symbol":"CTXS","priceTarget":101.86,"sourceName":"StockTutorial_PriceTarget.csv","lineNumber":109}
{"id":108,"_locked":false,"symbol":"CFG","priceTarget":21.51,"sourceName":"StockTutorial_PriceTarget.csv","lineNumber":108}
{"id":110,"_locked":false,"symbol":"CME","priceTarget":113.02,"sourceName":"StockTutorial_PriceTarget.csv","lineNumber":110}
{"id":103,"_locked":false,"symbol":"XEC","priceTarget":133.24,"sourceName":"StockTutorial_PriceTarget.csv","lineNumber":103}
{"id":104,"_locked":false,"symbol":"CINF","priceTarget":89.47,"sourceName":"StockTutorial_PriceTarget.csv","lineNumber":104}
{"id":111,"_locked":false,"symbol":"CMS","priceTarget":46.07,"sourceName":"StockTutorial_PriceTarget.csv","lineNumber":111}
{"id":107,"_locked":false,"symbol":"C","priceTarget":47.02,"sourceName":"StockTutorial_PriceTarget.csv","lineNumber":107}
{"id":113,"_locked":false,"symbol":"CTSH","priceTarget":68.55,"sourceName":"StockTutorial_PriceTarget.csv","lineNumber":113}
{"id":114,"_locked":false,"symbol":"CL","priceTarget":73.39,"sourceName":"StockTutorial_PriceTarget.csv","lineNumber":114}
{"id":112,"_locked":false,"symbol":"COH","priceTarget":47.23,"sourceName":"StockTutorial_PriceTarget.csv","lineNumber":112}
{"id":119,"_locked":false,"symbol":"COP","priceTarget":46.73,"sourceName":"StockTutorial_PriceTarget.csv","lineNumber":119}
{"id":116,"_locked":false,"symbol":"CMA","priceTarget":44.5,"sourceName":"StockTutorial_PriceTarget.csv","lineNumber":116}
{"id":115,"_locked":false,"symbol":"CMCSA","priceTarget":72.5,"sourceName":"StockTutorial_PriceTarget.csv","lineNumber":115}
{"id":121,"_locked":false,"symbol":"STZ","priceTarget":172.96,"sourceName":"StockTutorial_PriceTarget.csv","lineNumber":121}
{"id":122,"_locked":false,"symbol":"GLW","priceTarget":23.53,"sourceName":"StockTutorial_PriceTarget.csv","lineNumber":122}
{"id":117,"_locked":false,"symbol":"CAG","priceTarget":48.93,"sourceName":"StockTutorial_PriceTarget.csv","lineNumber":117}
{"id":118,"_locked":false,"symbol":"CXO","priceTarget":135.53,"sourceName":"StockTutorial_PriceTarget.csv","lineNumber":118}
{"id":120,"_locked":false,"symbol":"ED","priceTarget":78.85,"sourceName":"StockTutorial_PriceTarget.csv","lineNumber":120}
{"id":124,"_locked":false,"symbol":"COST","priceTarget":170.62,"sourceName":"StockTutorial_PriceTarget.csv","lineNumber":123}
{"id":125,"_locked":false,"symbol":"CSRA","priceTarget":26.11,"sourceName":"StockTutorial_PriceTarget.csv","lineNumber":125}
{"id":126,"_locked":false,"symbol":"CSX","priceTarget":26.82,"sourceName":"StockTutorial_PriceTarget.csv","lineNumber":126}
{"id":127,"_locked":false,"symbol":"CMI","priceTarget":130.58,"sourceName":"StockTutorial_PriceTarget.csv","lineNumber":127}
{"id":128,"_locked":false,"symbol":"DHI","priceTarget":39.08,"sourceName":"StockTutorial_PriceTarget.csv","lineNumber":129}
{"id":123,"_locked":false,"symbol":"CCI","priceTarget":116.99,"sourceName":"StockTutorial_PriceTarget.csv","lineNumber":124}
{"id":132,"_locked":false,"symbol":"DVA","priceTarget":79.95,"sourceName":"StockTutorial_PriceTarget.csv","lineNumber":132}
{"id":133,"_locked":false,"symbol":"DE","priceTarget":83.02,"sourceName":"StockTutorial_PriceTarget.csv","lineNumber":133}
{"id":134,"_locked":false,"symbol":"DLPH","priceTarget":70.39,"sourceName":"StockTutorial_PriceTarget.csv","lineNumber":134}
{"id":129,"_locked":false,"symbol":"DHR","priceTarget":90.56,"sourceName":"StockTutorial_PriceTarget.csv","lineNumber":130}
{"id":135,"_locked":false,"symbol":"DAL","priceTarget":39.81,"sourceName":"StockTutorial_PriceTarget.csv","lineNumber":135}
{"id":130,"_locked":false,"symbol":"CVS","priceTarget":104.71,"sourceName":"StockTutorial_PriceTarget.csv","lineNumber":128}
{"id":131,"_locked":false,"symbol":"DRI","priceTarget":71.65,"sourceName":"StockTutorial_PriceTarget.csv","lineNumber":131}
{"id":142,"_locked":false,"symbol":"DISCK","priceTarget":27.05,"sourceName":"StockTutorial_PriceTarget.csv","lineNumber":142}
{"id":10,"_locked":false,"symbol":"AET","priceTarget":127.27,"sourceName":"StockTutorial_PriceTarget.csv","lineNumber":10}
{"id":137,"_locked":false,"symbol":"DVN","priceTarget":44.04,"sourceName":"StockTutorial_PriceTarget.csv","lineNumber":137}
{"id":141,"_locked":false,"symbol":"DFS","priceTarget":52.9,"sourceName":"StockTutorial_PriceTarget.csv","lineNumber":140}
{"id":140,"_locked":false,"symbol":"DISCA","priceTarget":27.77,"sourceName":"StockTutorial_PriceTarget.csv","lineNumber":141}
{"id":143,"_locked":false,"symbol":"DG","priceTarget":106.48,"sourceName":"StockTutorial_PriceTarget.csv","lineNumber":143}
{"id":145,"_locked":false,"symbol":"DLTR","priceTarget":101.74,"sourceName":"StockTutorial_PriceTarget.csv","lineNumber":144}
{"id":146,"_locked":false,"symbol":"DOV","priceTarget":78.34,"sourceName":"StockTutorial_PriceTarget.csv","lineNumber":146}
{"id":147,"_locked":false,"symbol":"DOW","priceTarget":51.17,"sourceName":"StockTutorial_PriceTarget.csv","lineNumber":147}
{"id":149,"_locked":false,"symbol":"DTE","priceTarget":98.86,"sourceName":"StockTutorial_PriceTarget.csv","lineNumber":149}
{"id":144,"_locked":false,"symbol":"D","priceTarget":75.5,"sourceName":"StockTutorial_PriceTarget.csv","lineNumber":145}
{"id":148,"_locked":false,"symbol":"DPS","priceTarget":94.14,"sourceName":"StockTutorial_PriceTarget.csv","lineNumber":148}
{"id":150,"_locked":false,"symbol":"DD","priceTarget":66.25,"sourceName":"StockTutorial_PriceTarget.csv","lineNumber":150}
{"id":151,"_locked":false,"symbol":"DUK","priceTarget":89.73,"sourceName":"StockTutorial_PriceTarget.csv","lineNumber":151}
{"id":152,"_locked":false,"symbol":"DNB","priceTarget":137.01,"sourceName":"StockTutorial_PriceTarget.csv","lineNumber":152}
{"id":154,"_locked":false,"symbol":"EMN","priceTarget":65.28,"sourceName":"StockTutorial_PriceTarget.csv","lineNumber":154}
{"id":153,"_locked":false,"symbol":"ETFC","priceTarget":27.45,"sourceName":"StockTutorial_PriceTarget.csv","lineNumber":153}
{"id":158,"_locked":false,"symbol":"EIX","priceTarget":79.74,"sourceName":"StockTutorial_PriceTarget.csv","lineNumber":158}
{"id":159,"_locked":false,"symbol":"EW","priceTarget":103.06,"sourceName":"StockTutorial_PriceTarget.csv","lineNumber":159}
{"id":160,"_locked":false,"symbol":"EA","priceTarget":93.08,"sourceName":"StockTutorial_PriceTarget.csv","lineNumber":160}
{"id":161,"_locked":false,"symbol":"EMC","priceTarget":31.56,"sourceName":"StockTutorial_PriceTarget.csv","lineNumber":161}
{"id":156,"_locked":false,"symbol":"EBAY","priceTarget":30.32,"sourceName":"StockTutorial_PriceTarget.csv","lineNumber":156}
{"id":155,"_locked":false,"symbol":"ETN","priceTarget":65.69,"sourceName":"StockTutorial_PriceTarget.csv","lineNumber":155}
{"id":157,"_locked":false,"symbol":"ECL","priceTarget":121.58,"sourceName":"StockTutorial_PriceTarget.csv","lineNumber":157}
{"id":163,"_locked":false,"symbol":"ENDP","priceTarget":16.75,"sourceName":"StockTutorial_PriceTarget.csv","lineNumber":163}
{"id":162,"_locked":false,"symbol":"EMR","priceTarget":55.32,"sourceName":"StockTutorial_PriceTarget.csv","lineNumber":162}
{"id":164,"_locked":false,"symbol":"ETR","priceTarget":87.46,"sourceName":"StockTutorial_PriceTarget.csv","lineNumber":164}
{"id":165,"_locked":false,"symbol":"EOG","priceTarget":92.68,"sourceName":"StockTutorial_PriceTarget.csv","lineNumber":165}
{"id":169,"_locked":false,"symbol":"EQIX","priceTarget":404.47,"sourceName":"StockTutorial_PriceTarget.csv","lineNumber":168}
{"id":171,"_locked":false,"symbol":"EL","priceTarget":93.64,"sourceName":"StockTutorial_PriceTarget.csv","lineNumber":171}
{"id":170,"_locked":false,"symbol":"ESS","priceTarget":249.1,"sourceName":"StockTutorial_PriceTarget.csv","lineNumber":170}
{"id":166,"_locked":false,"symbol":"EQT","priceTarget":93.21,"sourceName":"StockTutorial_PriceTarget.csv","lineNumber":166}
{"id":167,"_locked":false,"symbol":"EFX","priceTarget":144.01,"sourceName":"StockTutorial_PriceTarget.csv","lineNumber":167}
{"id":172,"_locked":false,"symbol":"EXC","priceTarget":37.93,"sourceName":"StockTutorial_PriceTarget.csv","lineNumber":173}
{"id":168,"_locked":false,"symbol":"EQR","priceTarget":75.16,"sourceName":"StockTutorial_PriceTarget.csv","lineNumber":169}
{"id":173,"_locked":false,"symbol":"ES","priceTarget":60.75,"sourceName":"StockTutorial_PriceTarget.csv","lineNumber":172}
{"id":174,"_locked":false,"symbol":"EXPE","priceTarget":125.31,"sourceName":"StockTutorial_PriceTarget.csv","lineNumber":174}
{"id":175,"_locked":false,"symbol":"EXPD","priceTarget":56.46,"sourceName":"StockTutorial_PriceTarget.csv","lineNumber":175}
{"id":178,"_locked":false,"symbol":"XOM","priceTarget":122.62,"sourceName":"StockTutorial_PriceTarget.csv","lineNumber":178}
{"id":181,"_locked":false,"symbol":"FRT","priceTarget":178.14,"sourceName":"StockTutorial_PriceTarget.csv","lineNumber":182}
{"id":180,"_locked":false,"symbol":"FB","priceTarget":135.93,"sourceName":"StockTutorial_PriceTarget.csv","lineNumber":180}
{"id":177,"_locked":false,"symbol":"EXR","priceTarget":104.87,"sourceName":"StockTutorial_PriceTarget.csv","lineNumber":177}
{"id":179,"_locked":false,"symbol":"FFIV","priceTarget":123.77,"sourceName":"StockTutorial_PriceTarget.csv","lineNumber":179}
{"id":182,"_locked":false,"symbol":"FAST","priceTarget":50.05,"sourceName":"StockTutorial_PriceTarget.csv","lineNumber":181}
{"id":183,"_locked":false,"symbol":"FDX","priceTarget":159.18,"sourceName":"StockTutorial_PriceTarget.csv","lineNumber":183}
{"id":184,"_locked":false,"symbol":"FIS","priceTarget":87.17,"sourceName":"StockTutorial_PriceTarget.csv","lineNumber":184}
{"id":185,"_locked":false,"symbol":"FITB","priceTarget":21.03,"sourceName":"StockTutorial_PriceTarget.csv","lineNumber":185}
{"id":188,"_locked":false,"symbol":"FE","priceTarget":36.39,"sourceName":"StockTutorial_PriceTarget.csv","lineNumber":187}
{"id":189,"_locked":false,"symbol":"FLS","priceTarget":52.47,"sourceName":"StockTutorial_PriceTarget.csv","lineNumber":190}
{"id":186,"_locked":false,"symbol":"FSLR","priceTarget":52.68,"sourceName":"StockTutorial_PriceTarget.csv","lineNumber":186}
{"id":187,"_locked":false,"symbol":"FISV","priceTarget":120.28,"sourceName":"StockTutorial_PriceTarget.csv","lineNumber":188}
{"id":190,"_locked":false,"symbol":"FLIR","priceTarget":33.36,"sourceName":"StockTutorial_PriceTarget.csv","lineNumber":189}
{"id":191,"_locked":false,"symbol":"FMC","priceTarget":49.2,"sourceName":"StockTutorial_PriceTarget.csv","lineNumber":192}
{"id":192,"_locked":false,"symbol":"FLR","priceTarget":55.54,"sourceName":"StockTutorial_PriceTarget.csv","lineNumber":191}
{"id":193,"_locked":false,"symbol":"FL","priceTarget":61.67,"sourceName":"StockTutorial_PriceTarget.csv","lineNumber":194}
{"id":196,"_locked":false,"symbol":"FTV","priceTarget":53.25,"sourceName":"StockTutorial_PriceTarget.csv","lineNumber":196}
{"id":197,"_locked":false,"symbol":"FBHS","priceTarget":59.88,"sourceName":"StockTutorial_PriceTarget.csv","lineNumber":197}
{"id":198,"_locked":false,"symbol":"BEN","priceTarget":39.91,"sourceName":"StockTutorial_PriceTarget.csv","lineNumber":198}
{"id":199,"_locked":false,"symbol":"FTR","priceTarget":5.7,"sourceName":"StockTutorial_PriceTarget.csv","lineNumber":200}
{"id":200,"_locked":false,"symbol":"FCX","priceTarget":11.79,"sourceName":"StockTutorial_PriceTarget.csv","lineNumber":199}
{"id":195,"_locked":false,"symbol":"F","priceTarget":13.89,"sourceName":"StockTutorial_PriceTarget.csv","lineNumber":195}
{"id":194,"_locked":false,"symbol":"FTI","priceTarget":30.98,"sourceName":"StockTutorial_PriceTarget.csv","lineNumber":193}
{"id":201,"_locked":false,"symbol":"GPS","priceTarget":25.19,"sourceName":"StockTutorial_PriceTarget.csv","lineNumber":201}
{"id":202,"_locked":false,"symbol":"GRMN","priceTarget":51.57,"sourceName":"StockTutorial_PriceTarget.csv","lineNumber":202}
{"id":203,"_locked":false,"symbol":"GD","priceTarget":147.23,"sourceName":"StockTutorial_PriceTarget.csv","lineNumber":203}
{"id":204,"_locked":false,"symbol":"GE","priceTarget":33.81,"sourceName":"StockTutorial_PriceTarget.csv","lineNumber":204}
{"id":207,"_locked":false,"symbol":"GM","priceTarget":30.48,"sourceName":"StockTutorial_PriceTarget.csv","lineNumber":207}
{"id":208,"_locked":false,"symbol":"GPC","priceTarget":106.16,"sourceName":"StockTutorial_PriceTarget.csv","lineNumber":208}
{"id":139,"_locked":false,"symbol":"DO","priceTarget":30.53,"sourceName":"StockTutorial_PriceTarget.csv","lineNumber":138}
{"id":209,"_locked":false,"symbol":"GILD","priceTarget":87.84,"sourceName":"StockTutorial_PriceTarget.csv","lineNumber":209}
{"id":136,"_locked":false,"symbol":"XRAY","priceTarget":59.2,"sourceName":"StockTutorial_PriceTarget.csv","lineNumber":136}
{"id":206,"_locked":false,"symbol":"GIS","priceTarget":77.43,"sourceName":"StockTutorial_PriceTarget.csv","lineNumber":206}
{"id":205,"_locked":false,"symbol":"GGP","priceTarget":31.04,"sourceName":"StockTutorial_PriceTarget.csv","lineNumber":205}
{"id":138,"_locked":false,"symbol":"DLR","priceTarget":125.04,"sourceName":"StockTutorial_PriceTarget.csv","lineNumber":139}
{"id":211,"_locked":false,"symbol":"GS","priceTarget":163.87,"sourceName":"StockTutorial_PriceTarget.csv","lineNumber":211}
{"id":210,"_locked":false,"symbol":"GPN","priceTarget":81.79,"sourceName":"StockTutorial_PriceTarget.csv","lineNumber":210}
{"id":212,"_locked":false,"symbol":"GT","priceTarget":28.1,"sourceName":"StockTutorial_PriceTarget.csv","lineNumber":212}
{"id":214,"_locked":false,"symbol":"HAL","priceTarget":55.41,"sourceName":"StockTutorial_PriceTarget.csv","lineNumber":214}
{"id":213,"_locked":false,"symbol":"GWW","priceTarget":242.94,"sourceName":"StockTutorial_PriceTarget.csv","lineNumber":213}
{"id":219,"_locked":false,"symbol":"HIG","priceTarget":47.28,"sourceName":"StockTutorial_PriceTarget.csv","lineNumber":219}
{"id":217,"_locked":false,"symbol":"HAR","priceTarget":84.07,"sourceName":"StockTutorial_PriceTarget.csv","lineNumber":217}
{"id":220,"_locked":false,"symbol":"HAS","priceTarget":89.89,"sourceName":"StockTutorial_PriceTarget.csv","lineNumber":220}
{"id":221,"_locked":false,"symbol":"HCA","priceTarget":79,"sourceName":"StockTutorial_PriceTarget.csv","lineNumber":221}
{"id":222,"_locked":false,"symbol":"HCP","priceTarget":40.85,"sourceName":"StockTutorial_PriceTarget.csv","lineNumber":222}
{"id":215,"_locked":false,"symbol":"HBI","priceTarget":28.97,"sourceName":"StockTutorial_PriceTarget.csv","lineNumber":215}
{"id":218,"_locked":false,"symbol":"HRS","priceTarget":100.87,"sourceName":"StockTutorial_PriceTarget.csv","lineNumber":218}
{"id":216,"_locked":false,"symbol":"HOG","priceTarget":58.46,"sourceName":"StockTutorial_PriceTarget.csv","lineNumber":216}
{"id":223,"_locked":false,"symbol":"HP","priceTarget":79.34,"sourceName":"StockTutorial_PriceTarget.csv","lineNumber":223}
{"id":224,"_locked":false,"symbol":"HSIC","priceTarget":186.55,"sourceName":"StockTutorial_PriceTarget.csv","lineNumber":224}
{"id":226,"_locked":false,"symbol":"HPE","priceTarget":22.46,"sourceName":"StockTutorial_PriceTarget.csv","lineNumber":226}
{"id":228,"_locked":false,"symbol":"HD","priceTarget":140.33,"sourceName":"StockTutorial_PriceTarget.csv","lineNumber":228}
{"id":227,"_locked":false,"symbol":"HOLX","priceTarget":34.05,"sourceName":"StockTutorial_PriceTarget.csv","lineNumber":227}
{"id":230,"_locked":false,"symbol":"HRL","priceTarget":37.76,"sourceName":"StockTutorial_PriceTarget.csv","lineNumber":230}
{"id":232,"_locked":false,"symbol":"HPQ","priceTarget":15.22,"sourceName":"StockTutorial_PriceTarget.csv","lineNumber":232}
{"id":225,"_locked":false,"symbol":"HES","priceTarget":68.84,"sourceName":"StockTutorial_PriceTarget.csv","lineNumber":225}
{"id":233,"_locked":false,"symbol":"HUM","priceTarget":147.01,"sourceName":"StockTutorial_PriceTarget.csv","lineNumber":233}
{"id":229,"_locked":false,"symbol":"HON","priceTarget":129.86,"sourceName":"StockTutorial_PriceTarget.csv","lineNumber":229}
{"id":231,"_locked":false,"symbol":"HST","priceTarget":18.46,"sourceName":"StockTutorial_PriceTarget.csv","lineNumber":231}
{"id":234,"_locked":false,"symbol":"HBAN","priceTarget":8.91,"sourceName":"StockTutorial_PriceTarget.csv","lineNumber":234}
{"id":236,"_locked":false,"symbol":"ILMN","priceTarget":140.01,"sourceName":"StockTutorial_PriceTarget.csv","lineNumber":236}
{"id":237,"_locked":false,"symbol":"INTC","priceTarget":38.55,"sourceName":"StockTutorial_PriceTarget.csv","lineNumber":238}
{"id":235,"_locked":false,"symbol":"ITW","priceTarget":116.3,"sourceName":"StockTutorial_PriceTarget.csv","lineNumber":235}
{"id":238,"_locked":false,"symbol":"IR","priceTarget":70.54,"sourceName":"StockTutorial_PriceTarget.csv","lineNumber":237}
{"id":240,"_locked":false,"symbol":"IBM","priceTarget":175.87,"sourceName":"StockTutorial_PriceTarget.csv","lineNumber":240}
{"id":243,"_locked":false,"symbol":"IFF","priceTarget":137.04,"sourceName":"StockTutorial_PriceTarget.csv","lineNumber":243}
{"id":245,"_locked":false,"symbol":"ISRG","priceTarget":654.62,"sourceName":"StockTutorial_PriceTarget.csv","lineNumber":245}
{"id":244,"_locked":false,"symbol":"INTU","priceTarget":118.28,"sourceName":"StockTutorial_PriceTarget.csv","lineNumber":244}
{"id":246,"_locked":false,"symbol":"IVZ","priceTarget":27.51,"sourceName":"StockTutorial_PriceTarget.csv","lineNumber":246}
{"id":239,"_locked":false,"symbol":"ICE","priceTarget":291.66,"sourceName":"StockTutorial_PriceTarget.csv","lineNumber":239}
{"id":241,"_locked":false,"symbol":"IP","priceTarget":45.68,"sourceName":"StockTutorial_PriceTarget.csv","lineNumber":241}
{"id":247,"_locked":false,"symbol":"IRM","priceTarget":42.1,"sourceName":"StockTutorial_PriceTarget.csv","lineNumber":247}
{"id":248,"_locked":false,"symbol":"JBHT","priceTarget":97.6,"sourceName":"StockTutorial_PriceTarget.csv","lineNumber":248}
{"id":242,"_locked":false,"symbol":"IPG","priceTarget":26.7,"sourceName":"StockTutorial_PriceTarget.csv","lineNumber":242}
{"id":249,"_locked":false,"symbol":"JEC","priceTarget":55.17,"sourceName":"StockTutorial_PriceTarget.csv","lineNumber":249}
{"id":250,"_locked":false,"symbol":"JNJ","priceTarget":120.91,"sourceName":"StockTutorial_PriceTarget.csv","lineNumber":250}
{"id":251,"_locked":false,"symbol":"JCI","priceTarget":48.89,"sourceName":"StockTutorial_PriceTarget.csv","lineNumber":251}
{"id":252,"_locked":false,"symbol":"JPM","priceTarget":69.34,"sourceName":"StockTutorial_PriceTarget.csv","lineNumber":252}
{"id":256,"_locked":false,"symbol":"KEY","priceTarget":12.54,"sourceName":"StockTutorial_PriceTarget.csv","lineNumber":256}
{"id":255,"_locked":false,"symbol":"K","priceTarget":83.99,"sourceName":"StockTutorial_PriceTarget.csv","lineNumber":255}
{"id":258,"_locked":false,"symbol":"KIM","priceTarget":34.44,"sourceName":"StockTutorial_PriceTarget.csv","lineNumber":258}
{"id":253,"_locked":false,"symbol":"JNPR","priceTarget":28.8,"sourceName":"StockTutorial_PriceTarget.csv","lineNumber":253}
{"id":254,"_locked":false,"symbol":"KSU","priceTarget":97.36,"sourceName":"StockTutorial_PriceTarget.csv","lineNumber":254}
{"id":259,"_locked":false,"symbol":"KMI","priceTarget":20.41,"sourceName":"StockTutorial_PriceTarget.csv","lineNumber":259}
{"id":257,"_locked":false,"symbol":"KMB","priceTarget":138.9,"sourceName":"StockTutorial_PriceTarget.csv","lineNumber":257}
{"id":261,"_locked":false,"symbol":"KSS","priceTarget":40.4,"sourceName":"StockTutorial_PriceTarget.csv","lineNumber":261}
{"id":260,"_locked":false,"symbol":"KLAC","priceTarget":77.44,"sourceName":"StockTutorial_PriceTarget.csv","lineNumber":260}
{"id":262,"_locked":false,"symbol":"KHC","priceTarget":102.03,"sourceName":"StockTutorial_PriceTarget.csv","lineNumber":262}
{"id":263,"_locked":false,"symbol":"KR","priceTarget":36.25,"sourceName":"StockTutorial_PriceTarget.csv","lineNumber":263}
{"id":264,"_locked":false,"symbol":"LB","priceTarget":75.52,"sourceName":"StockTutorial_PriceTarget.csv","lineNumber":264}
{"id":267,"_locked":false,"symbol":"LRCX","priceTarget":102.75,"sourceName":"StockTutorial_PriceTarget.csv","lineNumber":267}
{"id":270,"_locked":false,"symbol":"LEN","priceTarget":56.83,"sourceName":"StockTutorial_PriceTarget.csv","lineNumber":270}
{"id":269,"_locked":false,"symbol":"LEG","priceTarget":57.93,"sourceName":"StockTutorial_PriceTarget.csv","lineNumber":269}
{"id":273,"_locked":false,"symbol":"LLY","priceTarget":82.15,"sourceName":"StockTutorial_PriceTarget.csv","lineNumber":273}
{"id":266,"_locked":false,"symbol":"LH","priceTarget":127.75,"sourceName":"StockTutorial_PriceTarget.csv","lineNumber":266}
{"id":268,"_locked":false,"symbol":"LM","priceTarget":33.22,"sourceName":"StockTutorial_PriceTarget.csv","lineNumber":268}
{"id":274,"_locked":false,"symbol":"LNC","priceTarget":43.04,"sourceName":"StockTutorial_PriceTarget.csv","lineNumber":274}
{"id":275,"_locked":false,"symbol":"LLTC","priceTarget":53.05,"sourceName":"StockTutorial_PriceTarget.csv","lineNumber":275}
{"id":277,"_locked":false,"symbol":"LMT","priceTarget":281.98,"sourceName":"StockTutorial_PriceTarget.csv","lineNumber":277}
{"id":276,"_locked":false,"symbol":"LKQ","priceTarget":36.35,"sourceName":"StockTutorial_PriceTarget.csv","lineNumber":276}
{"id":280,"_locked":false,"symbol":"LYB","priceTarget":81.3,"sourceName":"StockTutorial_PriceTarget.csv","lineNumber":280}
{"id":278,"_locked":false,"symbol":"L","priceTarget":45.43,"sourceName":"StockTutorial_PriceTarget.csv","lineNumber":278}
{"id":279,"_locked":false,"symbol":"LOW","priceTarget":96.41,"sourceName":"StockTutorial_PriceTarget.csv","lineNumber":279}
{"id":282,"_locked":false,"symbol":"MAC","priceTarget":105.02,"sourceName":"StockTutorial_PriceTarget.csv","lineNumber":282}
{"id":283,"_locked":false,"symbol":"M","priceTarget":39.28,"sourceName":"StockTutorial_PriceTarget.csv","lineNumber":283}
{"id":284,"_locked":false,"symbol":"MNK","priceTarget":64.07,"sourceName":"StockTutorial_PriceTarget.csv","lineNumber":284}
{"id":288,"_locked":false,"symbol":"MMC","priceTarget":76.2,"sourceName":"StockTutorial_PriceTarget.csv","lineNumber":288}
{"id":287,"_locked":false,"symbol":"MAR","priceTarget":80.81,"sourceName":"StockTutorial_PriceTarget.csv","lineNumber":287}
{"id":281,"_locked":false,"symbol":"MTB","priceTarget":132.55,"sourceName":"StockTutorial_PriceTarget.csv","lineNumber":281}
{"id":289,"_locked":false,"symbol":"MLM","priceTarget":208.67,"sourceName":"StockTutorial_PriceTarget.csv","lineNumber":289}
{"id":285,"_locked":false,"symbol":"MRO","priceTarget":17.97,"sourceName":"StockTutorial_PriceTarget.csv","lineNumber":285}
{"id":286,"_locked":false,"symbol":"MPC","priceTarget":44.12,"sourceName":"StockTutorial_PriceTarget.csv","lineNumber":286}
{"id":291,"_locked":false,"symbol":"MAT","priceTarget":37.74,"sourceName":"StockTutorial_PriceTarget.csv","lineNumber":292}
{"id":290,"_locked":false,"symbol":"MAS","priceTarget":33.43,"sourceName":"StockTutorial_PriceTarget.csv","lineNumber":290}
{"id":293,"_locked":false,"symbol":"MKC","priceTarget":118.6,"sourceName":"StockTutorial_PriceTarget.csv","lineNumber":293}
{"id":296,"_locked":false,"symbol":"MJN","priceTarget":98.93,"sourceName":"StockTutorial_PriceTarget.csv","lineNumber":296}
{"id":292,"_locked":false,"symbol":"MA","priceTarget":98.72,"sourceName":"StockTutorial_PriceTarget.csv","lineNumber":291}
{"id":297,"_locked":false,"symbol":"MDT","priceTarget":93.4,"sourceName":"StockTutorial_PriceTarget.csv","lineNumber":297}
{"id":299,"_locked":false,"symbol":"MET","priceTarget":44.79,"sourceName":"StockTutorial_PriceTarget.csv","lineNumber":299}
{"id":294,"_locked":false,"symbol":"MCK","priceTarget":189.2,"sourceName":"StockTutorial_PriceTarget.csv","lineNumber":295}
{"id":298,"_locked":false,"symbol":"MRK","priceTarget":62,"sourceName":"StockTutorial_PriceTarget.csv","lineNumber":298}
{"id":295,"_locked":false,"symbol":"MCD","priceTarget":143.37,"sourceName":"StockTutorial_PriceTarget.csv","lineNumber":294}
{"id":301,"_locked":false,"symbol":"KORS","priceTarget":52.61,"sourceName":"StockTutorial_PriceTarget.csv","lineNumber":300}
{"id":302,"_locked":false,"symbol":"MU","priceTarget":14.75,"sourceName":"StockTutorial_PriceTarget.csv","lineNumber":302}
{"id":300,"_locked":false,"symbol":"MCHP","priceTarget":61.44,"sourceName":"StockTutorial_PriceTarget.csv","lineNumber":301}
{"id":304,"_locked":false,"symbol":"MHK","priceTarget":229.42,"sourceName":"StockTutorial_PriceTarget.csv","lineNumber":304}
{"id":306,"_locked":false,"symbol":"MDLZ","priceTarget":47.41,"sourceName":"StockTutorial_PriceTarget.csv","lineNumber":306}
{"id":307,"_locked":false,"symbol":"MON","priceTarget":105.32,"sourceName":"StockTutorial_PriceTarget.csv","lineNumber":307}
{"id":303,"_locked":false,"symbol":"MSFT","priceTarget":57.12,"sourceName":"StockTutorial_PriceTarget.csv","lineNumber":303}
{"id":305,"_locked":false,"symbol":"TAP","priceTarget":105.49,"sourceName":"StockTutorial_PriceTarget.csv","lineNumber":305}
{"id":310,"_locked":false,"symbol":"MS","priceTarget":30.83,"sourceName":"StockTutorial_PriceTarget.csv","lineNumber":310}
{"id":309,"_locked":false,"symbol":"MCO","priceTarget":113.05,"sourceName":"StockTutorial_PriceTarget.csv","lineNumber":309}
{"id":311,"_locked":false,"symbol":"MSI","priceTarget":77.01,"sourceName":"StockTutorial_PriceTarget.csv","lineNumber":311}
{"id":308,"_locked":false,"symbol":"MNST","priceTarget":168.98,"sourceName":"StockTutorial_PriceTarget.csv","lineNumber":308}
{"id":314,"_locked":false,"symbol":"NDAQ","priceTarget":76.01,"sourceName":"StockTutorial_PriceTarget.csv","lineNumber":314}
{"id":176,"_locked":false,"symbol":"ESRX","priceTarget":80.53,"sourceName":"StockTutorial_PriceTarget.csv","lineNumber":176}
{"id":265,"_locked":false,"symbol":"LLL","priceTarget":168.34,"sourceName":"StockTutorial_PriceTarget.csv","lineNumber":265}
{"id":272,"_locked":false,"symbol":"LVLT","priceTarget":53.84,"sourceName":"StockTutorial_PriceTarget.csv","lineNumber":272}
{"id":318,"_locked":false,"symbol":"NFLX","priceTarget":109.37,"sourceName":"StockTutorial_PriceTarget.csv","lineNumber":318}
{"id":312,"_locked":false,"symbol":"MUR","priceTarget":34.83,"sourceName":"StockTutorial_PriceTarget.csv","lineNumber":312}
{"id":271,"_locked":false,"symbol":"LUK","priceTarget":19.89,"sourceName":"StockTutorial_PriceTarget.csv","lineNumber":271}
{"id":313,"_locked":false,"symbol":"MYL","priceTarget":40.17,"sourceName":"StockTutorial_PriceTarget.csv","lineNumber":313}
{"id":317,"_locked":false,"symbol":"NTAP","priceTarget":28.67,"sourceName":"StockTutorial_PriceTarget.csv","lineNumber":317}
{"id":319,"_locked":false,"symbol":"NWL","priceTarget":53.99,"sourceName":"StockTutorial_PriceTarget.csv","lineNumber":319}
{"id":321,"_locked":false,"symbol":"NEM","priceTarget":43.92,"sourceName":"StockTutorial_PriceTarget.csv","lineNumber":321}
{"id":320,"_locked":false,"symbol":"NFX","priceTarget":51.75,"sourceName":"StockTutorial_PriceTarget.csv","lineNumber":320}
{"id":322,"_locked":false,"symbol":"NWSA","priceTarget":12.79,"sourceName":"StockTutorial_PriceTarget.csv","lineNumber":322}
{"id":328,"_locked":false,"symbol":"NBL","priceTarget":37.16,"sourceName":"StockTutorial_PriceTarget.csv","lineNumber":328}
{"id":327,"_locked":false,"symbol":"NI","priceTarget":26.15,"sourceName":"StockTutorial_PriceTarget.csv","lineNumber":327}
{"id":329,"_locked":false,"symbol":"JWN","priceTarget":44.46,"sourceName":"StockTutorial_PriceTarget.csv","lineNumber":329}
{"id":330,"_locked":false,"symbol":"NSC","priceTarget":89.91,"sourceName":"StockTutorial_PriceTarget.csv","lineNumber":330}
{"id":324,"_locked":false,"symbol":"NEE","priceTarget":140.65,"sourceName":"StockTutorial_PriceTarget.csv","lineNumber":324}
{"id":326,"_locked":false,"symbol":"NKE","priceTarget":62.34,"sourceName":"StockTutorial_PriceTarget.csv","lineNumber":326}
{"id":325,"_locked":false,"symbol":"NLSN","priceTarget":53.73,"sourceName":"StockTutorial_PriceTarget.csv","lineNumber":325}
{"id":323,"_locked":false,"symbol":"NWS","priceTarget":14.16,"sourceName":"StockTutorial_PriceTarget.csv","lineNumber":323}
{"id":331,"_locked":false,"symbol":"NTRS","priceTarget":73.07,"sourceName":"StockTutorial_PriceTarget.csv","lineNumber":331}
{"id":332,"_locked":false,"symbol":"NOC","priceTarget":224.02,"sourceName":"StockTutorial_PriceTarget.csv","lineNumber":332}
{"id":333,"_locked":false,"symbol":"NRG","priceTarget":15.77,"sourceName":"StockTutorial_PriceTarget.csv","lineNumber":333}
{"id":334,"_locked":false,"symbol":"NUE","priceTarget":58.03,"sourceName":"StockTutorial_PriceTarget.csv","lineNumber":334}
{"id":335,"_locked":false,"symbol":"NVDA","priceTarget":60.85,"sourceName":"StockTutorial_PriceTarget.csv","lineNumber":335}
{"id":339,"_locked":false,"symbol":"OKE","priceTarget":56.16,"sourceName":"StockTutorial_PriceTarget.csv","lineNumber":339}
{"id":340,"_locked":false,"symbol":"ORCL","priceTarget":46.14,"sourceName":"StockTutorial_PriceTarget.csv","lineNumber":340}
{"id":336,"_locked":false,"symbol":"ORLY","priceTarget":312.13,"sourceName":"StockTutorial_PriceTarget.csv","lineNumber":336}
{"id":341,"_locked":false,"symbol":"OI","priceTarget":20.09,"sourceName":"StockTutorial_PriceTarget.csv","lineNumber":341}
{"id":337,"_locked":false,"symbol":"OXY","priceTarget":90.27,"sourceName":"StockTutorial_PriceTarget.csv","lineNumber":337}
{"id":338,"_locked":false,"symbol":"OMC","priceTarget":89.63,"sourceName":"StockTutorial_PriceTarget.csv","lineNumber":338}
{"id":342,"_locked":false,"symbol":"PCAR","priceTarget":58.06,"sourceName":"StockTutorial_PriceTarget.csv","lineNumber":342}
{"id":344,"_locked":false,"symbol":"PDCO","priceTarget":49.82,"sourceName":"StockTutorial_PriceTarget.csv","lineNumber":344}
{"id":343,"_locked":false,"symbol":"PH","priceTarget":112.13,"sourceName":"StockTutorial_PriceTarget.csv","lineNumber":343}
{"id":345,"_locked":false,"symbol":"PAYX","priceTarget":74.32,"sourceName":"StockTutorial_PriceTarget.csv","lineNumber":345}
{"id":347,"_locked":false,"symbol":"PNR","priceTarget":63.44,"sourceName":"StockTutorial_PriceTarget.csv","lineNumber":347}
{"id":346,"_locked":false,"symbol":"PYPL","priceTarget":45.68,"sourceName":"StockTutorial_PriceTarget.csv","lineNumber":346}
{"id":351,"_locked":false,"symbol":"PRGO","priceTarget":88.32,"sourceName":"StockTutorial_PriceTarget.csv","lineNumber":351}
{"id":350,"_locked":false,"symbol":"PKI","priceTarget":52.36,"sourceName":"StockTutorial_PriceTarget.csv","lineNumber":350}
{"id":353,"_locked":false,"symbol":"PCG","priceTarget":67.54,"sourceName":"StockTutorial_PriceTarget.csv","lineNumber":353}
{"id":348,"_locked":false,"symbol":"PBCT","priceTarget":18,"sourceName":"StockTutorial_PriceTarget.csv","lineNumber":348}
{"id":352,"_locked":false,"symbol":"PFE","priceTarget":38.44,"sourceName":"StockTutorial_PriceTarget.csv","lineNumber":352}
{"id":354,"_locked":false,"symbol":"PM","priceTarget":109.85,"sourceName":"StockTutorial_PriceTarget.csv","lineNumber":354}
{"id":349,"_locked":false,"symbol":"PEP","priceTarget":104.7,"sourceName":"StockTutorial_PriceTarget.csv","lineNumber":349}
{"id":356,"_locked":false,"symbol":"PNW","priceTarget":87.21,"sourceName":"StockTutorial_PriceTarget.csv","lineNumber":356}
{"id":357,"_locked":false,"symbol":"PXD","priceTarget":169.06,"sourceName":"StockTutorial_PriceTarget.csv","lineNumber":357}
{"id":358,"_locked":false,"symbol":"PBI","priceTarget":20.8,"sourceName":"StockTutorial_PriceTarget.csv","lineNumber":358}
{"id":360,"_locked":false,"symbol":"RL","priceTarget":109.17,"sourceName":"StockTutorial_PriceTarget.csv","lineNumber":360}
{"id":361,"_locked":false,"symbol":"PPG","priceTarget":114.71,"sourceName":"StockTutorial_PriceTarget.csv","lineNumber":361}
{"id":355,"_locked":false,"symbol":"PSX","priceTarget":91.87,"sourceName":"StockTutorial_PriceTarget.csv","lineNumber":355}
{"id":363,"_locked":false,"symbol":"PX","priceTarget":125.11,"sourceName":"StockTutorial_PriceTarget.csv","lineNumber":363}
{"id":359,"_locked":false,"symbol":"PNC","priceTarget":88.88,"sourceName":"StockTutorial_PriceTarget.csv","lineNumber":359}
{"id":365,"_locked":false,"symbol":"PFG","priceTarget":43.51,"sourceName":"StockTutorial_PriceTarget.csv","lineNumber":365}
{"id":366,"_locked":false,"symbol":"PG","priceTarget":94.26,"sourceName":"StockTutorial_PriceTarget.csv","lineNumber":366}
{"id":364,"_locked":false,"symbol":"PCLN","priceTarget":1377.57,"sourceName":"StockTutorial_PriceTarget.csv","lineNumber":364}
{"id":367,"_locked":false,"symbol":"PGR","priceTarget":36.31,"sourceName":"StockTutorial_PriceTarget.csv","lineNumber":367}
{"id":369,"_locked":false,"symbol":"PRU","priceTarget":79.34,"sourceName":"StockTutorial_PriceTarget.csv","lineNumber":369}
{"id":362,"_locked":false,"symbol":"PPL","priceTarget":36.17,"sourceName":"StockTutorial_PriceTarget.csv","lineNumber":362}
{"id":371,"_locked":false,"symbol":"PSA","priceTarget":294.58,"sourceName":"StockTutorial_PriceTarget.csv","lineNumber":371}
{"id":372,"_locked":false,"symbol":"PHM","priceTarget":23.44,"sourceName":"StockTutorial_PriceTarget.csv","lineNumber":372}
{"id":368,"_locked":false,"symbol":"PLD","priceTarget":55.33,"sourceName":"StockTutorial_PriceTarget.csv","lineNumber":368}
{"id":373,"_locked":false,"symbol":"PVH","priceTarget":100.5,"sourceName":"StockTutorial_PriceTarget.csv","lineNumber":373}
{"id":375,"_locked":false,"symbol":"QCOM","priceTarget":63.58,"sourceName":"StockTutorial_PriceTarget.csv","lineNumber":375}
{"id":374,"_locked":false,"symbol":"QRVO","priceTarget":65.56,"sourceName":"StockTutorial_PriceTarget.csv","lineNumber":374}
{"id":370,"_locked":false,"symbol":"PEG","priceTarget":52.57,"sourceName":"StockTutorial_PriceTarget.csv","lineNumber":370}
{"id":377,"_locked":false,"symbol":"DGX","priceTarget":87.06,"sourceName":"StockTutorial_PriceTarget.csv","lineNumber":377}
{"id":378,"_locked":false,"symbol":"RRC","priceTarget":49.94,"sourceName":"StockTutorial_PriceTarget.csv","lineNumber":378}
{"id":381,"_locked":false,"symbol":"RHT","priceTarget":82.35,"sourceName":"StockTutorial_PriceTarget.csv","lineNumber":381}
{"id":376,"_locked":false,"symbol":"PWR","priceTarget":26.79,"sourceName":"StockTutorial_PriceTarget.csv","lineNumber":376}
{"id":382,"_locked":false,"symbol":"REGN","priceTarget":396.42,"sourceName":"StockTutorial_PriceTarget.csv","lineNumber":382}
{"id":380,"_locked":false,"symbol":"O","priceTarget":78.24,"sourceName":"StockTutorial_PriceTarget.csv","lineNumber":380}
{"id":384,"_locked":false,"symbol":"RSG","priceTarget":57.86,"sourceName":"StockTutorial_PriceTarget.csv","lineNumber":384}
{"id":379,"_locked":false,"symbol":"RTN","priceTarget":147.31,"sourceName":"StockTutorial_PriceTarget.csv","lineNumber":379}
{"id":383,"_locked":false,"symbol":"RF","priceTarget":9.07,"sourceName":"StockTutorial_PriceTarget.csv","lineNumber":383}
{"id":385,"_locked":false,"symbol":"RAI","priceTarget":48.89,"sourceName":"StockTutorial_PriceTarget.csv","lineNumber":385}
{"id":386,"_locked":false,"symbol":"RHI","priceTarget":42.04,"sourceName":"StockTutorial_PriceTarget.csv","lineNumber":386}
{"id":388,"_locked":false,"symbol":"COL","priceTarget":93.7,"sourceName":"StockTutorial_PriceTarget.csv","lineNumber":388}
{"id":389,"_locked":false,"symbol":"ROP","priceTarget":162.98,"sourceName":"StockTutorial_PriceTarget.csv","lineNumber":389}
{"id":390,"_locked":false,"symbol":"ROST","priceTarget":62.99,"sourceName":"StockTutorial_PriceTarget.csv","lineNumber":390}
{"id":387,"_locked":false,"symbol":"ROK","priceTarget":121.5,"sourceName":"StockTutorial_PriceTarget.csv","lineNumber":387}
{"id":394,"_locked":false,"symbol":"CRM","priceTarget":89.8,"sourceName":"StockTutorial_PriceTarget.csv","lineNumber":394}
{"id":393,"_locked":false,"symbol":"SPGI","priceTarget":117.62,"sourceName":"StockTutorial_PriceTarget.csv","lineNumber":393}
{"id":395,"_locked":false,"symbol":"SCG","priceTarget":73.54,"sourceName":"StockTutorial_PriceTarget.csv","lineNumber":395}
{"id":396,"_locked":false,"symbol":"SLB","priceTarget":101.37,"sourceName":"StockTutorial_PriceTarget.csv","lineNumber":396}
{"id":397,"_locked":false,"symbol":"SNI","priceTarget":69.48,"sourceName":"StockTutorial_PriceTarget.csv","lineNumber":397}
{"id":391,"_locked":false,"symbol":"RCL","priceTarget":82.56,"sourceName":"StockTutorial_PriceTarget.csv","lineNumber":391}
{"id":392,"_locked":false,"symbol":"R","priceTarget":65.65,"sourceName":"StockTutorial_PriceTarget.csv","lineNumber":392}
{"id":399,"_locked":false,"symbol":"SEE","priceTarget":54.75,"sourceName":"StockTutorial_PriceTarget.csv","lineNumber":399}
{"id":400,"_locked":false,"symbol":"SRE","priceTarget":114.69,"sourceName":"StockTutorial_PriceTarget.csv","lineNumber":400}
{"id":403,"_locked":false,"symbol":"SPG","priceTarget":237.61,"sourceName":"StockTutorial_PriceTarget.csv","lineNumber":403}
{"id":406,"_locked":false,"symbol":"SJM","priceTarget":162.62,"sourceName":"StockTutorial_PriceTarget.csv","lineNumber":406}
{"id":407,"_locked":false,"symbol":"SNA","priceTarget":178.4,"sourceName":"StockTutorial_PriceTarget.csv","lineNumber":407}
{"id":405,"_locked":false,"symbol":"SLG","priceTarget":114.88,"sourceName":"StockTutorial_PriceTarget.csv","lineNumber":405}
{"id":404,"_locked":false,"symbol":"SWKS","priceTarget":66.84,"sourceName":"StockTutorial_PriceTarget.csv","lineNumber":404}
{"id":398,"_locked":false,"symbol":"STX","priceTarget":29.31,"sourceName":"StockTutorial_PriceTarget.csv","lineNumber":398}
{"id":402,"_locked":false,"symbol":"SIG","priceTarget":96.12,"sourceName":"StockTutorial_PriceTarget.csv","lineNumber":402}
{"id":409,"_locked":false,"symbol":"LUV","priceTarget":41.59,"sourceName":"StockTutorial_PriceTarget.csv","lineNumber":409}
{"id":408,"_locked":false,"symbol":"SO","priceTarget":53.14,"sourceName":"StockTutorial_PriceTarget.csv","lineNumber":408}
{"id":401,"_locked":false,"symbol":"SHW","priceTarget":333.51,"sourceName":"StockTutorial_PriceTarget.csv","lineNumber":401}
{"id":410,"_locked":false,"symbol":"SWN","priceTarget":15.03,"sourceName":"StockTutorial_PriceTarget.csv","lineNumber":410}
{"id":411,"_locked":false,"symbol":"SE","priceTarget":41.38,"sourceName":"StockTutorial_PriceTarget.csv","lineNumber":411}
{"id":414,"_locked":false,"symbol":"SPLS","priceTarget":10.03,"sourceName":"StockTutorial_PriceTarget.csv","lineNumber":414}
{"id":416,"_locked":false,"symbol":"HOT","priceTarget":87.44,"sourceName":"StockTutorial_PriceTarget.csv","lineNumber":416}
{"id":415,"_locked":false,"symbol":"SBUX","priceTarget":64,"sourceName":"StockTutorial_PriceTarget.csv","lineNumber":415}
{"id":412,"_locked":false,"symbol":"STJ","priceTarget":83.31,"sourceName":"StockTutorial_PriceTarget.csv","lineNumber":412}
{"id":418,"_locked":false,"symbol":"SRCL","priceTarget":109.91,"sourceName":"StockTutorial_PriceTarget.csv","lineNumber":418}
{"id":419,"_locked":false,"symbol":"SYK","priceTarget":116.58,"sourceName":"StockTutorial_PriceTarget.csv","lineNumber":419}
{"id":420,"_locked":false,"symbol":"STI","priceTarget":44.19,"sourceName":"StockTutorial_PriceTarget.csv","lineNumber":420}
{"id":413,"_locked":false,"symbol":"SWK","priceTarget":131.87,"sourceName":"StockTutorial_PriceTarget.csv","lineNumber":413}
{"id":421,"_locked":false,"symbol":"SYMC","priceTarget":23.41,"sourceName":"StockTutorial_PriceTarget.csv","lineNumber":421}
{"id":422,"_locked":false,"symbol":"SYF","priceTarget":30.65,"sourceName":"StockTutorial_PriceTarget.csv","lineNumber":422}
{"id":417,"_locked":false,"symbol":"STT","priceTarget":61.02,"sourceName":"StockTutorial_PriceTarget.csv","lineNumber":417}
{"id":424,"_locked":false,"symbol":"TROW","priceTarget":82.03,"sourceName":"StockTutorial_PriceTarget.csv","lineNumber":424}
{"id":426,"_locked":false,"symbol":"TEL","priceTarget":68.05,"sourceName":"StockTutorial_PriceTarget.csv","lineNumber":426}
{"id":425,"_locked":false,"symbol":"TGT","priceTarget":79.34,"sourceName":"StockTutorial_PriceTarget.csv","lineNumber":425}
{"id":423,"_locked":false,"symbol":"SYY","priceTarget":52.55,"sourceName":"StockTutorial_PriceTarget.csv","lineNumber":423}
{"id":428,"_locked":false,"symbol":"TDC","priceTarget":30.34,"sourceName":"StockTutorial_PriceTarget.csv","lineNumber":428}
{"id":429,"_locked":false,"symbol":"TSO","priceTarget":84.5,"sourceName":"StockTutorial_PriceTarget.csv","lineNumber":429}
{"id":427,"_locked":false,"symbol":"TGNA","priceTarget":25.94,"sourceName":"StockTutorial_PriceTarget.csv","lineNumber":427}
{"id":432,"_locked":false,"symbol":"BK","priceTarget":40.56,"sourceName":"StockTutorial_PriceTarget.csv","lineNumber":432}
{"id":431,"_locked":false,"symbol":"TXT","priceTarget":41.3,"sourceName":"StockTutorial_PriceTarget.csv","lineNumber":431}
{"id":433,"_locked":false,"symbol":"CLX","priceTarget":150.65,"sourceName":"StockTutorial_PriceTarget.csv","lineNumber":433}
{"id":430,"_locked":false,"symbol":"TXN","priceTarget":66.29,"sourceName":"StockTutorial_PriceTarget.csv","lineNumber":430}
{"id":435,"_locked":false,"symbol":"HSY","priceTarget":121.76,"sourceName":"StockTutorial_PriceTarget.csv","lineNumber":435}
{"id":434,"_locked":false,"symbol":"KO","priceTarget":45.14,"sourceName":"StockTutorial_PriceTarget.csv","lineNumber":434}
{"id":438,"_locked":false,"symbol":"DIS","priceTarget":123.51,"sourceName":"StockTutorial_PriceTarget.csv","lineNumber":438}
{"id":436,"_locked":false,"symbol":"MOS","priceTarget":28.74,"sourceName":"StockTutorial_PriceTarget.csv","lineNumber":436}
{"id":439,"_locked":false,"symbol":"TMO","priceTarget":149.76,"sourceName":"StockTutorial_PriceTarget.csv","lineNumber":439}
{"id":440,"_locked":false,"symbol":"TIF","priceTarget":66.37,"sourceName":"StockTutorial_PriceTarget.csv","lineNumber":440}
{"id":437,"_locked":false,"symbol":"TRV","priceTarget":130.76,"sourceName":"StockTutorial_PriceTarget.csv","lineNumber":437}
{"id":442,"_locked":false,"symbol":"TJX","priceTarget":89.02,"sourceName":"StockTutorial_PriceTarget.csv","lineNumber":442}
{"id":444,"_locked":false,"symbol":"TSS","priceTarget":63.14,"sourceName":"StockTutorial_PriceTarget.csv","lineNumber":444}
{"id":445,"_locked":false,"symbol":"TSCO","priceTarget":91.66,"sourceName":"StockTutorial_PriceTarget.csv","lineNumber":445}
{"id":441,"_locked":false,"symbol":"TWX","priceTarget":82.03,"sourceName":"StockTutorial_PriceTarget.csv","lineNumber":441}
{"id":446,"_locked":false,"symbol":"TDG","priceTarget":286.82,"sourceName":"StockTutorial_PriceTarget.csv","lineNumber":446}
{"id":447,"_locked":false,"symbol":"RIG","priceTarget":13.56,"sourceName":"StockTutorial_PriceTarget.csv","lineNumber":447}
{"id":450,"_locked":false,"symbol":"FOX","priceTarget":31.77,"sourceName":"StockTutorial_PriceTarget.csv","lineNumber":450}
{"id":443,"_locked":false,"symbol":"TMK","priceTarget":70.9,"sourceName":"StockTutorial_PriceTarget.csv","lineNumber":443}
{"id":449,"_locked":false,"symbol":"FOXA","priceTarget":28.58,"sourceName":"StockTutorial_PriceTarget.csv","lineNumber":449}
{"id":451,"_locked":false,"symbol":"TYC","priceTarget":46.53,"sourceName":"StockTutorial_PriceTarget.csv","lineNumber":451}
{"id":453,"_locked":false,"symbol":"USB","priceTarget":43.19,"sourceName":"StockTutorial_PriceTarget.csv","lineNumber":453}
{"id":448,"_locked":false,"symbol":"TRIP","priceTarget":76.41,"sourceName":"StockTutorial_PriceTarget.csv","lineNumber":448}
{"id":454,"_locked":false,"symbol":"UDR","priceTarget":42.08,"sourceName":"StockTutorial_PriceTarget.csv","lineNumber":454}
{"id":455,"_locked":false,"symbol":"ULTA","priceTarget":273.52,"sourceName":"StockTutorial_PriceTarget.csv","lineNumber":455}
{"id":452,"_locked":false,"symbol":"TSN","priceTarget":69.86,"sourceName":"StockTutorial_PriceTarget.csv","lineNumber":452}
{"id":457,"_locked":false,"symbol":"UNP","priceTarget":98.54,"sourceName":"StockTutorial_PriceTarget.csv","lineNumber":457}
{"id":458,"_locked":false,"symbol":"UAL","priceTarget":43.88,"sourceName":"StockTutorial_PriceTarget.csv","lineNumber":458}
{"id":456,"_locked":false,"symbol":"UA","priceTarget":43.65,"sourceName":"StockTutorial_PriceTarget.csv","lineNumber":456}
{"id":459,"_locked":false,"symbol":"UNH","priceTarget":133.77,"sourceName":"StockTutorial_PriceTarget.csv","lineNumber":459}
{"id":461,"_locked":false,"symbol":"URI","priceTarget":72.4,"sourceName":"StockTutorial_PriceTarget.csv","lineNumber":461}
{"id":462,"_locked":false,"symbol":"UTX","priceTarget":115.13,"sourceName":"StockTutorial_PriceTarget.csv","lineNumber":462}
{"id":464,"_locked":false,"symbol":"UNM","priceTarget":34.35,"sourceName":"StockTutorial_PriceTarget.csv","lineNumber":464}
{"id":460,"_locked":false,"symbol":"UPS","priceTarget":115.48,"sourceName":"StockTutorial_PriceTarget.csv","lineNumber":460}
{"id":465,"_locked":false,"symbol":"URBN","priceTarget":32.54,"sourceName":"StockTutorial_PriceTarget.csv","lineNumber":465}
{"id":463,"_locked":false,"symbol":"UHS","priceTarget":145.93,"sourceName":"StockTutorial_PriceTarget.csv","lineNumber":463}
{"id":467,"_locked":false,"symbol":"VLO","priceTarget":58.28,"sourceName":"StockTutorial_PriceTarget.csv","lineNumber":467}
{"id":468,"_locked":false,"symbol":"VAR","priceTarget":89.15,"sourceName":"StockTutorial_PriceTarget.csv","lineNumber":468}
{"id":470,"_locked":false,"symbol":"VRSN","priceTarget":98.63,"sourceName":"StockTutorial_PriceTarget.csv","lineNumber":470}
{"id":469,"_locked":false,"symbol":"VTR","priceTarget":77.5,"sourceName":"StockTutorial_PriceTarget.csv","lineNumber":469}
{"id":466,"_locked":false,"symbol":"VFC","priceTarget":72.06,"sourceName":"StockTutorial_PriceTarget.csv","lineNumber":466}
{"id":472,"_locked":false,"symbol":"VZ","priceTarget":59.4,"sourceName":"StockTutorial_PriceTarget.csv","lineNumber":472}
{"id":471,"_locked":false,"symbol":"VRSK","priceTarget":86.06,"sourceName":"StockTutorial_PriceTarget.csv","lineNumber":471}
{"id":473,"_locked":false,"symbol":"VRTX","priceTarget":90.98,"sourceName":"StockTutorial_PriceTarget.csv","lineNumber":473}
{"id":477,"_locked":false,"symbol":"VMC","priceTarget":139.27,"sourceName":"StockTutorial_PriceTarget.csv","lineNumber":477}
{"id":476,"_locked":false,"symbol":"VNO","priceTarget":114.86,"sourceName":"StockTutorial_PriceTarget.csv","lineNumber":476}
{"id":475,"_locked":false,"symbol":"V","priceTarget":93.44,"sourceName":"StockTutorial_PriceTarget.csv","lineNumber":475}
{"id":474,"_locked":false,"symbol":"VIAB","priceTarget":52.22,"sourceName":"StockTutorial_PriceTarget.csv","lineNumber":474}
{"id":479,"_locked":false,"symbol":"WBA","priceTarget":84.47,"sourceName":"StockTutorial_PriceTarget.csv","lineNumber":479}
{"id":478,"_locked":false,"symbol":"WMT","priceTarget":74.24,"sourceName":"StockTutorial_PriceTarget.csv","lineNumber":478}
{"id":482,"_locked":false,"symbol":"WFC","priceTarget":53.55,"sourceName":"StockTutorial_PriceTarget.csv","lineNumber":482}
{"id":483,"_locked":false,"symbol":"HCN","priceTarget":83.44,"sourceName":"StockTutorial_PriceTarget.csv","lineNumber":483}
{"id":480,"_locked":false,"symbol":"WM","priceTarget":76.66,"sourceName":"StockTutorial_PriceTarget.csv","lineNumber":480}
{"id":484,"_locked":false,"symbol":"WDC","priceTarget":60.33,"sourceName":"StockTutorial_PriceTarget.csv","lineNumber":484}
{"id":486,"_locked":false,"symbol":"WRK","priceTarget":38.27,"sourceName":"StockTutorial_PriceTarget.csv","lineNumber":486}
{"id":481,"_locked":false,"symbol":"WAT","priceTarget":154.24,"sourceName":"StockTutorial_PriceTarget.csv","lineNumber":481}
{"id":485,"_locked":false,"symbol":"WU","priceTarget":22.66,"sourceName":"StockTutorial_PriceTarget.csv","lineNumber":485}
{"id":488,"_locked":false,"symbol":"WHR","priceTarget":178.54,"sourceName":"StockTutorial_PriceTarget.csv","lineNumber":488}
{"id":487,"_locked":false,"symbol":"WY","priceTarget":33.5,"sourceName":"StockTutorial_PriceTarget.csv","lineNumber":487}
{"id":489,"_locked":false,"symbol":"WFM","priceTarget":34.55,"sourceName":"StockTutorial_PriceTarget.csv","lineNumber":489}
{"id":491,"_locked":false,"symbol":"WLTW","priceTarget":137.37,"sourceName":"StockTutorial_PriceTarget.csv","lineNumber":491}
{"id":492,"_locked":false,"symbol":"WEC","priceTarget":62.93,"sourceName":"StockTutorial_PriceTarget.csv","lineNumber":492}
{"id":495,"_locked":false,"symbol":"XEL","priceTarget":43.48,"sourceName":"StockTutorial_PriceTarget.csv","lineNumber":495}
{"id":494,"_locked":false,"symbol":"WYNN","priceTarget":99.67,"sourceName":"StockTutorial_PriceTarget.csv","lineNumber":494}
{"id":490,"_locked":false,"symbol":"WMB","priceTarget":24.66,"sourceName":"StockTutorial_PriceTarget.csv","lineNumber":490}
{"id":493,"_locked":false,"symbol":"WYN","priceTarget":79.02,"sourceName":"StockTutorial_PriceTarget.csv","lineNumber":493}
{"id":497,"_locked":false,"symbol":"XLNX","priceTarget":56.81,"sourceName":"StockTutorial_PriceTarget.csv","lineNumber":497}
{"id":500,"_locked":false,"symbol":"YHOO","priceTarget":41.26,"sourceName":"StockTutorial_PriceTarget.csv","lineNumber":500}
{"id":499,"_locked":false,"symbol":"XYL","priceTarget":50.72,"sourceName":"StockTutorial_PriceTarget.csv","lineNumber":499}
{"id":498,"_locked":false,"symbol":"XL","priceTarget":36.44,"sourceName":"StockTutorial_PriceTarget.csv","lineNumber":498}
{"id":501,"_locked":false,"symbol":"YUM","priceTarget":99.71,"sourceName":"StockTutorial_PriceTarget.csv","lineNumber":501}
{"id":496,"_locked":false,"symbol":"XRX","priceTarget":11.4,"sourceName":"StockTutorial_PriceTarget.csv","lineNumber":496}
{"id":504,"_locked":false,"symbol":"ZTS","priceTarget":48.74,"sourceName":"StockTutorial_PriceTarget.csv","lineNumber":504}
{"id":502,"_locked":false,"symbol":"ZBH","priceTarget":128.01,"sourceName":"StockTutorial_PriceTarget.csv","lineNumber":502}
{"id":503,"_locked":false,"symbol":"ZION","priceTarget":27.75,"sourceName":"StockTutorial_PriceTarget.csv","lineNumber":503}
{"id":315,"_locked":false,"symbol":"NOV","priceTarget":36.76,"sourceName":"StockTutorial_PriceTarget.csv","lineNumber":315}
{"id":316,"_locked":false,"symbol":"NAVI","priceTarget":13.43,"sourceName":"StockTutorial_PriceTarget.csv","lineNumber":316}
