{"configType":"model","entityName":"uuu","numFields":20,"lastUpdate":3,"version":-1511310281,"dependencyInfos":[{"nodeId":4,"legendPosition":0,"entityName":"uuu","lastGlobalUpdate":3,"fieldName":"id","dataType":"INTEGER","calculation":false,"fullNodeName":"uuu.id","localDependencies":[],"globalDependencies":[],"crossDependencies":[],"qualifiedSafeName":"uuu.id","codeName":"id","keyName":"uuu.id","safeName":"uuu.id","field":{"id":"id","name":"id","dirty":false,"incomplete":false,"initialized":false,"type":"INTEGER","required":false,"readOnly":false,"allowNull":false,"zeroOnNull":false,"keyField":false,"sorted":false,"indexed":false,"multiIndex":false,"array":false,"arrayUnique":false,"arrayMaxSize":0,"abstract":false,"static":false,"native":false},"id":4},{"nodeId":5,"legendPosition":1,"entityName":"uuu","lastGlobalUpdate":3,"fieldName":"version","dataType":"INTEGER","calculation":false,"fullNodeName":"uuu.version","localDependencies":[],"globalDependencies":[],"crossDependencies":[],"qualifiedSafeName":"uuu.version","codeName":"version","keyName":"uuu.version","safeName":"uuu.version","field":{"id":"version","name":"version","dirty":false,"incomplete":false,"initialized":false,"type":"INTEGER","required":false,"readOnly":false,"allowNull":false,"zeroOnNull":false,"keyField":false,"sorted":false,"indexed":false,"multiIndex":false,"array":false,"arrayUnique":false,"arrayMaxSize":0,"abstract":false,"static":false,"native":false},"id":5},{"nodeId":6,"legendPosition":2,"entityName":"uuu","lastGlobalUpdate":3,"fieldName":"ruleResults","dataType":"RAW","calculation":true,"fullNodeName":"uuu.ruleResults","localDependencies":[],"globalDependencies":[],"crossDependencies":[],"qualifiedSafeName":"uuu.ruleResults","codeName":"ruleResults","keyName":"uuu.ruleResults","safeName":"uuu.ruleResults","field":{"id":"ruleResults","name":"ruleResults","dirty":false,"incomplete":false,"initialized":false,"type":"RAW","required":false,"readOnly":false,"allowNull":false,"zeroOnNull":false,"keyField":false,"sorted":false,"indexed":false,"multiIndex":false,"array":true,"arrayUnique":false,"arrayMaxSize":0,"abstract":false,"static":false,"native":false},"id":6},{"nodeId":7,"legendPosition":3,"entityName":"uuu","lastGlobalUpdate":3,"fieldName":"errors","dataType":"RAW","calculation":false,"fullNodeName":"uuu.errors","localDependencies":[],"globalDependencies":[],"crossDependencies":[],"qualifiedSafeName":"uuu.errors","codeName":"errors","keyName":"uuu.errors","safeName":"uuu.errors","field":{"id":"errors","name":"errors","dirty":false,"incomplete":false,"initialized":false,"type":"RAW","required":false,"readOnly":false,"allowNull":false,"zeroOnNull":false,"keyField":false,"sorted":false,"indexed":false,"multiIndex":false,"array":true,"arrayUnique":false,"arrayMaxSize":0,"abstract":false,"static":false,"native":false},"id":7},{"nodeId":8,"legendPosition":4,"entityName":"uuu","lastGlobalUpdate":3,"fieldName":"name","dataType":"TEXT","calculation":false,"fullNodeName":"uuu.name","localDependencies":[],"globalDependencies":[],"crossDependencies":[],"qualifiedSafeName":"uuu.name","codeName":"name","keyName":"uuu.name","safeName":"uuu.name","field":{"id":"name","name":"name","dirty":false,"incomplete":false,"initialized":false,"type":"TEXT","required":false,"readOnly":false,"allowNull":false,"zeroOnNull":false,"keyField":false,"sorted":false,"indexed":false,"multiIndex":false,"array":false,"arrayUnique":false,"arrayMaxSize":0,"abstract":false,"static":false,"native":false},"id":8},{"nodeId":9,"legendPosition":5,"entityName":"uuu","lastGlobalUpdate":3,"fieldName":"entityName","dataType":"TEXT","calculation":false,"fullNodeName":"uuu.entityName","localDependencies":[],"globalDependencies":[],"crossDependencies":[],"qualifiedSafeName":"uuu.entityName","codeName":"entityName","keyName":"uuu.entityName","safeName":"uuu.entityName","field":{"id":"entityName","name":"entityName","dirty":false,"incomplete":false,"initialized":false,"type":"TEXT","required":false,"readOnly":false,"allowNull":false,"zeroOnNull":false,"keyField":false,"sorted":false,"indexed":false,"multiIndex":false,"array":false,"arrayUnique":false,"arrayMaxSize":0,"abstract":false,"static":false,"native":false},"id":9},{"nodeId":10,"legendPosition":6,"entityName":"uuu","lastGlobalUpdate":3,"fieldName":"key","dataType":"TEXT","calculation":false,"fullNodeName":"uuu.key","localDependencies":[],"globalDependencies":[],"crossDependencies":[],"qualifiedSafeName":"uuu.key","codeName":"key","keyName":"uuu.key","safeName":"uuu.key","field":{"id":"key","name":"key","dirty":false,"incomplete":false,"initialized":false,"type":"TEXT","required":false,"readOnly":false,"allowNull":false,"zeroOnNull":false,"keyField":false,"sorted":false,"indexed":false,"multiIndex":false,"array":false,"arrayUnique":false,"arrayMaxSize":0,"abstract":false,"static":false,"native":false},"id":10},{"nodeId":11,"legendPosition":7,"entityName":"uuu","lastGlobalUpdate":3,"fieldName":"seriesValue","dataType":"ANY","calculation":false,"fullNodeName":"uuu.seriesValue","localDependencies":[],"globalDependencies":[],"crossDependencies":[],"qualifiedSafeName":"uuu.seriesValue","codeName":"seriesValue","keyName":"uuu.seriesValue","safeName":"uuu.seriesValue","field":{"id":"seriesValue","name":"seriesValue","dirty":false,"incomplete":false,"initialized":false,"type":"ANY","required":false,"readOnly":false,"allowNull":false,"zeroOnNull":false,"keyField":false,"sorted":false,"indexed":false,"multiIndex":false,"array":false,"arrayUnique":false,"arrayMaxSize":0,"abstract":false,"static":false,"native":false},"id":11},{"nodeId":12,"legendPosition":8,"entityName":"uuu","lastGlobalUpdate":3,"fieldName":"keyPrior","dataType":"DATAITEM","calculation":false,"fullNodeName":"uuu.keyPrior","localDependencies":[],"globalDependencies":[],"crossDependencies":[],"qualifiedSafeName":"uuu.keyPrior","codeName":"keyPrior","keyName":"uuu.keyPrior","safeName":"uuu.keyPrior","field":{"id":"keyPrior","name":"keyPrior","dirty":false,"incomplete":false,"initialized":false,"type":"DATAITEM","required":false,"readOnly":false,"allowNull":false,"zeroOnNull":false,"keyField":false,"sorted":false,"indexed":false,"multiIndex":false,"array":false,"arrayUnique":false,"arrayMaxSize":0,"abstract":false,"static":false,"native":false},"id":12},{"nodeId":13,"legendPosition":9,"entityName":"uuu","lastGlobalUpdate":3,"fieldName":"keyNext","dataType":"DATAITEM","calculation":false,"fullNodeName":"uuu.keyNext","localDependencies":[],"globalDependencies":[],"crossDependencies":[],"qualifiedSafeName":"uuu.keyNext","codeName":"keyNext","keyName":"uuu.keyNext","safeName":"uuu.keyNext","field":{"id":"keyNext","name":"keyNext","dirty":false,"incomplete":false,"initialized":false,"type":"DATAITEM","required":false,"readOnly":false,"allowNull":false,"zeroOnNull":false,"keyField":false,"sorted":false,"indexed":false,"multiIndex":false,"array":false,"arrayUnique":false,"arrayMaxSize":0,"abstract":false,"static":false,"native":false},"id":13},{"nodeId":14,"legendPosition":10,"entityName":"uuu","lastGlobalUpdate":3,"fieldName":"keyPosition","dataType":"INTEGER","calculation":false,"fullNodeName":"uuu.keyPosition","localDependencies":[],"globalDependencies":[],"crossDependencies":[],"qualifiedSafeName":"uuu.keyPosition","codeName":"keyPosition","keyName":"uuu.keyPosition","safeName":"uuu.keyPosition","field":{"id":"keyPosition","name":"keyPosition","dirty":false,"incomplete":false,"initialized":false,"type":"INTEGER","required":false,"readOnly":false,"allowNull":false,"zeroOnNull":false,"keyField":false,"sorted":false,"indexed":false,"multiIndex":false,"array":false,"arrayUnique":false,"arrayMaxSize":0,"abstract":false,"static":false,"native":false},"id":14},{"nodeId":15,"legendPosition":11,"entityName":"uuu","lastGlobalUpdate":3,"fieldName":"keyNavigation","dataType":"ANY","calculation":false,"fullNodeName":"uuu.keyNavigation","localDependencies":[],"globalDependencies":[],"crossDependencies":[],"qualifiedSafeName":"uuu.keyNavigation","codeName":"keyNavigation","keyName":"uuu.keyNavigation","safeName":"uuu.keyNavigation","field":{"id":"keyNavigation","name":"keyNavigation","dirty":false,"incomplete":false,"initialized":false,"type":"ANY","required":false,"readOnly":false,"allowNull":false,"zeroOnNull":false,"keyField":false,"sorted":false,"indexed":false,"multiIndex":false,"array":false,"arrayUnique":false,"arrayMaxSize":0,"abstract":false,"static":false,"native":false},"id":15},{"nodeId":16,"legendPosition":12,"entityName":"uuu","lastGlobalUpdate":3,"fieldName":"model","dataType":"DATAITEM","calculation":false,"fullNodeName":"uuu.model","localDependencies":[],"globalDependencies":[],"crossDependencies":[],"qualifiedSafeName":"uuu.model","codeName":"model","keyName":"uuu.model","safeName":"uuu.model","field":{"id":"model","name":"model","dirty":false,"incomplete":false,"initialized":false,"type":"DATAITEM","required":false,"readOnly":false,"allowNull":false,"zeroOnNull":false,"keyField":false,"sorted":false,"indexed":false,"multiIndex":false,"array":false,"arrayUnique":false,"arrayMaxSize":0,"abstract":false,"static":false,"native":false},"id":16},{"nodeId":0,"legendPosition":13,"entityName":"uuu","fieldName":"view_id_","dataType":"INTEGER","calculation":false,"localDependencies":[],"globalDependencies":[],"crossDependencies":[],"codeName":"view_id_","field":{"id":"view_id_","name":"view_id_","dirty":false,"incomplete":false,"initialized":false,"type":"INTEGER","required":false,"readOnly":false,"allowNull":false,"zeroOnNull":false,"keyField":false,"sorted":false,"indexed":false,"multiIndex":false,"array":false,"arrayUnique":false,"arrayMaxSize":0,"abstract":false,"static":false,"native":false},"id":0},{"nodeId":0,"legendPosition":14,"entityName":"uuu","fieldName":"view_uuu","dataType":"ANY","calculation":false,"localDependencies":[],"globalDependencies":[],"crossDependencies":[],"codeName":"view_uuu","field":{"id":"view_uuu","name":"view_uuu","dirty":false,"incomplete":false,"initialized":false,"type":"ANY","required":false,"readOnly":false,"allowNull":false,"zeroOnNull":false,"keyField":false,"sorted":false,"indexed":false,"multiIndex":false,"array":false,"arrayUnique":false,"arrayMaxSize":0,"abstract":false,"static":false,"native":false},"id":0},{"nodeId":0,"legendPosition":15,"entityName":"uuu","fieldName":"uuuSeries","dataType":"ANY","calculation":false,"localDependencies":[],"globalDependencies":[],"crossDependencies":[],"codeName":"uuuSeries","field":{"id":"uuuSeries","name":"uuuSeries","dirty":false,"incomplete":false,"initialized":false,"type":"ANY","required":false,"readOnly":false,"allowNull":false,"zeroOnNull":false,"keyField":false,"sorted":false,"indexed":false,"multiIndex":false,"array":false,"arrayUnique":false,"arrayMaxSize":0,"abstract":false,"static":false,"native":false},"id":0},{"nodeId":0,"legendPosition":16,"entityName":"uuu","fieldName":"connector_server","dataType":"ANY","calculation":false,"localDependencies":[],"globalDependencies":[],"crossDependencies":[],"codeName":"connector_server","field":{"id":"connector_server","name":"connector_server","dirty":false,"incomplete":false,"initialized":false,"type":"ANY","required":false,"readOnly":false,"allowNull":false,"zeroOnNull":false,"keyField":false,"sorted":false,"indexed":false,"multiIndex":false,"array":false,"arrayUnique":false,"arrayMaxSize":0,"abstract":false,"static":false,"native":false},"id":0},{"nodeId":0,"legendPosition":17,"entityName":"uuu","fieldName":"view_server","dataType":"ANY","calculation":false,"localDependencies":[],"globalDependencies":[],"crossDependencies":[],"codeName":"view_server","field":{"id":"view_server","name":"view_server","dirty":false,"incomplete":false,"initialized":false,"type":"ANY","required":false,"readOnly":false,"allowNull":false,"zeroOnNull":false,"keyField":false,"sorted":false,"indexed":false,"multiIndex":false,"array":false,"arrayUnique":false,"arrayMaxSize":0,"abstract":false,"static":false,"native":false},"id":0},{"nodeId":0,"legendPosition":18,"entityName":"uuu","fieldName":"serverSeries","dataType":"ANY","calculation":false,"localDependencies":[],"globalDependencies":[],"crossDependencies":[],"codeName":"serverSeries","field":{"id":"serverSeries","name":"serverSeries","dirty":false,"incomplete":false,"initialized":false,"type":"ANY","required":false,"readOnly":false,"allowNull":false,"zeroOnNull":false,"keyField":false,"sorted":false,"indexed":false,"multiIndex":false,"array":false,"arrayUnique":false,"arrayMaxSize":0,"abstract":false,"static":false,"native":false},"id":0},{"nodeId":51,"legendPosition":19,"entityName":"uuu","fieldName":"serverList","dataType":"DATAITEM","calculation":false,"selectField":"model","fullNodeName":"uuu.serverList","localDependencies":[],"globalDependencies":[],"crossDependencies":[],"qualifiedSafeName":"uuu.serverList","codeName":"serverList","keyName":"uuu.serverList","safeName":"uuu.serverList","field":{"id":"serverList","name":"serverList","dirty":false,"incomplete":false,"initialized":false,"type":"DATAITEM","required":false,"readOnly":false,"allowNull":false,"zeroOnNull":false,"keyField":false,"sorted":false,"indexed":false,"multiIndex":false,"array":true,"arrayUnique":false,"arrayMaxSize":0,"abstract":false,"static":false,"native":false},"id":51}],"id":0}
{"configType":"dataitem","entityName":"server","numFields":18,"lastUpdate":0,"version":-2071211630,"dependencyInfos":[{"nodeId":0,"legendPosition":0,"entityName":"server","fieldName":"connector_server_CONNECTOR","dataType":"ANY","calculation":false,"localDependencies":[],"globalDependencies":[],"crossDependencies":[],"codeName":"connector_server_CONNECTOR","field":{"id":"connector_server_CONNECTOR","name":"connector_server_CONNECTOR","dirty":false,"incomplete":false,"initialized":false,"type":"ANY","required":false,"readOnly":false,"allowNull":false,"zeroOnNull":false,"keyField":false,"sorted":false,"indexed":false,"multiIndex":false,"array":false,"arrayUnique":false,"arrayMaxSize":0,"abstract":false,"static":false,"native":false},"id":0},{"nodeId":26,"legendPosition":1,"entityName":"server","fieldName":"id","dataType":"INTEGER","calculation":false,"fullNodeName":"server.id","localDependencies":["server.lineNumber"],"globalDependencies":[],"crossDependencies":[],"qualifiedSafeName":"server.id","codeName":"id","keyName":"server.id","safeName":"server.id","field":{"id":"id","name":"id","dirty":false,"incomplete":false,"initialized":false,"type":"INTEGER","required":false,"readOnly":false,"allowNull":false,"zeroOnNull":false,"keyField":false,"sorted":false,"indexed":false,"multiIndex":false,"array":false,"arrayUnique":false,"arrayMaxSize":0,"abstract":false,"static":false,"native":false},"id":26},{"nodeId":27,"legendPosition":2,"entityName":"server","fieldName":"version","dataType":"INTEGER","calculation":false,"fullNodeName":"server.version","localDependencies":[],"globalDependencies":[],"crossDependencies":[],"qualifiedSafeName":"server.version","codeName":"version","keyName":"server.version","safeName":"server.version","field":{"id":"version","name":"version","dirty":false,"incomplete":false,"initialized":false,"type":"INTEGER","required":false,"readOnly":false,"allowNull":false,"zeroOnNull":false,"keyField":false,"sorted":false,"indexed":false,"multiIndex":false,"array":false,"arrayUnique":false,"arrayMaxSize":0,"abstract":false,"static":false,"native":false},"id":27},{"nodeId":28,"legendPosition":3,"entityName":"server","fieldName":"ruleResults","dataType":"RAW","calculation":true,"fullNodeName":"server.ruleResults","localDependencies":[],"globalDependencies":[],"crossDependencies":[],"qualifiedSafeName":"server.ruleResults","codeName":"ruleResults","keyName":"server.ruleResults","safeName":"server.ruleResults","field":{"id":"ruleResults","name":"ruleResults","dirty":false,"incomplete":false,"initialized":false,"type":"RAW","required":false,"readOnly":false,"allowNull":false,"zeroOnNull":false,"keyField":false,"sorted":false,"indexed":false,"multiIndex":false,"array":true,"arrayUnique":false,"arrayMaxSize":0,"abstract":false,"static":false,"native":false},"id":28},{"nodeId":29,"legendPosition":4,"entityName":"server","fieldName":"errors","dataType":"RAW","calculation":false,"fullNodeName":"server.errors","localDependencies":[],"globalDependencies":[],"crossDependencies":[],"qualifiedSafeName":"server.errors","codeName":"errors","keyName":"server.errors","safeName":"server.errors","field":{"id":"errors","name":"errors","dirty":false,"incomplete":false,"initialized":false,"type":"RAW","required":false,"readOnly":false,"allowNull":false,"zeroOnNull":false,"keyField":false,"sorted":false,"indexed":false,"multiIndex":false,"array":true,"arrayUnique":false,"arrayMaxSize":0,"abstract":false,"static":false,"native":false},"id":29},{"nodeId":30,"legendPosition":5,"entityName":"server","fieldName":"name","dataType":"TEXT","calculation":false,"fullNodeName":"server.name","localDependencies":[],"globalDependencies":[],"crossDependencies":[],"qualifiedSafeName":"server.name","codeName":"name","keyName":"server.name","safeName":"server.name","field":{"id":"name","name":"name","dirty":false,"incomplete":false,"initialized":false,"type":"TEXT","required":false,"readOnly":false,"allowNull":false,"zeroOnNull":false,"keyField":false,"sorted":false,"indexed":false,"multiIndex":false,"array":false,"arrayUnique":false,"arrayMaxSize":0,"abstract":false,"static":false,"native":false},"id":30},{"nodeId":31,"legendPosition":6,"entityName":"server","fieldName":"entityName","dataType":"TEXT","calculation":false,"fullNodeName":"server.entityName","localDependencies":[],"globalDependencies":[],"crossDependencies":[],"qualifiedSafeName":"server.entityName","codeName":"entityName","keyName":"server.entityName","safeName":"server.entityName","field":{"id":"entityName","name":"entityName","dirty":false,"incomplete":false,"initialized":false,"type":"TEXT","required":false,"readOnly":false,"allowNull":false,"zeroOnNull":false,"keyField":false,"sorted":false,"indexed":false,"multiIndex":false,"array":false,"arrayUnique":false,"arrayMaxSize":0,"abstract":false,"static":false,"native":false},"id":31},{"nodeId":32,"legendPosition":7,"entityName":"server","fieldName":"key","dataType":"TEXT","calculation":false,"fullNodeName":"server.key","localDependencies":[],"globalDependencies":[],"crossDependencies":[],"qualifiedSafeName":"server.key","codeName":"key","keyName":"server.key","safeName":"server.key","field":{"id":"key","name":"key","dirty":false,"incomplete":false,"initialized":false,"type":"TEXT","required":false,"readOnly":false,"allowNull":false,"zeroOnNull":false,"keyField":false,"sorted":false,"indexed":false,"multiIndex":false,"array":false,"arrayUnique":false,"arrayMaxSize":0,"abstract":false,"static":false,"native":false},"id":32},{"nodeId":33,"legendPosition":8,"entityName":"server","fieldName":"seriesValue","dataType":"ANY","calculation":false,"fullNodeName":"server.seriesValue","localDependencies":[],"globalDependencies":[],"crossDependencies":[],"qualifiedSafeName":"server.seriesValue","codeName":"seriesValue","keyName":"server.seriesValue","safeName":"server.seriesValue","field":{"id":"seriesValue","name":"seriesValue","dirty":false,"incomplete":false,"initialized":false,"type":"ANY","required":false,"readOnly":false,"allowNull":false,"zeroOnNull":false,"keyField":false,"sorted":false,"indexed":false,"multiIndex":false,"array":false,"arrayUnique":false,"arrayMaxSize":0,"abstract":false,"static":false,"native":false},"id":33},{"nodeId":34,"legendPosition":9,"entityName":"server","fieldName":"keyPrior","dataType":"DATAITEM","calculation":false,"fullNodeName":"server.keyPrior","localDependencies":[],"globalDependencies":[],"crossDependencies":[],"qualifiedSafeName":"server.keyPrior","codeName":"keyPrior","keyName":"server.keyPrior","safeName":"server.keyPrior","field":{"id":"keyPrior","name":"keyPrior","dirty":false,"incomplete":false,"initialized":false,"type":"DATAITEM","required":false,"readOnly":false,"allowNull":false,"zeroOnNull":false,"keyField":false,"sorted":false,"indexed":false,"multiIndex":false,"array":false,"arrayUnique":false,"arrayMaxSize":0,"abstract":false,"static":false,"native":false},"id":34},{"nodeId":35,"legendPosition":10,"entityName":"server","fieldName":"keyNext","dataType":"DATAITEM","calculation":false,"fullNodeName":"server.keyNext","localDependencies":[],"globalDependencies":[],"crossDependencies":[],"qualifiedSafeName":"server.keyNext","codeName":"keyNext","keyName":"server.keyNext","safeName":"server.keyNext","field":{"id":"keyNext","name":"keyNext","dirty":false,"incomplete":false,"initialized":false,"type":"DATAITEM","required":false,"readOnly":false,"allowNull":false,"zeroOnNull":false,"keyField":false,"sorted":false,"indexed":false,"multiIndex":false,"array":false,"arrayUnique":false,"arrayMaxSize":0,"abstract":false,"static":false,"native":false},"id":35},{"nodeId":36,"legendPosition":11,"entityName":"server","fieldName":"keyPosition","dataType":"INTEGER","calculation":false,"fullNodeName":"server.keyPosition","localDependencies":[],"globalDependencies":[],"crossDependencies":[],"qualifiedSafeName":"server.keyPosition","codeName":"keyPosition","keyName":"server.keyPosition","safeName":"server.keyPosition","field":{"id":"keyPosition","name":"keyPosition","dirty":false,"incomplete":false,"initialized":false,"type":"INTEGER","required":false,"readOnly":false,"allowNull":false,"zeroOnNull":false,"keyField":false,"sorted":false,"indexed":false,"multiIndex":false,"array":false,"arrayUnique":false,"arrayMaxSize":0,"abstract":false,"static":false,"native":false},"id":36},{"nodeId":37,"legendPosition":12,"entityName":"server","fieldName":"keyNavigation","dataType":"ANY","calculation":false,"fullNodeName":"server.keyNavigation","localDependencies":[],"globalDependencies":[],"crossDependencies":[],"qualifiedSafeName":"server.keyNavigation","codeName":"keyNavigation","keyName":"server.keyNavigation","safeName":"server.keyNavigation","field":{"id":"keyNavigation","name":"keyNavigation","dirty":false,"incomplete":false,"initialized":false,"type":"ANY","required":false,"readOnly":false,"allowNull":false,"zeroOnNull":false,"keyField":false,"sorted":false,"indexed":false,"multiIndex":false,"array":false,"arrayUnique":false,"arrayMaxSize":0,"abstract":false,"static":false,"native":false},"id":37},{"nodeId":38,"legendPosition":13,"entityName":"server","fieldName":"model","dataType":"DATAITEM","calculation":false,"fullNodeName":"server.model","localDependencies":[],"globalDependencies":[],"crossDependencies":[],"qualifiedSafeName":"server.model","codeName":"model","keyName":"server.model","safeName":"server.model","field":{"id":"model","name":"model","dirty":false,"incomplete":false,"initialized":false,"type":"DATAITEM","required":false,"readOnly":false,"allowNull":false,"zeroOnNull":false,"keyField":false,"sorted":false,"indexed":false,"multiIndex":false,"array":false,"arrayUnique":false,"arrayMaxSize":0,"abstract":false,"static":false,"native":false},"id":38},{"nodeId":0,"legendPosition":14,"entityName":"server","fieldName":"view_id_","dataType":"INTEGER","calculation":false,"localDependencies":[],"globalDependencies":[],"crossDependencies":[],"codeName":"view_id_","field":{"id":"view_id_","name":"view_id_","dirty":false,"incomplete":false,"initialized":false,"type":"INTEGER","required":false,"readOnly":false,"allowNull":false,"zeroOnNull":false,"keyField":false,"sorted":false,"indexed":false,"multiIndex":false,"array":false,"arrayUnique":false,"arrayMaxSize":0,"abstract":false,"static":false,"native":false},"id":0},{"nodeId":48,"legendPosition":15,"entityName":"server","fieldName":"sourceName","dataType":"TEXT","calculation":false,"fullNodeName":"server.sourceName","localDependencies":[],"globalDependencies":[],"crossDependencies":[],"qualifiedSafeName":"server.sourceName","codeName":"sourceName","keyName":"server.sourceName","safeName":"server.sourceName","field":{"id":"sourceName","name":"sourceName","dirty":false,"incomplete":false,"initialized":false,"type":"TEXT","required":false,"readOnly":false,"allowNull":false,"zeroOnNull":false,"keyField":false,"sorted":false,"indexed":false,"multiIndex":false,"array":false,"arrayUnique":false,"arrayMaxSize":0,"abstract":false,"static":false,"native":false},"id":48},{"nodeId":49,"legendPosition":16,"entityName":"server","fieldName":"lineNumber","dataType":"INTEGER","calculation":false,"fullNodeName":"server.lineNumber","localDependencies":[],"globalDependencies":[],"crossDependencies":[],"qualifiedSafeName":"server.lineNumber","codeName":"lineNumber","keyName":"server.lineNumber","safeName":"server.lineNumber","field":{"id":"lineNumber","name":"lineNumber","dirty":false,"incomplete":false,"initialized":false,"type":"INTEGER","required":false,"readOnly":false,"allowNull":false,"zeroOnNull":false,"keyField":false,"sorted":false,"indexed":false,"multiIndex":false,"array":false,"arrayUnique":false,"arrayMaxSize":0,"abstract":false,"static":false,"native":false},"id":49},{"nodeId":50,"legendPosition":17,"entityName":"server","fieldName":"xmlResponse","dataType":"MAP","calculation":false,"fullNodeName":"server.xmlResponse","localDependencies":[],"globalDependencies":[],"crossDependencies":[],"qualifiedSafeName":"server.xmlResponse","codeName":"xmlResponse","keyName":"server.xmlResponse","safeName":"server.xmlResponse","field":{"id":"xmlResponse","name":"xmlResponse","dirty":false,"incomplete":false,"initialized":false,"type":"MAP","required":false,"readOnly":false,"allowNull":false,"zeroOnNull":false,"keyField":false,"sorted":false,"indexed":false,"multiIndex":false,"array":false,"arrayUnique":false,"arrayMaxSize":0,"abstract":false,"static":false,"native":false},"id":50}],"id":0}
