{"configType":"model","entityName":"myModel2","numFields":16,"lastUpdate":3,"version":-383373153,"dependencyInfos":[{"nodeId":4,"legendPosition":0,"entityName":"myModel2","lastGlobalUpdate":3,"fieldName":"id","dataType":"INTEGER","calculation":false,"fullNodeName":"myModel2.id","localDependencies":[],"globalDependencies":[],"crossDependencies":[],"qualifiedSafeName":"myModel2.id","codeName":"id","keyName":"myModel2.id","safeName":"myModel2.id","field":{"id":"id","name":"id","dirty":false,"incomplete":false,"initialized":false,"type":"INTEGER","required":false,"readOnly":false,"allowNull":false,"zeroOnNull":false,"keyField":false,"sorted":false,"indexed":false,"multiIndex":false,"array":false,"arrayUnique":false,"arrayMaxSize":0,"abstract":false,"static":false,"native":false},"id":4},{"nodeId":5,"legendPosition":1,"entityName":"myModel2","lastGlobalUpdate":3,"fieldName":"version","dataType":"INTEGER","calculation":false,"fullNodeName":"myModel2.version","localDependencies":[],"globalDependencies":[],"crossDependencies":[],"qualifiedSafeName":"myModel2.version","codeName":"version","keyName":"myModel2.version","safeName":"myModel2.version","field":{"id":"version","name":"version","dirty":false,"incomplete":false,"initialized":false,"type":"INTEGER","required":false,"readOnly":false,"allowNull":false,"zeroOnNull":false,"keyField":false,"sorted":false,"indexed":false,"multiIndex":false,"array":false,"arrayUnique":false,"arrayMaxSize":0,"abstract":false,"static":false,"native":false},"id":5},{"nodeId":6,"legendPosition":2,"entityName":"myModel2","lastGlobalUpdate":3,"fieldName":"ruleResults","dataType":"RAW","calculation":true,"fullNodeName":"myModel2.ruleResults","localDependencies":[],"globalDependencies":[],"crossDependencies":[],"qualifiedSafeName":"myModel2.ruleResults","codeName":"ruleResults","keyName":"myModel2.ruleResults","safeName":"myModel2.ruleResults","field":{"id":"ruleResults","name":"ruleResults","dirty":false,"incomplete":false,"initialized":false,"type":"RAW","required":false,"readOnly":false,"allowNull":false,"zeroOnNull":false,"keyField":false,"sorted":false,"indexed":false,"multiIndex":false,"array":true,"arrayUnique":false,"arrayMaxSize":0,"abstract":false,"static":false,"native":false},"id":6},{"nodeId":7,"legendPosition":3,"entityName":"myModel2","lastGlobalUpdate":3,"fieldName":"errors","dataType":"RAW","calculation":false,"fullNodeName":"myModel2.errors","localDependencies":[],"globalDependencies":[],"crossDependencies":[],"qualifiedSafeName":"myModel2.errors","codeName":"errors","keyName":"myModel2.errors","safeName":"myModel2.errors","field":{"id":"errors","name":"errors","dirty":false,"incomplete":false,"initialized":false,"type":"RAW","required":false,"readOnly":false,"allowNull":false,"zeroOnNull":false,"keyField":false,"sorted":false,"indexed":false,"multiIndex":false,"array":true,"arrayUnique":false,"arrayMaxSize":0,"abstract":false,"static":false,"native":false},"id":7},{"nodeId":8,"legendPosition":4,"entityName":"myModel2","lastGlobalUpdate":3,"fieldName":"name","dataType":"TEXT","calculation":false,"fullNodeName":"myModel2.name","localDependencies":[],"globalDependencies":[],"crossDependencies":[],"qualifiedSafeName":"myModel2.name","codeName":"name","keyName":"myModel2.name","safeName":"myModel2.name","field":{"id":"name","name":"name","dirty":false,"incomplete":false,"initialized":false,"type":"TEXT","required":false,"readOnly":false,"allowNull":false,"zeroOnNull":false,"keyField":false,"sorted":false,"indexed":false,"multiIndex":false,"array":false,"arrayUnique":false,"arrayMaxSize":0,"abstract":false,"static":false,"native":false},"id":8},{"nodeId":9,"legendPosition":5,"entityName":"myModel2","lastGlobalUpdate":3,"fieldName":"entityName","dataType":"TEXT","calculation":false,"fullNodeName":"myModel2.entityName","localDependencies":[],"globalDependencies":[],"crossDependencies":[],"qualifiedSafeName":"myModel2.entityName","codeName":"entityName","keyName":"myModel2.entityName","safeName":"myModel2.entityName","field":{"id":"entityName","name":"entityName","dirty":false,"incomplete":false,"initialized":false,"type":"TEXT","required":false,"readOnly":false,"allowNull":false,"zeroOnNull":false,"keyField":false,"sorted":false,"indexed":false,"multiIndex":false,"array":false,"arrayUnique":false,"arrayMaxSize":0,"abstract":false,"static":false,"native":false},"id":9},{"nodeId":10,"legendPosition":6,"entityName":"myModel2","lastGlobalUpdate":3,"fieldName":"key","dataType":"TEXT","calculation":false,"fullNodeName":"myModel2.key","localDependencies":[],"globalDependencies":[],"crossDependencies":[],"qualifiedSafeName":"myModel2.key","codeName":"key","keyName":"myModel2.key","safeName":"myModel2.key","field":{"id":"key","name":"key","dirty":false,"incomplete":false,"initialized":false,"type":"TEXT","required":false,"readOnly":false,"allowNull":false,"zeroOnNull":false,"keyField":false,"sorted":false,"indexed":false,"multiIndex":false,"array":false,"arrayUnique":false,"arrayMaxSize":0,"abstract":false,"static":false,"native":false},"id":10},{"nodeId":11,"legendPosition":7,"entityName":"myModel2","lastGlobalUpdate":3,"fieldName":"seriesValue","dataType":"ANY","calculation":false,"fullNodeName":"myModel2.seriesValue","localDependencies":[],"globalDependencies":[],"crossDependencies":[],"qualifiedSafeName":"myModel2.seriesValue","codeName":"seriesValue","keyName":"myModel2.seriesValue","safeName":"myModel2.seriesValue","field":{"id":"seriesValue","name":"seriesValue","dirty":false,"incomplete":false,"initialized":false,"type":"ANY","required":false,"readOnly":false,"allowNull":false,"zeroOnNull":false,"keyField":false,"sorted":false,"indexed":false,"multiIndex":false,"array":false,"arrayUnique":false,"arrayMaxSize":0,"abstract":false,"static":false,"native":false},"id":11},{"nodeId":12,"legendPosition":8,"entityName":"myModel2","lastGlobalUpdate":3,"fieldName":"keyPrior","dataType":"DATAITEM","calculation":false,"fullNodeName":"myModel2.keyPrior","localDependencies":[],"globalDependencies":[],"crossDependencies":[],"qualifiedSafeName":"myModel2.keyPrior","codeName":"keyPrior","keyName":"myModel2.keyPrior","safeName":"myModel2.keyPrior","field":{"id":"keyPrior","name":"keyPrior","dirty":false,"incomplete":false,"initialized":false,"type":"DATAITEM","required":false,"readOnly":false,"allowNull":false,"zeroOnNull":false,"keyField":false,"sorted":false,"indexed":false,"multiIndex":false,"array":false,"arrayUnique":false,"arrayMaxSize":0,"abstract":false,"static":false,"native":false},"id":12},{"nodeId":13,"legendPosition":9,"entityName":"myModel2","lastGlobalUpdate":3,"fieldName":"keyNext","dataType":"DATAITEM","calculation":false,"fullNodeName":"myModel2.keyNext","localDependencies":[],"globalDependencies":[],"crossDependencies":[],"qualifiedSafeName":"myModel2.keyNext","codeName":"keyNext","keyName":"myModel2.keyNext","safeName":"myModel2.keyNext","field":{"id":"keyNext","name":"keyNext","dirty":false,"incomplete":false,"initialized":false,"type":"DATAITEM","required":false,"readOnly":false,"allowNull":false,"zeroOnNull":false,"keyField":false,"sorted":false,"indexed":false,"multiIndex":false,"array":false,"arrayUnique":false,"arrayMaxSize":0,"abstract":false,"static":false,"native":false},"id":13},{"nodeId":14,"legendPosition":10,"entityName":"myModel2","lastGlobalUpdate":3,"fieldName":"keyPosition","dataType":"INTEGER","calculation":false,"fullNodeName":"myModel2.keyPosition","localDependencies":[],"globalDependencies":[],"crossDependencies":[],"qualifiedSafeName":"myModel2.keyPosition","codeName":"keyPosition","keyName":"myModel2.keyPosition","safeName":"myModel2.keyPosition","field":{"id":"keyPosition","name":"keyPosition","dirty":false,"incomplete":false,"initialized":false,"type":"INTEGER","required":false,"readOnly":false,"allowNull":false,"zeroOnNull":false,"keyField":false,"sorted":false,"indexed":false,"multiIndex":false,"array":false,"arrayUnique":false,"arrayMaxSize":0,"abstract":false,"static":false,"native":false},"id":14},{"nodeId":15,"legendPosition":11,"entityName":"myModel2","lastGlobalUpdate":3,"fieldName":"keyNavigation","dataType":"ANY","calculation":false,"fullNodeName":"myModel2.keyNavigation","localDependencies":[],"globalDependencies":[],"crossDependencies":[],"qualifiedSafeName":"myModel2.keyNavigation","codeName":"keyNavigation","keyName":"myModel2.keyNavigation","safeName":"myModel2.keyNavigation","field":{"id":"keyNavigation","name":"keyNavigation","dirty":false,"incomplete":false,"initialized":false,"type":"ANY","required":false,"readOnly":false,"allowNull":false,"zeroOnNull":false,"keyField":false,"sorted":false,"indexed":false,"multiIndex":false,"array":false,"arrayUnique":false,"arrayMaxSize":0,"abstract":false,"static":false,"native":false},"id":15},{"nodeId":16,"legendPosition":12,"entityName":"myModel2","lastGlobalUpdate":3,"fieldName":"model","dataType":"DATAITEM","calculation":false,"fullNodeName":"myModel2.model","localDependencies":[],"globalDependencies":[],"crossDependencies":[],"qualifiedSafeName":"myModel2.model","codeName":"model","keyName":"myModel2.model","safeName":"myModel2.model","field":{"id":"model","name":"model","dirty":false,"incomplete":false,"initialized":false,"type":"DATAITEM","required":false,"readOnly":false,"allowNull":false,"zeroOnNull":false,"keyField":false,"sorted":false,"indexed":false,"multiIndex":false,"array":false,"arrayUnique":false,"arrayMaxSize":0,"abstract":false,"static":false,"native":false},"id":16},{"nodeId":0,"legendPosition":13,"entityName":"myModel2","fieldName":"view_id_","dataType":"INTEGER","calculation":false,"localDependencies":[],"globalDependencies":[],"crossDependencies":[],"codeName":"view_id_","field":{"id":"view_id_","name":"view_id_","dirty":false,"incomplete":false,"initialized":false,"type":"INTEGER","required":false,"readOnly":false,"allowNull":false,"zeroOnNull":false,"keyField":false,"sorted":false,"indexed":false,"multiIndex":false,"array":false,"arrayUnique":false,"arrayMaxSize":0,"abstract":false,"static":false,"native":false},"id":0},{"nodeId":0,"legendPosition":14,"entityName":"myModel2","fieldName":"view_myModel2","dataType":"ANY","calculation":false,"localDependencies":[],"globalDependencies":[],"crossDependencies":[],"codeName":"view_myModel2","field":{"id":"view_myModel2","name":"view_myModel2","dirty":false,"incomplete":false,"initialized":false,"type":"ANY","required":false,"readOnly":false,"allowNull":false,"zeroOnNull":false,"keyField":false,"sorted":false,"indexed":false,"multiIndex":false,"array":false,"arrayUnique":false,"arrayMaxSize":0,"abstract":false,"static":false,"native":false},"id":0},{"nodeId":0,"legendPosition":15,"entityName":"myModel2","fieldName":"myModel2Series","dataType":"ANY","calculation":false,"localDependencies":[],"globalDependencies":[],"crossDependencies":[],"codeName":"myModel2Series","field":{"id":"myModel2Series","name":"myModel2Series","dirty":false,"incomplete":false,"initialized":false,"type":"ANY","required":false,"readOnly":false,"allowNull":false,"zeroOnNull":false,"keyField":false,"sorted":false,"indexed":false,"multiIndex":false,"array":false,"arrayUnique":false,"arrayMaxSize":0,"abstract":false,"static":false,"native":false},"id":0}],"id":0}
