{"id":2,"_locked":false,"lastName":"Komeski","firstName":"Patty","title":"ACES Programs and Finance","deptCode":490,"hireDate":1286424000000,"departmentName":"Finance","salary":73500.55,"phone":"858-868-9931 ext. 109","eMail":"patty.komeski@ecoservices.com","department":"Finance","manager":"Vogt, Dianne","fullName":"Komeski, Patty","yearsTenure":1.6,"less5":73500.55,"n5To10":0.0,"greater10":0.0,"salaryBin":50000,"sourceName":"Employees.csv","lineNumber":3,"employeesDecision":{"decision":"Low","stepComplete":true,"flowComplete":true,"decisionHistory":[{"decisionStep":"Start","toStep":"Determine Salary","entered":"2024-09-25T12:42:39.578-0400","transitioned":"2024-09-25T12:42:39.593-0400"},{"decisionStep":"Determine Salary","toStep":"Low","entered":"2024-09-25T12:42:39.593-0400","transitioned":"2024-09-25T12:42:39.609-0400"},{"decisionStep":"Low","entered":"2024-09-25T12:42:39.609-0400"}],"lock":{"holdCount":0,"heldByCurrentThread":false,"locked":false,"fair":false,"queueLength":0},"valid":true},"isComplete":false}
{"id":8,"_locked":false,"lastName":"Cannon","firstName":"Mary Ellen","title":"Soil Conservationist","deptCode":840,"hireDate":1240459200000,"departmentName":"Conservation","salary":56184.37,"phone":"858-788-4651 ext. 105","eMail":"maryellen.cannon@ecoservices.com","department":"Conservation","manager":"Wright, Daniel","fullName":"Cannon, Mary Ellen","yearsTenure":3.0,"less5":56184.37,"n5To10":0.0,"greater10":0.0,"salaryBin":50000,"sourceName":"Employees.csv","lineNumber":9,"employeesDecision":{"decision":"Low","stepComplete":true,"flowComplete":true,"decisionHistory":[{"decisionStep":"Start","toStep":"Determine Salary","entered":"2024-09-25T12:42:39.578-0400","transitioned":"2024-09-25T12:42:39.593-0400"},{"decisionStep":"Determine Salary","toStep":"Low","entered":"2024-09-25T12:42:39.593-0400","transitioned":"2024-09-25T12:42:39.625-0400"},{"decisionStep":"Low","entered":"2024-09-25T12:42:39.625-0400"}],"lock":{"holdCount":0,"heldByCurrentThread":false,"locked":false,"fair":false,"queueLength":0},"valid":true},"isComplete":false}
{"id":3,"_locked":false,"lastName":"Cochrane","firstName":"Chad","title":"District Conservationist","deptCode":840,"hireDate":1069736400000,"departmentName":"Conservation","salary":94033.12,"phone":"858-673-2409ext. 101","eMail":"chad.cochrane@ecoservices.com","department":"Conservation","manager":"Wright, Daniel","fullName":"Cochrane, Chad","yearsTenure":8.4,"less5":0.0,"n5To10":94033.12,"greater10":0.0,"salaryBin":75000,"sourceName":"Employees.csv","lineNumber":10,"employeesDecision":{"decision":"Low","stepComplete":true,"flowComplete":true,"decisionHistory":[{"decisionStep":"Start","toStep":"Determine Salary","entered":"2024-09-25T12:42:39.578-0400","transitioned":"2024-09-25T12:42:39.593-0400"},{"decisionStep":"Determine Salary","toStep":"Low","entered":"2024-09-25T12:42:39.593-0400","transitioned":"2024-09-25T12:42:39.609-0400"},{"decisionStep":"Low","entered":"2024-09-25T12:42:39.609-0400"}],"lock":{"holdCount":0,"heldByCurrentThread":false,"locked":false,"fair":false,"queueLength":0},"valid":true},"isComplete":false}
{"id":1,"_locked":false,"lastName":"Allen","firstName":"Rob","title":"Conservation Engineer","deptCode":840,"hireDate":1208145600000,"departmentName":"Conservation","salary":81156.51,"phone":"802-951-6796ext. 231","eMail":"rob.allen@vt.usda.gov","department":"Conservation","manager":"Wright, Daniel","fullName":"Allen, Rob","yearsTenure":4.1,"less5":81156.51,"n5To10":0.0,"greater10":0.0,"salaryBin":75000,"sourceName":"Employees.csv","lineNumber":7,"employeesDecision":{"decision":"Low","stepComplete":true,"flowComplete":true,"decisionHistory":[{"decisionStep":"Start","toStep":"Determine Salary","entered":"2024-09-25T12:42:39.578-0400","transitioned":"2024-09-25T12:42:39.593-0400"},{"decisionStep":"Determine Salary","toStep":"Low","entered":"2024-09-25T12:42:39.593-0400","transitioned":"2024-09-25T12:42:39.609-0400"},{"decisionStep":"Low","entered":"2024-09-25T12:42:39.609-0400"}],"lock":{"holdCount":0,"heldByCurrentThread":false,"locked":false,"fair":false,"queueLength":0},"valid":true},"isComplete":false}
{"id":12,"_locked":false,"lastName":"Newman","firstName":"Margaret","title":"Accounting Technician","deptCode":490,"hireDate":1185681600000,"departmentName":"Finance","salary":99001.93,"phone":"858-868-9931 ext. 117","eMail":"margaret.newman@ecoservices.com","department":"Finance","manager":"Vogt, Dianne","fullName":"Newman, Margaret","yearsTenure":4.8,"less5":99001.93,"n5To10":0.0,"greater10":0.0,"salaryBin":75000,"sourceName":"Employees.csv","lineNumber":4,"employeesDecision":{"decision":"Low","stepComplete":true,"flowComplete":true,"decisionHistory":[{"decisionStep":"Start","toStep":"Determine Salary","entered":"2024-09-25T12:42:39.578-0400","transitioned":"2024-09-25T12:42:39.593-0400"},{"decisionStep":"Determine Salary","toStep":"Low","entered":"2024-09-25T12:42:39.593-0400","transitioned":"2024-09-25T12:42:39.625-0400"},{"decisionStep":"Low","entered":"2024-09-25T12:42:39.625-0400"}],"lock":{"holdCount":0,"heldByCurrentThread":false,"locked":false,"fair":false,"queueLength":0},"valid":true},"isComplete":false}
{"id":7,"_locked":false,"lastName":"Boyson","firstName":"Holly R.","title":"Agreements Specialist","deptCode":490,"hireDate":1020571200000,"departmentName":"Finance","salary":95401.28,"phone":"858-868-9931 ext. 100","eMail":"holly.boyson@ecoservices.com","department":"Finance","manager":"Vogt, Dianne","fullName":"Boyson, Holly R.","yearsTenure":10.0,"less5":0.0,"n5To10":0.0,"greater10":95401.28,"salaryBin":75000,"sourceName":"Employees.csv","lineNumber":6,"employeesDecision":{"decision":"Low","stepComplete":true,"flowComplete":true,"decisionHistory":[{"decisionStep":"Start","toStep":"Determine Salary","entered":"2024-09-25T12:42:39.578-0400","transitioned":"2024-09-25T12:42:39.593-0400"},{"decisionStep":"Determine Salary","toStep":"Low","entered":"2024-09-25T12:42:39.593-0400","transitioned":"2024-09-25T12:42:39.625-0400"},{"decisionStep":"Low","entered":"2024-09-25T12:42:39.625-0400"}],"lock":{"holdCount":0,"heldByCurrentThread":false,"locked":false,"fair":false,"queueLength":0},"valid":true},"isComplete":false}
{"id":14,"_locked":false,"lastName":"Eddison","firstName":"Debra","title":"Soil Conservationist","deptCode":840,"hireDate":1257829200000,"departmentName":"Conservation","salary":62096.66,"phone":"858-447-2771 ext. 101","eMail":"debra.eddison@ecoservices.com","department":"Conservation","manager":"Wright, Daniel","fullName":"Eddison, Debra","yearsTenure":2.5,"less5":62096.66,"n5To10":0.0,"greater10":0.0,"salaryBin":50000,"sourceName":"Employees.csv","lineNumber":12,"employeesDecision":{"decision":"Low","stepComplete":true,"flowComplete":true,"decisionHistory":[{"decisionStep":"Start","toStep":"Determine Salary","entered":"2024-09-25T12:42:39.578-0400","transitioned":"2024-09-25T12:42:39.593-0400"},{"decisionStep":"Determine Salary","toStep":"Low","entered":"2024-09-25T12:42:39.593-0400","transitioned":"2024-09-25T12:42:39.625-0400"},{"decisionStep":"Low","entered":"2024-09-25T12:42:39.625-0400"}],"lock":{"holdCount":0,"heldByCurrentThread":false,"locked":false,"fair":false,"queueLength":0},"valid":true},"isComplete":false}
{"id":9,"_locked":false,"lastName":"Doel","firstName":"Donna","title":"Soil Conservationist","deptCode":840,"hireDate":1112673600000,"departmentName":"Conservation","salary":79442.51,"phone":"858-353-4651ext. 101","eMail":"donna.doel@ecoservices.com","department":"Conservation","manager":"Wright, Daniel","fullName":"Doel, Donna","yearsTenure":7.1,"less5":0.0,"n5To10":79442.51,"greater10":0.0,"salaryBin":75000,"sourceName":"Employees.csv","lineNumber":11,"employeesDecision":{"decision":"Low","stepComplete":true,"flowComplete":true,"decisionHistory":[{"decisionStep":"Start","toStep":"Determine Salary","entered":"2024-09-25T12:42:39.578-0400","transitioned":"2024-09-25T12:42:39.593-0400"},{"decisionStep":"Determine Salary","toStep":"Low","entered":"2024-09-25T12:42:39.593-0400","transitioned":"2024-09-25T12:42:39.625-0400"},{"decisionStep":"Low","entered":"2024-09-25T12:42:39.625-0400"}],"lock":{"holdCount":0,"heldByCurrentThread":false,"locked":false,"fair":false,"queueLength":0},"valid":true},"isComplete":false}
{"id":6,"_locked":false,"lastName":"Browne","firstName":"Michelle","title":"Budget Analyst","deptCode":490,"hireDate":1313640000000,"departmentName":"Finance","salary":96880.27,"phone":"858-868-9931ext. 126","eMail":"michelle.browne@ecoservices.com","department":"Finance","manager":"Vogt, Dianne","fullName":"Browne, Michelle","yearsTenure":0.7,"less5":96880.27,"n5To10":0.0,"greater10":0.0,"salaryBin":75000,"sourceName":"Employees.csv","lineNumber":2,"employeesDecision":{"decision":"Low","stepComplete":true,"flowComplete":true,"decisionHistory":[{"decisionStep":"Start","toStep":"Determine Salary","entered":"2024-09-25T12:42:39.578-0400","transitioned":"2024-09-25T12:42:39.593-0400"},{"decisionStep":"Determine Salary","toStep":"Low","entered":"2024-09-25T12:42:39.593-0400","transitioned":"2024-09-25T12:42:39.625-0400"},{"decisionStep":"Low","entered":"2024-09-25T12:42:39.625-0400"}],"lock":{"holdCount":0,"heldByCurrentThread":false,"locked":false,"fair":false,"queueLength":0},"valid":true},"isComplete":false}
{"id":17,"_locked":false,"lastName":"Foley","firstName":"Heather","title":"Soil Conservationist","deptCode":840,"hireDate":1105765200000,"departmentName":"Conservation","salary":65962.71,"phone":"858-673-2409 ext. 102","eMail":"heather.foley@ecoservices.com","department":"Conservation","manager":"Wright, Daniel","fullName":"Foley, Heather","yearsTenure":7.3,"less5":0.0,"n5To10":65962.71,"greater10":0.0,"salaryBin":50000,"sourceName":"Employees.csv","lineNumber":17,"employeesDecision":{"decision":"Low","stepComplete":true,"flowComplete":true,"decisionHistory":[{"decisionStep":"Start","toStep":"Determine Salary","entered":"2024-09-25T12:42:39.578-0400","transitioned":"2024-09-25T12:42:39.625-0400"},{"decisionStep":"Determine Salary","toStep":"Low","entered":"2024-09-25T12:42:39.625-0400","transitioned":"2024-09-25T12:42:39.625-0400"},{"decisionStep":"Low","entered":"2024-09-25T12:42:39.625-0400"}],"lock":{"holdCount":0,"heldByCurrentThread":false,"locked":false,"fair":false,"queueLength":0},"valid":true},"isComplete":false}
{"id":15,"_locked":false,"lastName":"Finlay","firstName":"Beth Ann","title":"District Conservationist","deptCode":840,"hireDate":1080104400000,"departmentName":"Conservation","salary":58159.2,"phone":"858-353-4651 ext. 106","eMail":"bethann.finlay@ecoservices.com","department":"Conservation","manager":"Wright, Daniel","fullName":"Finlay, Beth Ann","yearsTenure":8.1,"less5":0.0,"n5To10":58159.2,"greater10":0.0,"salaryBin":50000,"sourceName":"Employees.csv","lineNumber":15,"employeesDecision":{"decision":"Low","stepComplete":true,"flowComplete":true,"decisionHistory":[{"decisionStep":"Start","toStep":"Determine Salary","entered":"2024-09-25T12:42:39.578-0400","transitioned":"2024-09-25T12:42:39.609-0400"},{"decisionStep":"Determine Salary","toStep":"Low","entered":"2024-09-25T12:42:39.609-0400","transitioned":"2024-09-25T12:42:39.625-0400"},{"decisionStep":"Low","entered":"2024-09-25T12:42:39.625-0400"}],"lock":{"holdCount":0,"heldByCurrentThread":false,"locked":false,"fair":false,"queueLength":0},"valid":true},"isComplete":false}
{"id":18,"_locked":false,"lastName":"Neal","firstName":"Keri","title":"Soil Conservationist","deptCode":840,"hireDate":1005800400000,"departmentName":"Conservation","salary":51873.94,"phone":"858-679-1587 ext. 101","eMail":"keri.neal@ecoservices.com","department":"Conservation","manager":"Wright, Daniel","fullName":"Neal, Keri","yearsTenure":10.5,"less5":0.0,"n5To10":0.0,"greater10":51873.94,"salaryBin":50000,"sourceName":"Employees.csv","lineNumber":26,"employeesDecision":{"decision":"Low","stepComplete":true,"flowComplete":true,"decisionHistory":[{"decisionStep":"Start","toStep":"Determine Salary","entered":"2024-09-25T12:42:39.578-0400","transitioned":"2024-09-25T12:42:39.625-0400"},{"decisionStep":"Determine Salary","toStep":"Low","entered":"2024-09-25T12:42:39.625-0400","transitioned":"2024-09-25T12:42:39.625-0400"},{"decisionStep":"Low","entered":"2024-09-25T12:42:39.625-0400"}],"lock":{"holdCount":0,"heldByCurrentThread":false,"locked":false,"fair":false,"queueLength":0},"valid":true},"isComplete":false}
{"id":16,"_locked":false,"lastName":"Green","firstName":"Lee","title":"District Conservationist","deptCode":840,"hireDate":1085889600000,"departmentName":"Conservation","salary":93665.01,"phone":"858-223-6021","eMail":"lee.green@ecoservices.com","department":"Conservation","manager":"Wright, Daniel","fullName":"Green, Lee","yearsTenure":7.9,"less5":0.0,"n5To10":93665.01,"greater10":0.0,"salaryBin":75000,"sourceName":"Employees.csv","lineNumber":16,"employeesDecision":{"decision":"Low","stepComplete":true,"flowComplete":true,"decisionHistory":[{"decisionStep":"Start","toStep":"Determine Salary","entered":"2024-09-25T12:42:39.578-0400","transitioned":"2024-09-25T12:42:39.609-0400"},{"decisionStep":"Determine Salary","toStep":"Low","entered":"2024-09-25T12:42:39.609-0400","transitioned":"2024-09-25T12:42:39.625-0400"},{"decisionStep":"Low","entered":"2024-09-25T12:42:39.625-0400"}],"lock":{"holdCount":0,"heldByCurrentThread":false,"locked":false,"fair":false,"queueLength":0},"valid":true},"isComplete":false}
{"id":4,"_locked":false,"lastName":"Burgess","firstName":"William","title":"Soil Conservationist","deptCode":840,"hireDate":1150862400000,"departmentName":"Conservation","salary":78242.45,"phone":"858-679-1587 ext. 109","eMail":"william.burgess@ecoservices.com","department":"Conservation","manager":"Wright, Daniel","fullName":"Burgess, William","yearsTenure":5.9,"less5":0.0,"n5To10":78242.45,"greater10":0.0,"salaryBin":75000,"sourceName":"Employees.csv","lineNumber":8,"employeesDecision":{"decision":"Low","stepComplete":true,"flowComplete":true,"decisionHistory":[{"decisionStep":"Start","toStep":"Determine Salary","entered":"2024-09-25T12:42:39.578-0400","transitioned":"2024-09-25T12:42:39.593-0400"},{"decisionStep":"Determine Salary","toStep":"Low","entered":"2024-09-25T12:42:39.593-0400","transitioned":"2024-09-25T12:42:39.609-0400"},{"decisionStep":"Low","entered":"2024-09-25T12:42:39.609-0400"}],"lock":{"holdCount":0,"heldByCurrentThread":false,"locked":false,"fair":false,"queueLength":0},"valid":true},"isComplete":false}
{"id":5,"_locked":false,"lastName":"Ellsmore","firstName":"Rick","title":"State Conservationist","deptCode":840,"hireDate":1285819200000,"departmentName":"Conservation","salary":98234.21,"phone":"858-868-9931 ext. 105","eMail":"rick.ellsmore@ecoservices.com","department":"Conservation","manager":"Wright, Daniel","fullName":"Ellsmore, Rick","yearsTenure":1.6,"less5":98234.21,"n5To10":0.0,"greater10":0.0,"salaryBin":75000,"sourceName":"Employees.csv","lineNumber":14,"employeesDecision":{"decision":"Low","stepComplete":true,"flowComplete":true,"decisionHistory":[{"decisionStep":"Start","toStep":"Determine Salary","entered":"2024-09-25T12:42:39.578-0400","transitioned":"2024-09-25T12:42:39.593-0400"},{"decisionStep":"Determine Salary","toStep":"Low","entered":"2024-09-25T12:42:39.593-0400","transitioned":"2024-09-25T12:42:39.609-0400"},{"decisionStep":"Low","entered":"2024-09-25T12:42:39.609-0400"}],"lock":{"holdCount":0,"heldByCurrentThread":false,"locked":false,"fair":false,"queueLength":0},"valid":true},"isComplete":false}
{"id":21,"_locked":false,"lastName":"McKenzie","firstName":"Jewel","title":"Natural Resources Specialist","deptCode":840,"hireDate":1020744000000,"departmentName":"Conservation","salary":43536.9,"phone":"858-868-9931ext. 137","eMail":"jewel.mckenzie@ecoservices.com","department":"Conservation","manager":"Wright, Daniel","fullName":"McKenzie, Jewel","yearsTenure":10.0,"less5":0.0,"n5To10":0.0,"greater10":43536.9,"salaryBin":25000,"sourceName":"Employees.csv","lineNumber":24,"employeesDecision":{"decision":"Low","stepComplete":true,"flowComplete":true,"decisionHistory":[{"decisionStep":"Start","toStep":"Determine Salary","entered":"2024-09-25T12:42:39.578-0400","transitioned":"2024-09-25T12:42:39.625-0400"},{"decisionStep":"Determine Salary","toStep":"Low","entered":"2024-09-25T12:42:39.625-0400","transitioned":"2024-09-25T12:42:39.625-0400"},{"decisionStep":"Low","entered":"2024-09-25T12:42:39.625-0400"}],"lock":{"holdCount":0,"heldByCurrentThread":false,"locked":false,"fair":false,"queueLength":0},"valid":true},"isComplete":false}
{"id":27,"_locked":false,"lastName":"Konesko","firstName":"Heidi","title":"Soil Conservationist","deptCode":840,"hireDate":1114142400000,"departmentName":"Conservation","salary":74138.63,"phone":"858-756-2988 ext. 117","eMail":"heidi.konesko@ecoservices.com","department":"Conservation","manager":"Wright, Daniel","fullName":"Konesko, Heidi","yearsTenure":7.0,"less5":0.0,"n5To10":74138.63,"greater10":0.0,"salaryBin":50000,"sourceName":"Employees.csv","lineNumber":18,"employeesDecision":{"decision":"Low","stepComplete":true,"flowComplete":true,"decisionHistory":[{"decisionStep":"Start","toStep":"Determine Salary","entered":"2024-09-25T12:42:39.578-0400","transitioned":"2024-09-25T12:42:39.625-0400"},{"decisionStep":"Determine Salary","toStep":"Low","entered":"2024-09-25T12:42:39.625-0400","transitioned":"2024-09-25T12:42:39.625-0400"},{"decisionStep":"Low","entered":"2024-09-25T12:42:39.625-0400"}],"lock":{"holdCount":0,"heldByCurrentThread":false,"locked":false,"fair":false,"queueLength":0},"valid":true},"isComplete":false}
{"id":13,"_locked":false,"lastName":"Eggleston","firstName":"Kelly","title":"Soil Conservationist","deptCode":840,"hireDate":1164690000000,"departmentName":"Conservation","salary":76440.94,"phone":"858-353-4651ext. 107","eMail":"kelly.eggleston@ecoservices.com","department":"Conservation","manager":"Wright, Daniel","fullName":"Eggleston, Kelly","yearsTenure":5.4,"less5":0.0,"n5To10":76440.94,"greater10":0.0,"salaryBin":75000,"sourceName":"Employees.csv","lineNumber":13,"employeesDecision":{"decision":"Low","stepComplete":true,"flowComplete":true,"decisionHistory":[{"decisionStep":"Start","toStep":"Determine Salary","entered":"2024-09-25T12:42:39.578-0400","transitioned":"2024-09-25T12:42:39.593-0400"},{"decisionStep":"Determine Salary","toStep":"Low","entered":"2024-09-25T12:42:39.593-0400","transitioned":"2024-09-25T12:42:39.625-0400"},{"decisionStep":"Low","entered":"2024-09-25T12:42:39.625-0400"}],"lock":{"holdCount":0,"heldByCurrentThread":false,"locked":false,"fair":false,"queueLength":0},"valid":true},"isComplete":false}
{"id":19,"_locked":false,"lastName":"Hess","firstName":"Mitch","title":"Soil Conservationist","deptCode":840,"hireDate":1152072000000,"departmentName":"Conservation","salary":62178.03,"phone":"858-353-4651 ext.111","eMail":"mitchell.hess@ecoservices.com","department":"Conservation","manager":"Wright, Daniel","fullName":"Hess, Mitch","yearsTenure":5.8,"less5":0.0,"n5To10":62178.03,"greater10":0.0,"salaryBin":50000,"sourceName":"Employees.csv","lineNumber":22,"employeesDecision":{"decision":"Low","stepComplete":true,"flowComplete":true,"decisionHistory":[{"decisionStep":"Start","toStep":"Determine Salary","entered":"2024-09-25T12:42:39.578-0400","transitioned":"2024-09-25T12:42:39.625-0400"},{"decisionStep":"Determine Salary","toStep":"Low","entered":"2024-09-25T12:42:39.625-0400","transitioned":"2024-09-25T12:42:39.625-0400"},{"decisionStep":"Low","entered":"2024-09-25T12:42:39.625-0400"}],"lock":{"holdCount":0,"heldByCurrentThread":false,"locked":false,"fair":false,"queueLength":0},"valid":true},"isComplete":false}
{"id":29,"_locked":false,"lastName":"Pytlik","firstName":"Steven","title":"District Conservationist","deptCode":840,"hireDate":1317096000000,"departmentName":"Conservation","salary":92053.55,"phone":"858-756-2988 ext. 113","eMail":"steven.pytlik@ecoservices.com","department":"Conservation","manager":"Wright, Daniel","fullName":"Pytlik, Steven","yearsTenure":0.6,"less5":92053.55,"n5To10":0.0,"greater10":0.0,"salaryBin":75000,"sourceName":"Employees.csv","lineNumber":27,"employeesDecision":{"decision":"Low","stepComplete":true,"flowComplete":true,"decisionHistory":[{"decisionStep":"Start","toStep":"Determine Salary","entered":"2024-09-25T12:42:39.578-0400","transitioned":"2024-09-25T12:42:39.625-0400"},{"decisionStep":"Determine Salary","toStep":"Low","entered":"2024-09-25T12:42:39.625-0400","transitioned":"2024-09-25T12:42:39.625-0400"},{"decisionStep":"Low","entered":"2024-09-25T12:42:39.625-0400"}],"lock":{"holdCount":0,"heldByCurrentThread":false,"locked":false,"fair":false,"queueLength":0},"valid":true},"isComplete":false}
{"id":24,"_locked":false,"lastName":"Lougee","firstName":"Jeremy","title":"Soil Conservationist","deptCode":840,"hireDate":1197176400000,"departmentName":"Conservation","salary":84260.87,"phone":"858-868-9931 ext. 142","eMail":"jeremy.lougee@ecoservices.com","department":"Conservation","manager":"Wright, Daniel","fullName":"Lougee, Jeremy","yearsTenure":4.4,"less5":84260.87,"n5To10":0.0,"greater10":0.0,"salaryBin":75000,"sourceName":"Employees.csv","lineNumber":20,"employeesDecision":{"decision":"Low","stepComplete":true,"flowComplete":true,"decisionHistory":[{"decisionStep":"Start","toStep":"Determine Salary","entered":"2024-09-25T12:42:39.578-0400","transitioned":"2024-09-25T12:42:39.625-0400"},{"decisionStep":"Determine Salary","toStep":"Low","entered":"2024-09-25T12:42:39.625-0400","transitioned":"2024-09-25T12:42:39.625-0400"},{"decisionStep":"Low","entered":"2024-09-25T12:42:39.625-0400"}],"lock":{"holdCount":0,"heldByCurrentThread":false,"locked":false,"fair":false,"queueLength":0},"valid":true},"isComplete":false}
{"id":25,"_locked":false,"lastName":"McCabe","firstName":"Kim","title":"Soil Conservationist","deptCode":840,"hireDate":1227502800000,"departmentName":"Conservation","salary":59272.11,"phone":"858-223-6029","eMail":"kimberly.mccabe@ecoservices.com","department":"Conservation","manager":"Wright, Daniel","fullName":"McCabe, Kim","yearsTenure":3.4,"less5":59272.11,"n5To10":0.0,"greater10":0.0,"salaryBin":50000,"sourceName":"Employees.csv","lineNumber":23,"employeesDecision":{"decision":"Low","stepComplete":true,"flowComplete":true,"decisionHistory":[{"decisionStep":"Start","toStep":"Determine Salary","entered":"2024-09-25T12:42:39.578-0400","transitioned":"2024-09-25T12:42:39.625-0400"},{"decisionStep":"Determine Salary","toStep":"Low","entered":"2024-09-25T12:42:39.625-0400","transitioned":"2024-09-25T12:42:39.625-0400"},{"decisionStep":"Low","entered":"2024-09-25T12:42:39.625-0400"}],"lock":{"holdCount":0,"heldByCurrentThread":false,"locked":false,"fair":false,"queueLength":0},"valid":true},"isComplete":false}
{"id":10,"_locked":false,"lastName":"Vogt","firstName":"Dianne","title":"Accounting Technician, ACES","deptCode":490,"hireDate":1025236800000,"departmentName":"Finance","salary":84519.1,"phone":"858-868-7581 ext. 100","eMail":"dianne.vogt@ecoservices.com","department":"Finance","manager":"Wood, Susan","fullName":"Vogt, Dianne","yearsTenure":9.9,"less5":0.0,"n5To10":84519.1,"greater10":0.0,"salaryBin":75000,"sourceName":"Employees.csv","lineNumber":5,"employeesDecision":{"decision":"Low","stepComplete":true,"flowComplete":true,"decisionHistory":[{"decisionStep":"Start","toStep":"Determine Salary","entered":"2024-09-25T12:42:39.578-0400","transitioned":"2024-09-25T12:42:39.593-0400"},{"decisionStep":"Determine Salary","toStep":"Low","entered":"2024-09-25T12:42:39.593-0400","transitioned":"2024-09-25T12:42:39.609-0400"},{"decisionStep":"Low","entered":"2024-09-25T12:42:39.609-0400"}],"lock":{"holdCount":0,"heldByCurrentThread":false,"locked":false,"fair":false,"queueLength":0},"valid":true},"isComplete":false}
{"id":26,"_locked":false,"lastName":"Liljedahl","firstName":"Nels","title":"District Conservationist","deptCode":840,"hireDate":1038200400000,"departmentName":"Conservation","salary":90705.13,"phone":"858-447-2771 ext. 102","eMail":"nels.liljedahl@ecoservices.com","department":"Conservation","manager":"Wright, Daniel","fullName":"Liljedahl, Nels","yearsTenure":9.4,"less5":0.0,"n5To10":90705.13,"greater10":0.0,"salaryBin":75000,"sourceName":"Employees.csv","lineNumber":19,"employeesDecision":{"decision":"Low","stepComplete":true,"flowComplete":true,"decisionHistory":[{"decisionStep":"Start","toStep":"Determine Salary","entered":"2024-09-25T12:42:39.578-0400","transitioned":"2024-09-25T12:42:39.625-0400"},{"decisionStep":"Determine Salary","toStep":"Low","entered":"2024-09-25T12:42:39.625-0400","transitioned":"2024-09-25T12:42:39.625-0400"},{"decisionStep":"Low","entered":"2024-09-25T12:42:39.625-0400"}],"lock":{"holdCount":0,"heldByCurrentThread":false,"locked":false,"fair":false,"queueLength":0},"valid":true},"isComplete":false}
{"id":30,"_locked":false,"lastName":"Hamer","firstName":"Courtney","title":"Civil Engineering Technician","deptCode":1190,"hireDate":997243200000,"departmentName":"Field Engineering","salary":76380.48,"phone":"858-679-1587ext. 106","eMail":"courney.hamer@ecoservices.com","department":"Field Engineering","manager":"Tenley, Jeffery","fullName":"Hamer, Courtney","yearsTenure":10.7,"less5":0.0,"n5To10":0.0,"greater10":76380.48,"salaryBin":75000,"sourceName":"Employees.csv","lineNumber":36,"employeesDecision":{"decision":"Low","stepComplete":true,"flowComplete":true,"decisionHistory":[{"decisionStep":"Start","toStep":"Determine Salary","entered":"2024-09-25T12:42:39.578-0400","transitioned":"2024-09-25T12:42:39.625-0400"},{"decisionStep":"Determine Salary","toStep":"Low","entered":"2024-09-25T12:42:39.625-0400","transitioned":"2024-09-25T12:42:39.625-0400"},{"decisionStep":"Low","entered":"2024-09-25T12:42:39.625-0400"}],"lock":{"holdCount":0,"heldByCurrentThread":false,"locked":false,"fair":false,"queueLength":0},"valid":true},"isComplete":false}
{"id":20,"_locked":false,"lastName":"Lynch","firstName":"Michael","title":"Resource Conservationist","deptCode":840,"hireDate":981694800000,"departmentName":"Conservation","salary":108644.49,"phone":"858-223-6018","eMail":"michael.lynch@ecoservices.com","department":"Conservation","manager":"Wright, Daniel","fullName":"Lynch, Michael","yearsTenure":11.2,"less5":0.0,"n5To10":0.0,"greater10":108644.49,"salaryBin":100000,"sourceName":"Employees.csv","lineNumber":21,"employeesDecision":{"decision":"High","stepComplete":true,"flowComplete":true,"decisionHistory":[{"decisionStep":"Start","toStep":"Determine Salary","entered":"2024-09-25T12:42:39.578-0400","transitioned":"2024-09-25T12:42:39.625-0400"},{"decisionStep":"Determine Salary","toStep":"High","entered":"2024-09-25T12:42:39.625-0400","transitioned":"2024-09-25T12:42:39.625-0400"},{"decisionStep":"High","entered":"2024-09-25T12:42:39.625-0400"}],"lock":{"holdCount":0,"heldByCurrentThread":false,"locked":false,"fair":false,"queueLength":0},"valid":true},"isComplete":false}
{"id":33,"_locked":false,"lastName":"Weymouth","firstName":"Deborah","title":"State Conservationist","deptCode":840,"hireDate":1028779200000,"departmentName":"Conservation","salary":78218.09,"phone":"858-868-9931 ext. 102","eMail":"deb.weymouth@ecoservices.com","department":"Conservation","manager":"Wright, Daniel","fullName":"Weymouth, Deborah","yearsTenure":9.7,"less5":0.0,"n5To10":78218.09,"greater10":0.0,"salaryBin":75000,"sourceName":"Employees.csv","lineNumber":33,"employeesDecision":{"decision":"Low","stepComplete":true,"flowComplete":true,"decisionHistory":[{"decisionStep":"Start","toStep":"Determine Salary","entered":"2024-09-25T12:42:39.578-0400","transitioned":"2024-09-25T12:42:39.625-0400"},{"decisionStep":"Determine Salary","toStep":"Low","entered":"2024-09-25T12:42:39.625-0400","transitioned":"2024-09-25T12:42:39.625-0400"},{"decisionStep":"Low","entered":"2024-09-25T12:42:39.625-0400"}],"lock":{"holdCount":0,"heldByCurrentThread":false,"locked":false,"fair":false,"queueLength":0},"valid":true},"isComplete":false}
{"id":28,"_locked":false,"lastName":"Smart","firstName":"Brooke","title":"Resource Conservationist","deptCode":840,"hireDate":1293685200000,"departmentName":"Conservation","salary":91565.3,"phone":"858-868-9931 ext. 106","eMail":"brooke.smart@ecoservices.com","department":"Conservation","manager":"Wright, Daniel","fullName":"Smart, Brooke","yearsTenure":1.3,"less5":91565.3,"n5To10":0.0,"greater10":0.0,"salaryBin":75000,"sourceName":"Employees.csv","lineNumber":28,"employeesDecision":{"decision":"Low","stepComplete":true,"flowComplete":true,"decisionHistory":[{"decisionStep":"Start","toStep":"Determine Salary","entered":"2024-09-25T12:42:39.578-0400","transitioned":"2024-09-25T12:42:39.625-0400"},{"decisionStep":"Determine Salary","toStep":"Low","entered":"2024-09-25T12:42:39.625-0400","transitioned":"2024-09-25T12:42:39.625-0400"},{"decisionStep":"Low","entered":"2024-09-25T12:42:39.625-0400"}],"lock":{"holdCount":0,"heldByCurrentThread":false,"locked":false,"fair":false,"queueLength":0},"valid":true},"isComplete":false}
{"id":31,"_locked":false,"lastName":"Highland","firstName":"Jack","title":"Civil Engineering Technician","deptCode":1190,"hireDate":1154318400000,"departmentName":"Field Engineering","salary":59723.29,"phone":"858-353-4651 ext. 109","eMail":"john.highland@ecoservices.com","department":"Field Engineering","manager":"Tenley, Jeffery","fullName":"Highland, Jack","yearsTenure":5.8,"less5":0.0,"n5To10":59723.29,"greater10":0.0,"salaryBin":50000,"sourceName":"Employees.csv","lineNumber":38,"employeesDecision":{"decision":"Low","stepComplete":true,"flowComplete":true,"decisionHistory":[{"decisionStep":"Start","toStep":"Determine Salary","entered":"2024-09-25T12:42:39.578-0400","transitioned":"2024-09-25T12:42:39.625-0400"},{"decisionStep":"Determine Salary","toStep":"Low","entered":"2024-09-25T12:42:39.625-0400","transitioned":"2024-09-25T12:42:39.625-0400"},{"decisionStep":"Low","entered":"2024-09-25T12:42:39.625-0400"}],"lock":{"holdCount":0,"heldByCurrentThread":false,"locked":false,"fair":false,"queueLength":0},"valid":true},"isComplete":false}
{"id":22,"_locked":false,"lastName":"Phillips","firstName":"Rachael","title":"Resource Conservationist","deptCode":840,"hireDate":1229058000000,"departmentName":"Conservation","salary":84817.41,"phone":"858-868-9931 ext. 129","eMail":"rachael.phillips@ecoservices.com","department":"Conservation","manager":"Wright, Daniel","fullName":"Phillips, Rachael","yearsTenure":3.4,"less5":84817.41,"n5To10":0.0,"greater10":0.0,"salaryBin":75000,"sourceName":"Employees.csv","lineNumber":25,"employeesDecision":{"decision":"Low","stepComplete":true,"flowComplete":true,"decisionHistory":[{"decisionStep":"Start","toStep":"Determine Salary","entered":"2024-09-25T12:42:39.578-0400","transitioned":"2024-09-25T12:42:39.625-0400"},{"decisionStep":"Determine Salary","toStep":"Low","entered":"2024-09-25T12:42:39.625-0400","transitioned":"2024-09-25T12:42:39.625-0400"},{"decisionStep":"Low","entered":"2024-09-25T12:42:39.625-0400"}],"lock":{"holdCount":0,"heldByCurrentThread":false,"locked":false,"fair":false,"queueLength":0},"valid":true},"isComplete":false}
{"id":23,"_locked":false,"lastName":"Spielman","firstName":"James","title":"Assistant State Conservationist","deptCode":840,"hireDate":1017637200000,"departmentName":"Conservation","salary":61217.39,"phone":"858-868-9931 ext. 115","eMail":"james.spielman@ecoservices.com","department":"Conservation","manager":"Wright, Daniel","fullName":"Spielman, James","yearsTenure":10.1,"less5":0.0,"n5To10":0.0,"greater10":61217.39,"salaryBin":50000,"sourceName":"Employees.csv","lineNumber":30,"employeesDecision":{"decision":"Low","stepComplete":true,"flowComplete":true,"decisionHistory":[{"decisionStep":"Start","toStep":"Determine Salary","entered":"2024-09-25T12:42:39.578-0400","transitioned":"2024-09-25T12:42:39.625-0400"},{"decisionStep":"Determine Salary","toStep":"Low","entered":"2024-09-25T12:42:39.625-0400","transitioned":"2024-09-25T12:42:39.625-0400"},{"decisionStep":"Low","entered":"2024-09-25T12:42:39.625-0400"}],"lock":{"holdCount":0,"heldByCurrentThread":false,"locked":false,"fair":false,"queueLength":0},"valid":true},"isComplete":false}
{"id":35,"_locked":false,"lastName":"Nugent","firstName":"Johanna","title":"Civil Engineer Technician","deptCode":1190,"hireDate":1312344000000,"departmentName":"Field Engineering","salary":54675.46,"phone":"858-223-6043","eMail":"johanna.nugent@ecoservices.com","department":"Field Engineering","manager":"Tenley, Jeffery","fullName":"Nugent, Johanna","yearsTenure":0.8,"less5":54675.46,"n5To10":0.0,"greater10":0.0,"salaryBin":50000,"sourceName":"Employees.csv","lineNumber":39,"employeesDecision":{"decision":"Low","stepComplete":true,"flowComplete":true,"decisionHistory":[{"decisionStep":"Start","toStep":"Determine Salary","entered":"2024-09-25T12:42:39.578-0400","transitioned":"2024-09-25T12:42:39.625-0400"},{"decisionStep":"Determine Salary","toStep":"Low","entered":"2024-09-25T12:42:39.625-0400","transitioned":"2024-09-25T12:42:39.625-0400"},{"decisionStep":"Low","entered":"2024-09-25T12:42:39.625-0400"}],"lock":{"holdCount":0,"heldByCurrentThread":false,"locked":false,"fair":false,"queueLength":0},"valid":true},"isComplete":false}
{"id":36,"_locked":false,"lastName":"Warren","firstName":"Alena","title":"Soil Conservationist","deptCode":840,"hireDate":1058500800000,"departmentName":"Conservation","salary":89062.21,"phone":"858-673-2409  ext. 103","eMail":"alena.warren@ecoservices.com","department":"Conservation","manager":"Wright, Daniel","fullName":"Warren, Alena","yearsTenure":8.8,"less5":0.0,"n5To10":89062.21,"greater10":0.0,"salaryBin":75000,"sourceName":"Employees.csv","lineNumber":32,"employeesDecision":{"decision":"Low","stepComplete":true,"flowComplete":true,"decisionHistory":[{"decisionStep":"Start","toStep":"Determine Salary","entered":"2024-09-25T12:42:39.578-0400","transitioned":"2024-09-25T12:42:39.625-0400"},{"decisionStep":"Determine Salary","toStep":"Low","entered":"2024-09-25T12:42:39.625-0400","transitioned":"2024-09-25T12:42:39.625-0400"},{"decisionStep":"Low","entered":"2024-09-25T12:42:39.625-0400"}],"lock":{"holdCount":0,"heldByCurrentThread":false,"locked":false,"fair":false,"queueLength":0},"valid":true},"isComplete":false}
{"id":32,"_locked":false,"lastName":"Smith","firstName":"Brandon","title":"Resource Conservationist","deptCode":840,"hireDate":1262754000000,"departmentName":"Conservation","salary":98618.85,"phone":"858-868-9931 ext. 111","eMail":"brandon.smith@ecoservices.com","department":"Conservation","manager":"Wright, Daniel","fullName":"Smith, Brandon","yearsTenure":2.3,"less5":98618.85,"n5To10":0.0,"greater10":0.0,"salaryBin":75000,"sourceName":"Employees.csv","lineNumber":29,"employeesDecision":{"decision":"Low","stepComplete":true,"flowComplete":true,"decisionHistory":[{"decisionStep":"Start","toStep":"Determine Salary","entered":"2024-09-25T12:42:39.578-0400","transitioned":"2024-09-25T12:42:39.625-0400"},{"decisionStep":"Determine Salary","toStep":"Low","entered":"2024-09-25T12:42:39.625-0400","transitioned":"2024-09-25T12:42:39.625-0400"},{"decisionStep":"Low","entered":"2024-09-25T12:42:39.625-0400"}],"lock":{"holdCount":0,"heldByCurrentThread":false,"locked":false,"fair":false,"queueLength":0},"valid":true},"isComplete":false}
{"id":37,"_locked":false,"lastName":"Richard","firstName":"Donald","title":"Cartographer","deptCode":1190,"hireDate":1264914000000,"departmentName":"Field Engineering","salary":67845.18,"phone":"858-223-6028","eMail":"donald.richard@ecoservices.com","department":"Field Engineering","manager":"Tenley, Jeffery","fullName":"Richard, Donald","yearsTenure":2.3,"less5":67845.18,"n5To10":0.0,"greater10":0.0,"salaryBin":50000,"sourceName":"Employees.csv","lineNumber":40,"employeesDecision":{"decision":"Low","stepComplete":true,"flowComplete":true,"decisionHistory":[{"decisionStep":"Start","toStep":"Determine Salary","entered":"2024-09-25T12:42:39.578-0400","transitioned":"2024-09-25T12:42:39.625-0400"},{"decisionStep":"Determine Salary","toStep":"Low","entered":"2024-09-25T12:42:39.625-0400","transitioned":"2024-09-25T12:42:39.625-0400"},{"decisionStep":"Low","entered":"2024-09-25T12:42:39.625-0400"}],"lock":{"holdCount":0,"heldByCurrentThread":false,"locked":false,"fair":false,"queueLength":0},"valid":true},"isComplete":false}
{"id":34,"_locked":false,"lastName":"Wright","firstName":"Daniel","title":"District Conservationist","deptCode":840,"hireDate":1166072400000,"departmentName":"Conservation","salary":91858.57,"phone":"858-679-1587 ext. 110","eMail":"daniel.wright@ecoservices.com","department":"Conservation","manager":"Wood, Susan","fullName":"Wright, Daniel","yearsTenure":5.4,"less5":0.0,"n5To10":91858.57,"greater10":0.0,"salaryBin":75000,"sourceName":"Employees.csv","lineNumber":34,"employeesDecision":{"decision":"Low","stepComplete":true,"flowComplete":true,"decisionHistory":[{"decisionStep":"Start","toStep":"Determine Salary","entered":"2024-09-25T12:42:39.578-0400","transitioned":"2024-09-25T12:42:39.625-0400"},{"decisionStep":"Determine Salary","toStep":"Low","entered":"2024-09-25T12:42:39.625-0400","transitioned":"2024-09-25T12:42:39.625-0400"},{"decisionStep":"Low","entered":"2024-09-25T12:42:39.625-0400"}],"lock":{"holdCount":0,"heldByCurrentThread":false,"locked":false,"fair":false,"queueLength":0},"valid":true},"isComplete":false}
{"id":11,"_locked":false,"lastName":"Johnston","firstName":"Priscilla","title":"ACES Programs and Finance","deptCode":490,"hireDate":1165640400000,"departmentName":"Finance","salary":108464.44,"phone":"858-679-1587 ext. 107","eMail":"priscilla.johnston@ecoservices.com","department":"Finance","manager":"Vogt, Dianne","fullName":"Johnston, Priscilla","yearsTenure":5.4,"less5":0.0,"n5To10":108464.44,"greater10":0.0,"salaryBin":100000,"sourceName":"Employees.csv","lineNumber":1,"employeesDecision":{"decision":"High","stepComplete":true,"flowComplete":true,"decisionHistory":[{"decisionStep":"Start","toStep":"Determine Salary","entered":"2024-09-25T12:42:39.578-0400","transitioned":"2024-09-25T12:42:39.593-0400"},{"decisionStep":"Determine Salary","toStep":"High","entered":"2024-09-25T12:42:39.593-0400","transitioned":"2024-09-25T12:42:39.609-0400"},{"decisionStep":"High","entered":"2024-09-25T12:42:39.609-0400"}],"lock":{"holdCount":0,"heldByCurrentThread":false,"locked":false,"fair":false,"queueLength":0},"valid":true},"isComplete":false}
{"id":40,"_locked":false,"lastName":"Tenley","firstName":"Jeffery","title":"Civil Engineer","deptCode":1190,"hireDate":1219809600000,"departmentName":"Field Engineering","salary":68156.69,"phone":"858-223-6042","eMail":"jeffery.tenley@ecoservices.com","department":"Field Engineering","manager":"Wood, Susan","fullName":"Tenley, Jeffery","yearsTenure":3.7,"less5":68156.69,"n5To10":0.0,"greater10":0.0,"salaryBin":50000,"sourceName":"Employees.csv","lineNumber":42,"employeesDecision":{"decision":"Low","stepComplete":true,"flowComplete":true,"decisionHistory":[{"decisionStep":"Start","toStep":"Determine Salary","entered":"2024-09-25T12:42:39.578-0400","transitioned":"2024-09-25T12:42:39.625-0400"},{"decisionStep":"Determine Salary","toStep":"Low","entered":"2024-09-25T12:42:39.625-0400","transitioned":"2024-09-25T12:42:39.625-0400"},{"decisionStep":"Low","entered":"2024-09-25T12:42:39.625-0400"}],"lock":{"holdCount":0,"heldByCurrentThread":false,"locked":false,"fair":false,"queueLength":0},"valid":true},"isComplete":false}
{"id":42,"_locked":false,"lastName":"Durgin","firstName":"Philip","title":"Civil Engineer","deptCode":1190,"hireDate":1266642000000,"departmentName":"Field Engineering","salary":69012.07,"phone":"858-756-2988 ext. 118","eMail":"philip.durgin@ecoservices.com","department":"Field Engineering","manager":"Tenley, Jeffery","fullName":"Durgin, Philip","yearsTenure":2.2,"less5":69012.07,"n5To10":0.0,"greater10":0.0,"salaryBin":50000,"sourceName":"Employees.csv","lineNumber":35,"employeesDecision":{"decision":"Low","stepComplete":true,"flowComplete":true,"decisionHistory":[{"decisionStep":"Start","toStep":"Determine Salary","entered":"2024-09-25T12:42:39.578-0400","transitioned":"2024-09-25T12:42:39.625-0400"},{"decisionStep":"Determine Salary","toStep":"Low","entered":"2024-09-25T12:42:39.625-0400","transitioned":"2024-09-25T12:42:39.625-0400"},{"decisionStep":"Low","entered":"2024-09-25T12:42:39.625-0400"}],"lock":{"holdCount":0,"heldByCurrentThread":false,"locked":false,"fair":false,"queueLength":0},"valid":true},"isComplete":false}
{"id":41,"_locked":false,"lastName":"Goulet","firstName":"Karen","title":"Human Resources Specialist","deptCode":1050,"hireDate":1113278400000,"departmentName":"Human Resources","salary":64102.77,"phone":"858-868-9931 ext. 127","eMail":"karen.goulet@ecoservices.com","department":"Human Resources","manager":"Wood, Susan","fullName":"Goulet, Karen","yearsTenure":7.1,"less5":0.0,"n5To10":64102.77,"greater10":0.0,"salaryBin":50000,"sourceName":"Employees.csv","lineNumber":43,"employeesDecision":{"decision":"Low","stepComplete":true,"flowComplete":true,"decisionHistory":[{"decisionStep":"Start","toStep":"Determine Salary","entered":"2024-09-25T12:42:39.578-0400","transitioned":"2024-09-25T12:42:39.625-0400"},{"decisionStep":"Determine Salary","toStep":"Low","entered":"2024-09-25T12:42:39.625-0400","transitioned":"2024-09-25T12:42:39.625-0400"},{"decisionStep":"Low","entered":"2024-09-25T12:42:39.625-0400"}],"lock":{"holdCount":0,"heldByCurrentThread":false,"locked":false,"fair":false,"queueLength":0},"valid":true},"isComplete":false}
{"id":46,"_locked":false,"lastName":"Failing","firstName":"Pamela","title":"State Conservation Engineer","deptCode":980,"hireDate":1206244800000,"departmentName":"Lab Technology","salary":47677.67,"phone":"858-868-9931 ext. 107","eMail":"pamela.failing@ecoservices.com","department":"Lab Technology","manager":"Whitcomb, Peter","fullName":"Failing, Pamela","yearsTenure":4.1,"less5":47677.67,"n5To10":0.0,"greater10":0.0,"salaryBin":25000,"sourceName":"Employees.csv","lineNumber":46,"employeesDecision":{"decision":"Low","stepComplete":true,"flowComplete":true,"decisionHistory":[{"decisionStep":"Start","toStep":"Determine Salary","entered":"2024-09-25T12:42:39.578-0400","transitioned":"2024-09-25T12:42:39.625-0400"},{"decisionStep":"Determine Salary","toStep":"Low","entered":"2024-09-25T12:42:39.625-0400","transitioned":"2024-09-25T12:42:39.625-0400"},{"decisionStep":"Low","entered":"2024-09-25T12:42:39.625-0400"}],"lock":{"holdCount":0,"heldByCurrentThread":false,"locked":false,"fair":false,"queueLength":0},"valid":true},"isComplete":false}
{"id":44,"_locked":false,"lastName":"Swain","firstName":"Katherine","title":"Soil Conservationist","deptCode":840,"hireDate":1166331600000,"departmentName":"Conservation","salary":44456.89,"phone":"858-223-6025","eMail":"katherine.swain@ecoservices.com","department":"Conservation","manager":"Wright, Daniel","fullName":"Swain, Katherine","yearsTenure":5.4,"less5":0.0,"n5To10":44456.89,"greater10":0.0,"salaryBin":25000,"sourceName":"Employees.csv","lineNumber":31,"employeesDecision":{"decision":"Low","stepComplete":true,"flowComplete":true,"decisionHistory":[{"decisionStep":"Start","toStep":"Determine Salary","entered":"2024-09-25T12:42:39.578-0400","transitioned":"2024-09-25T12:42:39.625-0400"},{"decisionStep":"Determine Salary","toStep":"Low","entered":"2024-09-25T12:42:39.625-0400","transitioned":"2024-09-25T12:42:39.625-0400"},{"decisionStep":"Low","entered":"2024-09-25T12:42:39.625-0400"}],"lock":{"holdCount":0,"heldByCurrentThread":false,"locked":false,"fair":false,"queueLength":0},"valid":true},"isComplete":false}
{"id":48,"_locked":false,"lastName":"Homer","firstName":"Joseph","title":"State Soil Scientist","deptCode":980,"hireDate":1291179600000,"departmentName":"Lab Technology","salary":50426.72,"phone":"858-788-4651 ext. 101","eMail":"joseph.homer@ecoservices.com","department":"Lab Technology","manager":"Whitcomb, Peter","fullName":"Homer, Joseph","yearsTenure":1.4,"less5":50426.72,"n5To10":0.0,"greater10":0.0,"salaryBin":50000,"sourceName":"Employees.csv","lineNumber":48,"employeesDecision":{"decision":"Low","stepComplete":true,"flowComplete":true,"decisionHistory":[{"decisionStep":"Start","toStep":"Determine Salary","entered":"2024-09-25T12:42:39.578-0400","transitioned":"2024-09-25T12:42:39.625-0400"},{"decisionStep":"Determine Salary","toStep":"Low","entered":"2024-09-25T12:42:39.625-0400","transitioned":"2024-09-25T12:42:39.625-0400"},{"decisionStep":"Low","entered":"2024-09-25T12:42:39.625-0400"}],"lock":{"holdCount":0,"heldByCurrentThread":false,"locked":false,"fair":false,"queueLength":0},"valid":true},"isComplete":false}
{"id":49,"_locked":false,"lastName":"Knight","firstName":"Susan","title":"Technical Program Specialist","deptCode":980,"hireDate":1000094400000,"departmentName":"Lab Technology","salary":87157.37,"phone":"858-868-9931 ext. 118","eMail":"susan.knight@ecoservices.com","department":"Lab Technology","manager":"Whitcomb, Peter","fullName":"Knight, Susan","yearsTenure":10.7,"less5":0.0,"n5To10":0.0,"greater10":87157.37,"salaryBin":75000,"sourceName":"Employees.csv","lineNumber":49,"employeesDecision":{"decision":"Low","stepComplete":true,"flowComplete":true,"decisionHistory":[{"decisionStep":"Start","toStep":"Determine Salary","entered":"2024-09-25T12:42:39.578-0400","transitioned":"2024-09-25T12:42:39.625-0400"},{"decisionStep":"Determine Salary","toStep":"Low","entered":"2024-09-25T12:42:39.625-0400","transitioned":"2024-09-25T12:42:39.625-0400"},{"decisionStep":"Low","entered":"2024-09-25T12:42:39.625-0400"}],"lock":{"holdCount":0,"heldByCurrentThread":false,"locked":false,"fair":false,"queueLength":0},"valid":true},"isComplete":false}
{"id":50,"_locked":false,"lastName":"Lawler","firstName":"Honor","title":"Biological Science Technician","deptCode":980,"hireDate":1130126400000,"departmentName":"Lab Technology","salary":47105.62,"phone":"858-679-1587 ext. 112","eMail":"honor.lawler@ecoservices.com","department":"Lab Technology","manager":"Whitcomb, Peter","fullName":"Lawler, Honor","yearsTenure":6.5,"less5":0.0,"n5To10":47105.62,"greater10":0.0,"salaryBin":25000,"sourceName":"Employees.csv","lineNumber":50,"employeesDecision":{"decision":"Low","stepComplete":true,"flowComplete":true,"decisionHistory":[{"decisionStep":"Start","toStep":"Determine Salary","entered":"2024-09-25T12:42:39.578-0400","transitioned":"2024-09-25T12:42:39.625-0400"},{"decisionStep":"Determine Salary","toStep":"Low","entered":"2024-09-25T12:42:39.625-0400","transitioned":"2024-09-25T12:42:39.625-0400"},{"decisionStep":"Low","entered":"2024-09-25T12:42:39.625-0400"}],"lock":{"holdCount":0,"heldByCurrentThread":false,"locked":false,"fair":false,"queueLength":0},"valid":true},"isComplete":false}
{"id":39,"_locked":false,"lastName":"Hansalik","firstName":"Edward","title":"Civil Engineer","deptCode":1190,"hireDate":1305172800000,"departmentName":"Field Engineering","salary":85246.07,"phone":"858-223-6068","eMail":"edward.hansalik@ecoservices.com","department":"Field Engineering","manager":"Tenley, Jeffery","fullName":"Hansalik, Edward","yearsTenure":1.0,"less5":85246.07,"n5To10":0.0,"greater10":0.0,"salaryBin":75000,"sourceName":"Employees.csv","lineNumber":37,"employeesDecision":{"decision":"Low","stepComplete":true,"flowComplete":true,"decisionHistory":[{"decisionStep":"Start","toStep":"Determine Salary","entered":"2024-09-25T12:42:39.578-0400","transitioned":"2024-09-25T12:42:39.625-0400"},{"decisionStep":"Determine Salary","toStep":"Low","entered":"2024-09-25T12:42:39.625-0400","transitioned":"2024-09-25T12:42:39.625-0400"},{"decisionStep":"Low","entered":"2024-09-25T12:42:39.625-0400"}],"lock":{"holdCount":0,"heldByCurrentThread":false,"locked":false,"fair":false,"queueLength":0},"valid":true},"isComplete":false}
{"id":52,"_locked":false,"lastName":"McCracken","firstName":"Kimberly","title":"State Soil Scientist","deptCode":980,"hireDate":1151208000000,"departmentName":"Lab Technology","salary":76623.69,"phone":"858-868-9931 ext. 123","eMail":"kimberly.mccracken@ecoservices.com","department":"Lab Technology","manager":"Whitcomb, Peter","fullName":"McCracken, Kimberly","yearsTenure":5.9,"less5":0.0,"n5To10":76623.69,"greater10":0.0,"salaryBin":75000,"sourceName":"Employees.csv","lineNumber":52,"employeesDecision":{"decision":"Low","stepComplete":true,"flowComplete":true,"decisionHistory":[{"decisionStep":"Start","toStep":"Determine Salary","entered":"2024-09-25T12:42:39.578-0400","transitioned":"2024-09-25T12:42:39.625-0400"},{"decisionStep":"Determine Salary","toStep":"Low","entered":"2024-09-25T12:42:39.625-0400","transitioned":"2024-09-25T12:42:39.625-0400"},{"decisionStep":"Low","entered":"2024-09-25T12:42:39.625-0400"}],"lock":{"holdCount":0,"heldByCurrentThread":false,"locked":false,"fair":false,"queueLength":0},"valid":true}}
{"id":45,"_locked":false,"lastName":"Dudley","firstName":"Karen","title":"Soil Scientist","deptCode":980,"hireDate":1113796800000,"departmentName":"Lab Technology","salary":67829.4,"phone":"858-223-6026","eMail":"karen.dudley@ecoservices.com","department":"Lab Technology","manager":"Whitcomb, Peter","fullName":"Dudley, Karen","yearsTenure":7.0,"less5":0.0,"n5To10":67829.4,"greater10":0.0,"salaryBin":50000,"sourceName":"Employees.csv","lineNumber":45,"employeesDecision":{"decision":"Low","stepComplete":true,"flowComplete":true,"decisionHistory":[{"decisionStep":"Start","toStep":"Determine Salary","entered":"2024-09-25T12:42:39.578-0400","transitioned":"2024-09-25T12:42:39.625-0400"},{"decisionStep":"Determine Salary","toStep":"Low","entered":"2024-09-25T12:42:39.625-0400","transitioned":"2024-09-25T12:42:39.625-0400"},{"decisionStep":"Low","entered":"2024-09-25T12:42:39.625-0400"}],"lock":{"holdCount":0,"heldByCurrentThread":false,"locked":false,"fair":false,"queueLength":0},"valid":true},"isComplete":false}
{"id":38,"_locked":false,"lastName":"Sears","firstName":"Sandra","title":"Civil Engineering Technician","deptCode":1190,"hireDate":1282622400000,"departmentName":"Field Engineering","salary":71147.21,"phone":"858-679-1587 ext. 105","eMail":"sandra.sears@ecoservices.com","department":"Field Engineering","manager":"Tenley, Jeffery","fullName":"Sears, Sandra","yearsTenure":1.7,"less5":71147.21,"n5To10":0.0,"greater10":0.0,"salaryBin":50000,"sourceName":"Employees.csv","lineNumber":41,"employeesDecision":{"decision":"Low","stepComplete":true,"flowComplete":true,"decisionHistory":[{"decisionStep":"Start","toStep":"Determine Salary","entered":"2024-09-25T12:42:39.578-0400","transitioned":"2024-09-25T12:42:39.625-0400"},{"decisionStep":"Determine Salary","toStep":"Low","entered":"2024-09-25T12:42:39.625-0400","transitioned":"2024-09-25T12:42:39.625-0400"},{"decisionStep":"Low","entered":"2024-09-25T12:42:39.625-0400"}],"lock":{"holdCount":0,"heldByCurrentThread":false,"locked":false,"fair":false,"queueLength":0},"valid":true},"isComplete":false}
{"id":43,"_locked":false,"lastName":"Dasey","firstName":"Robert","title":"Engineering Technician","deptCode":980,"hireDate":996120000000,"departmentName":"Lab Technology","salary":65929.39,"phone":"858-868-9931ext. 114","eMail":"robert.dasey@ecoservices.com","department":"Lab Technology","manager":"Whitcomb, Peter","fullName":"Dasey, Robert","yearsTenure":10.8,"less5":0.0,"n5To10":0.0,"greater10":65929.39,"salaryBin":50000,"sourceName":"Employees.csv","lineNumber":44,"employeesDecision":{"decision":"Low","stepComplete":true,"flowComplete":true,"decisionHistory":[{"decisionStep":"Start","toStep":"Determine Salary","entered":"2024-09-25T12:42:39.578-0400","transitioned":"2024-09-25T12:42:39.625-0400"},{"decisionStep":"Determine Salary","toStep":"Low","entered":"2024-09-25T12:42:39.625-0400","transitioned":"2024-09-25T12:42:39.625-0400"},{"decisionStep":"Low","entered":"2024-09-25T12:42:39.625-0400"}],"lock":{"holdCount":0,"heldByCurrentThread":false,"locked":false,"fair":false,"queueLength":0},"valid":true},"isComplete":false}
{"id":53,"_locked":false,"lastName":"Ward","firstName":"Wendy","title":"Soil Conservation Technician","deptCode":980,"hireDate":1282449600000,"departmentName":"Lab Technology","salary":93144.99,"phone":"858-756-2988 ext. 114","eMail":"wendy.ward@ecoservices.com","department":"Lab Technology","manager":"Whitcomb, Peter","fullName":"Ward, Wendy","yearsTenure":1.7,"less5":93144.99,"n5To10":0.0,"greater10":0.0,"salaryBin":75000,"sourceName":"Employees.csv","lineNumber":53,"employeesDecision":{"decision":"Low","stepComplete":true,"flowComplete":true,"decisionHistory":[{"decisionStep":"Start","toStep":"Determine Salary","entered":"2024-09-25T12:42:39.578-0400","transitioned":"2024-09-25T12:42:39.625-0400"},{"decisionStep":"Determine Salary","toStep":"Low","entered":"2024-09-25T12:42:39.625-0400","transitioned":"2024-09-25T12:42:39.625-0400"},{"decisionStep":"Low","entered":"2024-09-25T12:42:39.625-0400"}],"lock":{"holdCount":0,"heldByCurrentThread":false,"locked":false,"fair":false,"queueLength":0},"valid":true}}
{"id":47,"_locked":false,"lastName":"Keirstead","firstName":"Donald","title":"Technical Resource Specialist","deptCode":980,"hireDate":983077200000,"departmentName":"Lab Technology","salary":109915.45,"phone":"858-868-9931 ext. 128","eMail":"donald.keirstead@ecoservices.com","department":"Lab Technology","manager":"Whitcomb, Peter","fullName":"Keirstead, Donald","yearsTenure":11.2,"less5":0.0,"n5To10":0.0,"greater10":109915.45,"salaryBin":100000,"sourceName":"Employees.csv","lineNumber":47,"employeesDecision":{"decision":"High","stepComplete":true,"flowComplete":true,"decisionHistory":[{"decisionStep":"Start","toStep":"Determine Salary","entered":"2024-09-25T12:42:39.578-0400","transitioned":"2024-09-25T12:42:39.625-0400"},{"decisionStep":"Determine Salary","toStep":"High","entered":"2024-09-25T12:42:39.625-0400","transitioned":"2024-09-25T12:42:39.625-0400"},{"decisionStep":"High","entered":"2024-09-25T12:42:39.625-0400"}],"lock":{"holdCount":0,"heldByCurrentThread":false,"locked":false,"fair":false,"queueLength":0},"valid":true},"isComplete":false}
{"id":51,"_locked":false,"lastName":"Lee","firstName":"Rebecca","title":"Technology Specialist","deptCode":980,"hireDate":1050292800000,"departmentName":"Lab Technology","salary":100380.04,"phone":"858-868-9931 ext. 121","eMail":"rebecca.lee@ecoservices.com","department":"Lab Technology","manager":"Whitcomb, Peter","fullName":"Lee, Rebecca","yearsTenure":9.1,"less5":0.0,"n5To10":100380.04,"greater10":0.0,"salaryBin":100000,"sourceName":"Employees.csv","lineNumber":51,"employeesDecision":{"decision":"High","stepComplete":true,"flowComplete":true,"decisionHistory":[{"decisionStep":"Start","toStep":"Determine Salary","entered":"2024-09-25T12:42:39.578-0400","transitioned":"2024-09-25T12:42:39.625-0400"},{"decisionStep":"Determine Salary","toStep":"High","entered":"2024-09-25T12:42:39.625-0400","transitioned":"2024-09-25T12:42:39.625-0400"},{"decisionStep":"High","entered":"2024-09-25T12:42:39.625-0400"}],"lock":{"holdCount":0,"heldByCurrentThread":false,"locked":false,"fair":false,"queueLength":0},"valid":true}}
{"id":54,"_locked":false,"lastName":"Whitcomb","firstName":"Peter","title":"Soil Scientist","deptCode":980,"hireDate":1024977600000,"departmentName":"Lab Technology","salary":64503.31,"phone":"858-223-6024","eMail":"peter.whitcomb@ecoservices.com","department":"Lab Technology","manager":"Wood, Susan","fullName":"Whitcomb, Peter","yearsTenure":9.9,"less5":0.0,"n5To10":64503.31,"greater10":0.0,"salaryBin":50000,"sourceName":"Employees.csv","lineNumber":54,"employeesDecision":{"decision":"Low","stepComplete":true,"flowComplete":true,"decisionHistory":[{"decisionStep":"Start","toStep":"Determine Salary","entered":"2024-09-25T12:42:39.578-0400","transitioned":"2024-09-25T12:42:39.625-0400"},{"decisionStep":"Determine Salary","toStep":"Low","entered":"2024-09-25T12:42:39.625-0400","transitioned":"2024-09-25T12:42:39.625-0400"},{"decisionStep":"Low","entered":"2024-09-25T12:42:39.625-0400"}],"lock":{"holdCount":0,"heldByCurrentThread":false,"locked":false,"fair":false,"queueLength":0},"valid":true}}
{"id":55,"_locked":false,"lastName":"DuBois","firstName":"Ryan","title":"Legal Instruments Examiner","deptCode":350,"hireDate":1189742400000,"departmentName":"Legal","salary":61587.2,"phone":"858-868-9931ext. 124","eMail":"ryan.dubois@ecoservices.com","department":"Legal","manager":"Larkin, Matthew","fullName":"DuBois, Ryan","yearsTenure":4.6,"less5":61587.2,"n5To10":0.0,"greater10":0.0,"salaryBin":50000,"sourceName":"Employees.csv","lineNumber":55,"employeesDecision":{"decision":"Low","stepComplete":true,"flowComplete":true,"decisionHistory":[{"decisionStep":"Start","toStep":"Determine Salary","entered":"2024-09-25T12:42:39.578-0400","transitioned":"2024-09-25T12:42:39.625-0400"},{"decisionStep":"Determine Salary","toStep":"Low","entered":"2024-09-25T12:42:39.625-0400","transitioned":"2024-09-25T12:42:39.625-0400"},{"decisionStep":"Low","entered":"2024-09-25T12:42:39.625-0400"}],"lock":{"holdCount":0,"heldByCurrentThread":false,"locked":false,"fair":false,"queueLength":0},"valid":true}}
{"id":60,"_locked":false,"lastName":"Jimenez","firstName":"Richard","title":"Office Assistant","deptCode":700,"hireDate":1215489600000,"departmentName":"Management","salary":60194.96,"phone":"858-868-9931 ext. 114","eMail":"richard.jimenez@ecoservices.com","department":"Management","manager":"Wood, Susan","fullName":"Jimenez, Richard","yearsTenure":3.8,"less5":60194.96,"n5To10":0.0,"greater10":0.0,"salaryBin":50000,"sourceName":"Employees.csv","lineNumber":60,"employeesDecision":{"decision":"Low","stepComplete":true,"flowComplete":true,"decisionHistory":[{"decisionStep":"Start","toStep":"Determine Salary","entered":"2024-09-25T12:42:39.578-0400","transitioned":"2024-09-25T12:42:39.625-0400"},{"decisionStep":"Determine Salary","toStep":"Low","entered":"2024-09-25T12:42:39.625-0400","transitioned":"2024-09-25T12:42:39.625-0400"},{"decisionStep":"Low","entered":"2024-09-25T12:42:39.625-0400"}],"lock":{"holdCount":0,"heldByCurrentThread":false,"locked":false,"fair":false,"queueLength":0},"valid":true}}
{"id":58,"_locked":false,"lastName":"Anderson","firstName":"Betty","title":"Public Affairs Specialist","deptCode":700,"hireDate":1218340800000,"departmentName":"Management","salary":48153.06,"phone":"858-868-9931 ext. 136","eMail":"betty.anderson@ecoservices.com","department":"Management","manager":"Wood, Susan","fullName":"Anderson, Betty","yearsTenure":3.7,"less5":48153.06,"n5To10":0.0,"greater10":0.0,"salaryBin":25000,"sourceName":"Employees.csv","lineNumber":58,"employeesDecision":{"decision":"Low","stepComplete":true,"flowComplete":true,"decisionHistory":[{"decisionStep":"Start","toStep":"Determine Salary","entered":"2024-09-25T12:42:39.578-0400","transitioned":"2024-09-25T12:42:39.625-0400"},{"decisionStep":"Determine Salary","toStep":"Low","entered":"2024-09-25T12:42:39.625-0400","transitioned":"2024-09-25T12:42:39.625-0400"},{"decisionStep":"Low","entered":"2024-09-25T12:42:39.625-0400"}],"lock":{"holdCount":0,"heldByCurrentThread":false,"locked":false,"fair":false,"queueLength":0},"valid":true}}
{"id":59,"_locked":false,"lastName":"Cohen","firstName":"Shari","title":"Executive Assistant","deptCode":700,"hireDate":1285387200000,"departmentName":"Management","salary":87254.07,"phone":"858-868-9931 ext. 125","eMail":"shari.cohen@ecoservices.com","department":"Management","manager":"Wood, Susan","fullName":"Cohen, Shari","yearsTenure":1.6,"less5":87254.07,"n5To10":0.0,"greater10":0.0,"salaryBin":75000,"sourceName":"Employees.csv","lineNumber":59,"employeesDecision":{"decision":"Low","stepComplete":true,"flowComplete":true,"decisionHistory":[{"decisionStep":"Start","toStep":"Determine Salary","entered":"2024-09-25T12:42:39.578-0400","transitioned":"2024-09-25T12:42:39.625-0400"},{"decisionStep":"Determine Salary","toStep":"Low","entered":"2024-09-25T12:42:39.625-0400","transitioned":"2024-09-25T12:42:39.625-0400"},{"decisionStep":"Low","entered":"2024-09-25T12:42:39.625-0400"}],"lock":{"holdCount":0,"heldByCurrentThread":false,"locked":false,"fair":false,"queueLength":0},"valid":true}}
{"id":61,"_locked":false,"lastName":"Rodgers","firstName":"Ian","title":"Program Analyst","deptCode":700,"hireDate":1178596800000,"departmentName":"Management","salary":91220.32,"phone":"858-868-9931 ext. 104","eMail":"ian.rodgers@ecoservices.com","department":"Management","manager":"Wood, Susan","fullName":"Rodgers, Ian","yearsTenure":5.0,"less5":91220.32,"n5To10":0.0,"greater10":0.0,"salaryBin":75000,"sourceName":"Employees.csv","lineNumber":61,"employeesDecision":{"decision":"Low","stepComplete":true,"flowComplete":true,"decisionHistory":[{"decisionStep":"Start","toStep":"Determine Salary","entered":"2024-09-25T12:42:39.578-0400","transitioned":"2024-09-25T12:42:39.625-0400"},{"decisionStep":"Determine Salary","toStep":"Low","entered":"2024-09-25T12:42:39.625-0400","transitioned":"2024-09-25T12:42:39.625-0400"},{"decisionStep":"Low","entered":"2024-09-25T12:42:39.625-0400"}],"lock":{"holdCount":0,"heldByCurrentThread":false,"locked":false,"fair":false,"queueLength":0},"valid":true}}
{"id":56,"_locked":false,"lastName":"Emerick","firstName":"Misty","title":"Easement Monitoring","deptCode":350,"hireDate":1320814800000,"departmentName":"Legal","salary":64682.09,"phone":"858-868-9931 ext. 113","eMail":"misty.emerick@ecoservices.com","department":"Legal","manager":"Larkin, Matthew","fullName":"Emerick, Misty","yearsTenure":0.5,"less5":64682.09,"n5To10":0.0,"greater10":0.0,"salaryBin":50000,"sourceName":"Employees.csv","lineNumber":56,"employeesDecision":{"decision":"Low","stepComplete":true,"flowComplete":true,"decisionHistory":[{"decisionStep":"Start","toStep":"Determine Salary","entered":"2024-09-25T12:42:39.578-0400","transitioned":"2024-09-25T12:42:39.625-0400"},{"decisionStep":"Determine Salary","toStep":"Low","entered":"2024-09-25T12:42:39.625-0400","transitioned":"2024-09-25T12:42:39.625-0400"},{"decisionStep":"Low","entered":"2024-09-25T12:42:39.625-0400"}],"lock":{"holdCount":0,"heldByCurrentThread":false,"locked":false,"fair":false,"queueLength":0},"valid":true}}
{"id":62,"_locked":false,"lastName":"Wood","firstName":"Susan","title":"Management Analyst","deptCode":700,"hireDate":1005541200000,"departmentName":"Management","salary":97655.93,"phone":"858-868-9931 ext. 110","eMail":"susan.wood@ecoservices.com","department":"Management","manager":"Wood, Susan","fullName":"Wood, Susan","yearsTenure":10.5,"less5":0.0,"n5To10":0.0,"greater10":97655.93,"salaryBin":75000,"sourceName":"Employees.csv","lineNumber":62,"employeesDecision":{"decision":"Low","stepComplete":true,"flowComplete":true,"decisionHistory":[{"decisionStep":"Start","toStep":"Determine Salary","entered":"2024-09-25T12:42:39.578-0400","transitioned":"2024-09-25T12:42:39.625-0400"},{"decisionStep":"Determine Salary","toStep":"Low","entered":"2024-09-25T12:42:39.625-0400","transitioned":"2024-09-25T12:42:39.625-0400"},{"decisionStep":"Low","entered":"2024-09-25T12:42:39.625-0400"}],"lock":{"holdCount":0,"heldByCurrentThread":false,"locked":false,"fair":false,"queueLength":0},"valid":true}}
{"id":57,"_locked":false,"lastName":"Larkin","firstName":"Matthew","title":"Programs and Easements","deptCode":350,"hireDate":1109134800000,"departmentName":"Legal","salary":104627.18,"phone":"858-868-7581 ext. 108","eMail":"matthew.larkin@ecoservices.com","department":"Legal","manager":"Wood, Susan","fullName":"Larkin, Matthew","yearsTenure":7.2,"less5":0.0,"n5To10":104627.18,"greater10":0.0,"salaryBin":100000,"sourceName":"Employees.csv","lineNumber":57,"employeesDecision":{"decision":"High","stepComplete":true,"flowComplete":true,"decisionHistory":[{"decisionStep":"Start","toStep":"Determine Salary","entered":"2024-09-25T12:42:39.578-0400","transitioned":"2024-09-25T12:42:39.625-0400"},{"decisionStep":"Determine Salary","toStep":"High","entered":"2024-09-25T12:42:39.625-0400","transitioned":"2024-09-25T12:42:39.625-0400"},{"decisionStep":"High","entered":"2024-09-25T12:42:39.625-0400"}],"lock":{"holdCount":0,"heldByCurrentThread":false,"locked":false,"fair":false,"queueLength":0},"valid":true}}
{"id":65,"_locked":false,"lastName":"Harrington","firstName":"Michael","title":"District Conservationist","deptCode":840,"hireDate":1054872000000,"departmentName":"Conservation","salary":60076.62,"phone":"858-788-4651 ext. 106","eMail":"michael.harrington@ecoservices.com","department":"Conservation","manager":"Wright, Daniel","fullName":"Harrington, Michael","yearsTenure":8.9,"less5":0.0,"n5To10":60076.62,"greater10":0.0,"salaryBin":50000,"sourceName":"Employees.csv","lineNumber":65,"employeesDecision":{"decision":"Low","stepComplete":true,"flowComplete":true,"decisionHistory":[{"decisionStep":"Start","toStep":"Determine Salary","entered":"2024-09-25T12:42:39.578-0400","transitioned":"2024-09-25T12:42:39.625-0400"},{"decisionStep":"Determine Salary","toStep":"Low","entered":"2024-09-25T12:42:39.625-0400","transitioned":"2024-09-25T12:42:39.625-0400"},{"decisionStep":"Low","entered":"2024-09-25T12:42:39.625-0400"}],"lock":{"holdCount":0,"heldByCurrentThread":false,"locked":false,"fair":false,"queueLength":0},"valid":true}}
{"id":63,"_locked":false,"lastName":"Keyes","firstName":"Jeffrey","title":"Soil Conservationist Aide Intern","deptCode":840,"hireDate":1258434000000,"departmentName":"Conservation","salary":92121.13,"phone":"858-223-6027","eMail":"jeffrey.keyes@ecoservices.com","department":"Conservation","manager":"Wright, Daniel","fullName":"Keyes, Jeffrey","yearsTenure":2.5,"less5":92121.13,"n5To10":0.0,"greater10":0.0,"salaryBin":75000,"sourceName":"Employees.csv","lineNumber":63,"employeesDecision":{"decision":"Low","stepComplete":true,"flowComplete":true,"decisionHistory":[{"decisionStep":"Start","toStep":"Determine Salary","entered":"2024-09-25T12:42:39.578-0400","transitioned":"2024-09-25T12:42:39.625-0400"},{"decisionStep":"Determine Salary","toStep":"Low","entered":"2024-09-25T12:42:39.625-0400","transitioned":"2024-09-25T12:42:39.625-0400"},{"decisionStep":"Low","entered":"2024-09-25T12:42:39.625-0400"}],"lock":{"holdCount":0,"heldByCurrentThread":false,"locked":false,"fair":false,"queueLength":0},"valid":true}}
{"id":64,"_locked":false,"lastName":"Hoey","firstName":"William","title":"Soil Conservationist","deptCode":840,"hireDate":1231131600000,"departmentName":"Conservation","salary":59462.84,"phone":"858-223-6022","eMail":"william.hoey@ecoservices.com","department":"Conservation","manager":"Wright, Daniel","fullName":"Hoey, William","yearsTenure":3.3,"less5":59462.84,"n5To10":0.0,"greater10":0.0,"salaryBin":50000,"sourceName":"Employees.csv","lineNumber":64,"employeesDecision":{"decision":"Low","stepComplete":true,"flowComplete":true,"decisionHistory":[{"decisionStep":"Start","toStep":"Determine Salary","entered":"2024-09-25T12:42:39.578-0400","transitioned":"2024-09-25T12:42:39.625-0400"},{"decisionStep":"Determine Salary","toStep":"Low","entered":"2024-09-25T12:42:39.625-0400","transitioned":"2024-09-25T12:42:39.625-0400"},{"decisionStep":"Low","entered":"2024-09-25T12:42:39.625-0400"}],"lock":{"holdCount":0,"heldByCurrentThread":false,"locked":false,"fair":false,"queueLength":0},"valid":true}}
