{"configType":"model","entityName":"model7","numFields":20,"lastUpdate":5,"version":941594107,"dependencyInfos":[{"nodeId":4,"legendPosition":0,"entityName":"model7","lastGlobalUpdate":5,"fieldName":"id","dataType":"INTEGER","calculation":false,"fullNodeName":"model7.id","localDependencies":[],"globalDependencies":[],"crossDependencies":[],"qualifiedSafeName":"model7.id","codeName":"id","keyName":"model7.id","safeName":"model7.id","field":{"id":"id","name":"id","dirty":false,"incomplete":false,"initialized":false,"type":"INTEGER","required":false,"readOnly":false,"allowNull":false,"zeroOnNull":false,"keyField":false,"sorted":false,"indexed":false,"multiIndex":false,"array":false,"arrayUnique":false,"arrayMaxSize":0,"abstract":false,"static":false,"native":false},"id":4},{"nodeId":5,"legendPosition":1,"entityName":"model7","lastGlobalUpdate":5,"fieldName":"version","dataType":"INTEGER","calculation":false,"fullNodeName":"model7.version","localDependencies":[],"globalDependencies":[],"crossDependencies":[],"qualifiedSafeName":"model7.version","codeName":"version","keyName":"model7.version","safeName":"model7.version","field":{"id":"version","name":"version","dirty":false,"incomplete":false,"initialized":false,"type":"INTEGER","required":false,"readOnly":false,"allowNull":false,"zeroOnNull":false,"keyField":false,"sorted":false,"indexed":false,"multiIndex":false,"array":false,"arrayUnique":false,"arrayMaxSize":0,"abstract":false,"static":false,"native":false},"id":5},{"nodeId":6,"legendPosition":2,"entityName":"model7","lastGlobalUpdate":5,"fieldName":"ruleResults","dataType":"RAW","calculation":false,"fullNodeName":"model7.ruleResults","localDependencies":[],"globalDependencies":[],"crossDependencies":[],"qualifiedSafeName":"model7.ruleResults","codeName":"ruleResults","keyName":"model7.ruleResults","safeName":"model7.ruleResults","field":{"id":"ruleResults","name":"ruleResults","dirty":false,"incomplete":false,"initialized":false,"type":"RAW","required":false,"readOnly":false,"allowNull":false,"zeroOnNull":false,"keyField":false,"sorted":false,"indexed":false,"multiIndex":false,"array":true,"arrayUnique":false,"arrayMaxSize":0,"abstract":false,"static":false,"native":false},"id":6},{"nodeId":7,"legendPosition":3,"entityName":"model7","lastGlobalUpdate":5,"fieldName":"errors","dataType":"RAW","calculation":false,"fullNodeName":"model7.errors","localDependencies":[],"globalDependencies":[],"crossDependencies":[],"qualifiedSafeName":"model7.errors","codeName":"errors","keyName":"model7.errors","safeName":"model7.errors","field":{"id":"errors","name":"errors","dirty":false,"incomplete":false,"initialized":false,"type":"RAW","required":false,"readOnly":false,"allowNull":false,"zeroOnNull":false,"keyField":false,"sorted":false,"indexed":false,"multiIndex":false,"array":true,"arrayUnique":false,"arrayMaxSize":0,"abstract":false,"static":false,"native":false},"id":7},{"nodeId":8,"legendPosition":4,"entityName":"model7","lastGlobalUpdate":5,"fieldName":"name","dataType":"TEXT","calculation":false,"fullNodeName":"model7.name","localDependencies":[],"globalDependencies":[],"crossDependencies":[],"qualifiedSafeName":"model7.name","codeName":"name","keyName":"model7.name","safeName":"model7.name","field":{"id":"name","name":"name","dirty":false,"incomplete":false,"initialized":false,"type":"TEXT","required":false,"readOnly":false,"allowNull":false,"zeroOnNull":false,"keyField":false,"sorted":false,"indexed":false,"multiIndex":false,"array":false,"arrayUnique":false,"arrayMaxSize":0,"abstract":false,"static":false,"native":false},"id":8},{"nodeId":9,"legendPosition":5,"entityName":"model7","lastGlobalUpdate":5,"fieldName":"entityName","dataType":"TEXT","calculation":false,"fullNodeName":"model7.entityName","localDependencies":[],"globalDependencies":[],"crossDependencies":[],"qualifiedSafeName":"model7.entityName","codeName":"entityName","keyName":"model7.entityName","safeName":"model7.entityName","field":{"id":"entityName","name":"entityName","dirty":false,"incomplete":false,"initialized":false,"type":"TEXT","required":false,"readOnly":false,"allowNull":false,"zeroOnNull":false,"keyField":false,"sorted":false,"indexed":false,"multiIndex":false,"array":false,"arrayUnique":false,"arrayMaxSize":0,"abstract":false,"static":false,"native":false},"id":9},{"nodeId":10,"legendPosition":6,"entityName":"model7","lastGlobalUpdate":5,"fieldName":"key","dataType":"TEXT","calculation":false,"fullNodeName":"model7.key","localDependencies":[],"globalDependencies":[],"crossDependencies":[],"qualifiedSafeName":"model7.key","codeName":"key","keyName":"model7.key","safeName":"model7.key","field":{"id":"key","name":"key","dirty":false,"incomplete":false,"initialized":false,"type":"TEXT","required":false,"readOnly":false,"allowNull":false,"zeroOnNull":false,"keyField":false,"sorted":false,"indexed":false,"multiIndex":false,"array":false,"arrayUnique":false,"arrayMaxSize":0,"abstract":false,"static":false,"native":false},"id":10},{"nodeId":11,"legendPosition":7,"entityName":"model7","lastGlobalUpdate":5,"fieldName":"seriesValue","dataType":"ANY","calculation":false,"fullNodeName":"model7.seriesValue","localDependencies":[],"globalDependencies":[],"crossDependencies":[],"qualifiedSafeName":"model7.seriesValue","codeName":"seriesValue","keyName":"model7.seriesValue","safeName":"model7.seriesValue","field":{"id":"seriesValue","name":"seriesValue","dirty":false,"incomplete":false,"initialized":false,"type":"ANY","required":false,"readOnly":false,"allowNull":false,"zeroOnNull":false,"keyField":false,"sorted":false,"indexed":false,"multiIndex":false,"array":false,"arrayUnique":false,"arrayMaxSize":0,"abstract":false,"static":false,"native":false},"id":11},{"nodeId":12,"legendPosition":8,"entityName":"model7","lastGlobalUpdate":5,"fieldName":"keyPrior","dataType":"DATAITEM","calculation":false,"fullNodeName":"model7.keyPrior","localDependencies":[],"globalDependencies":[],"crossDependencies":[],"qualifiedSafeName":"model7.keyPrior","codeName":"keyPrior","keyName":"model7.keyPrior","safeName":"model7.keyPrior","field":{"id":"keyPrior","name":"keyPrior","dirty":false,"incomplete":false,"initialized":false,"type":"DATAITEM","required":false,"readOnly":false,"allowNull":false,"zeroOnNull":false,"keyField":false,"sorted":false,"indexed":false,"multiIndex":false,"array":false,"arrayUnique":false,"arrayMaxSize":0,"abstract":false,"static":false,"native":false},"id":12},{"nodeId":13,"legendPosition":9,"entityName":"model7","lastGlobalUpdate":5,"fieldName":"keyNext","dataType":"DATAITEM","calculation":false,"fullNodeName":"model7.keyNext","localDependencies":[],"globalDependencies":[],"crossDependencies":[],"qualifiedSafeName":"model7.keyNext","codeName":"keyNext","keyName":"model7.keyNext","safeName":"model7.keyNext","field":{"id":"keyNext","name":"keyNext","dirty":false,"incomplete":false,"initialized":false,"type":"DATAITEM","required":false,"readOnly":false,"allowNull":false,"zeroOnNull":false,"keyField":false,"sorted":false,"indexed":false,"multiIndex":false,"array":false,"arrayUnique":false,"arrayMaxSize":0,"abstract":false,"static":false,"native":false},"id":13},{"nodeId":14,"legendPosition":10,"entityName":"model7","lastGlobalUpdate":5,"fieldName":"keyPosition","dataType":"INTEGER","calculation":false,"fullNodeName":"model7.keyPosition","localDependencies":[],"globalDependencies":[],"crossDependencies":[],"qualifiedSafeName":"model7.keyPosition","codeName":"keyPosition","keyName":"model7.keyPosition","safeName":"model7.keyPosition","field":{"id":"keyPosition","name":"keyPosition","dirty":false,"incomplete":false,"initialized":false,"type":"INTEGER","required":false,"readOnly":false,"allowNull":false,"zeroOnNull":false,"keyField":false,"sorted":false,"indexed":false,"multiIndex":false,"array":false,"arrayUnique":false,"arrayMaxSize":0,"abstract":false,"static":false,"native":false},"id":14},{"nodeId":15,"legendPosition":11,"entityName":"model7","lastGlobalUpdate":5,"fieldName":"keyNavigation","dataType":"ANY","calculation":false,"fullNodeName":"model7.keyNavigation","localDependencies":[],"globalDependencies":[],"crossDependencies":[],"qualifiedSafeName":"model7.keyNavigation","codeName":"keyNavigation","keyName":"model7.keyNavigation","safeName":"model7.keyNavigation","field":{"id":"keyNavigation","name":"keyNavigation","dirty":false,"incomplete":false,"initialized":false,"type":"ANY","required":false,"readOnly":false,"allowNull":false,"zeroOnNull":false,"keyField":false,"sorted":false,"indexed":false,"multiIndex":false,"array":false,"arrayUnique":false,"arrayMaxSize":0,"abstract":false,"static":false,"native":false},"id":15},{"nodeId":16,"legendPosition":12,"entityName":"model7","lastGlobalUpdate":5,"fieldName":"model","dataType":"DATAITEM","calculation":false,"fullNodeName":"model7.model","localDependencies":[],"globalDependencies":[],"crossDependencies":[],"qualifiedSafeName":"model7.model","codeName":"model","keyName":"model7.model","safeName":"model7.model","field":{"id":"model","name":"model","dirty":false,"incomplete":false,"initialized":false,"type":"DATAITEM","required":false,"readOnly":false,"allowNull":false,"zeroOnNull":false,"keyField":false,"sorted":false,"indexed":false,"multiIndex":false,"array":false,"arrayUnique":false,"arrayMaxSize":0,"abstract":false,"static":false,"native":false},"id":16},{"nodeId":0,"legendPosition":13,"entityName":"model7","fieldName":"connector_ag_grid","dataType":"ANY","calculation":false,"localDependencies":[],"globalDependencies":[],"crossDependencies":[],"codeName":"connector_ag_grid","field":{"id":"connector_ag_grid","name":"connector_ag_grid","dirty":false,"incomplete":false,"initialized":false,"type":"ANY","required":false,"readOnly":false,"allowNull":false,"zeroOnNull":false,"keyField":false,"sorted":false,"indexed":false,"multiIndex":false,"array":false,"arrayUnique":false,"arrayMaxSize":0,"abstract":false,"static":false,"native":false},"id":0},{"nodeId":0,"legendPosition":14,"entityName":"model7","fieldName":"model7Series","dataType":"ANY","calculation":false,"localDependencies":[],"globalDependencies":[],"crossDependencies":[],"codeName":"model7Series","field":{"id":"model7Series","name":"model7Series","dirty":false,"incomplete":false,"initialized":false,"type":"ANY","required":false,"readOnly":false,"allowNull":false,"zeroOnNull":false,"keyField":false,"sorted":false,"indexed":false,"multiIndex":false,"array":false,"arrayUnique":false,"arrayMaxSize":0,"abstract":false,"static":false,"native":false},"id":0},{"nodeId":0,"legendPosition":15,"entityName":"model7","fieldName":"ag_gridSeries","dataType":"ANY","calculation":false,"localDependencies":[],"globalDependencies":[],"crossDependencies":[],"codeName":"ag_gridSeries","field":{"id":"ag_gridSeries","name":"ag_gridSeries","dirty":false,"incomplete":false,"initialized":false,"type":"ANY","required":false,"readOnly":false,"allowNull":false,"zeroOnNull":false,"keyField":false,"sorted":false,"indexed":false,"multiIndex":false,"array":false,"arrayUnique":false,"arrayMaxSize":0,"abstract":false,"static":false,"native":false},"id":0},{"nodeId":0,"legendPosition":16,"entityName":"model7","fieldName":"view_ag_grid","dataType":"ANY","calculation":false,"localDependencies":[],"globalDependencies":[],"crossDependencies":[],"codeName":"view_ag_grid","field":{"id":"view_ag_grid","name":"view_ag_grid","dirty":false,"incomplete":false,"initialized":false,"type":"ANY","required":false,"readOnly":false,"allowNull":false,"zeroOnNull":false,"keyField":false,"sorted":false,"indexed":false,"multiIndex":false,"array":false,"arrayUnique":false,"arrayMaxSize":0,"abstract":false,"static":false,"native":false},"id":0},{"nodeId":0,"legendPosition":17,"entityName":"model7","fieldName":"view_id_","dataType":"INTEGER","calculation":false,"localDependencies":[],"globalDependencies":[],"crossDependencies":[],"codeName":"view_id_","field":{"id":"view_id_","name":"view_id_","dirty":false,"incomplete":false,"initialized":false,"type":"INTEGER","required":false,"readOnly":false,"allowNull":false,"zeroOnNull":false,"keyField":false,"sorted":false,"indexed":false,"multiIndex":false,"array":false,"arrayUnique":false,"arrayMaxSize":0,"abstract":false,"static":false,"native":false},"id":0},{"nodeId":0,"legendPosition":18,"entityName":"model7","fieldName":"view_model7","dataType":"ANY","calculation":false,"localDependencies":[],"globalDependencies":[],"crossDependencies":[],"codeName":"view_model7","field":{"id":"view_model7","name":"view_model7","dirty":false,"incomplete":false,"initialized":false,"type":"ANY","required":false,"readOnly":false,"allowNull":false,"zeroOnNull":false,"keyField":false,"sorted":false,"indexed":false,"multiIndex":false,"array":false,"arrayUnique":false,"arrayMaxSize":0,"abstract":false,"static":false,"native":false},"id":0},{"nodeId":95,"legendPosition":19,"entityName":"model7","lastGlobalUpdate":5,"fieldName":"ag_gridList","dataType":"DATAITEM","calculation":false,"selectField":"model","fullNodeName":"model7.ag_gridList","localDependencies":[],"globalDependencies":[],"crossDependencies":[],"qualifiedSafeName":"model7.ag_gridList","codeName":"ag_gridList","keyName":"model7.ag_gridList","safeName":"model7.ag_gridList","field":{"id":"ag_gridList","name":"ag_gridList","dirty":false,"incomplete":false,"initialized":false,"type":"DATAITEM","required":false,"readOnly":false,"allowNull":false,"zeroOnNull":false,"keyField":false,"sorted":false,"indexed":false,"multiIndex":false,"array":true,"arrayUnique":false,"arrayMaxSize":0,"abstract":false,"static":false,"native":false},"id":95}],"id":0}
{"configType":"dataitem","entityName":"ag-grid","numFields":65,"lastUpdate":6,"version":-924550868,"dependencyInfos":[{"nodeId":0,"legendPosition":0,"entityName":"ag-grid","fieldName":"connector_ag_grid_CONNECTOR","dataType":"ANY","calculation":false,"localDependencies":[],"globalDependencies":[],"crossDependencies":[],"codeName":"connector_ag_grid_CONNECTOR","field":{"id":"connector_ag_grid_CONNECTOR","name":"connector_ag_grid_CONNECTOR","dirty":false,"incomplete":false,"initialized":false,"type":"ANY","required":false,"readOnly":false,"allowNull":false,"zeroOnNull":false,"keyField":false,"sorted":false,"indexed":false,"multiIndex":false,"array":false,"arrayUnique":false,"arrayMaxSize":0,"abstract":false,"static":false,"native":false},"id":0},{"nodeId":23,"legendPosition":1,"entityName":"ag-grid","lastGlobalUpdate":6,"fieldName":"id","dataType":"INTEGER","calculation":false,"fullNodeName":"ag-grid.id","localDependencies":["ag-grid.lineNumber"],"globalDependencies":[],"crossDependencies":[],"qualifiedSafeName":"ag-grid.id","codeName":"id","keyName":"ag-grid.id","safeName":"ag-grid.id","field":{"id":"id","name":"id","dirty":false,"incomplete":false,"initialized":false,"type":"INTEGER","required":false,"readOnly":false,"allowNull":false,"zeroOnNull":false,"keyField":false,"sorted":false,"indexed":false,"multiIndex":false,"array":false,"arrayUnique":false,"arrayMaxSize":0,"abstract":false,"static":false,"native":false},"id":23},{"nodeId":24,"legendPosition":2,"entityName":"ag-grid","lastGlobalUpdate":6,"fieldName":"version","dataType":"INTEGER","calculation":false,"fullNodeName":"ag-grid.version","localDependencies":[],"globalDependencies":[],"crossDependencies":[],"qualifiedSafeName":"ag-grid.version","codeName":"version","keyName":"ag-grid.version","safeName":"ag-grid.version","field":{"id":"version","name":"version","dirty":false,"incomplete":false,"initialized":false,"type":"INTEGER","required":false,"readOnly":false,"allowNull":false,"zeroOnNull":false,"keyField":false,"sorted":false,"indexed":false,"multiIndex":false,"array":false,"arrayUnique":false,"arrayMaxSize":0,"abstract":false,"static":false,"native":false},"id":24},{"nodeId":25,"legendPosition":3,"entityName":"ag-grid","lastGlobalUpdate":6,"fieldName":"ruleResults","dataType":"RAW","calculation":false,"fullNodeName":"ag-grid.ruleResults","localDependencies":[],"globalDependencies":[],"crossDependencies":[],"qualifiedSafeName":"ag-grid.ruleResults","codeName":"ruleResults","keyName":"ag-grid.ruleResults","safeName":"ag-grid.ruleResults","field":{"id":"ruleResults","name":"ruleResults","dirty":false,"incomplete":false,"initialized":false,"type":"RAW","required":false,"readOnly":false,"allowNull":false,"zeroOnNull":false,"keyField":false,"sorted":false,"indexed":false,"multiIndex":false,"array":true,"arrayUnique":false,"arrayMaxSize":0,"abstract":false,"static":false,"native":false},"id":25},{"nodeId":26,"legendPosition":4,"entityName":"ag-grid","lastGlobalUpdate":6,"fieldName":"errors","dataType":"RAW","calculation":false,"fullNodeName":"ag-grid.errors","localDependencies":[],"globalDependencies":[],"crossDependencies":[],"qualifiedSafeName":"ag-grid.errors","codeName":"errors","keyName":"ag-grid.errors","safeName":"ag-grid.errors","field":{"id":"errors","name":"errors","dirty":false,"incomplete":false,"initialized":false,"type":"RAW","required":false,"readOnly":false,"allowNull":false,"zeroOnNull":false,"keyField":false,"sorted":false,"indexed":false,"multiIndex":false,"array":true,"arrayUnique":false,"arrayMaxSize":0,"abstract":false,"static":false,"native":false},"id":26},{"nodeId":27,"legendPosition":5,"entityName":"ag-grid","lastGlobalUpdate":6,"fieldName":"entityName","dataType":"TEXT","calculation":false,"fullNodeName":"ag-grid.entityName","localDependencies":[],"globalDependencies":[],"crossDependencies":[],"qualifiedSafeName":"ag-grid.entityName","codeName":"entityName","keyName":"ag-grid.entityName","safeName":"ag-grid.entityName","field":{"id":"entityName","name":"entityName","dirty":false,"incomplete":false,"initialized":false,"type":"TEXT","required":false,"readOnly":false,"allowNull":false,"zeroOnNull":false,"keyField":false,"sorted":false,"indexed":false,"multiIndex":false,"array":false,"arrayUnique":false,"arrayMaxSize":0,"abstract":false,"static":false,"native":false},"id":27},{"nodeId":28,"legendPosition":6,"entityName":"ag-grid","lastGlobalUpdate":6,"fieldName":"key","dataType":"TEXT","calculation":false,"fullNodeName":"ag-grid.key","localDependencies":[],"globalDependencies":[],"crossDependencies":[],"qualifiedSafeName":"ag-grid.key","codeName":"key","keyName":"ag-grid.key","safeName":"ag-grid.key","field":{"id":"key","name":"key","dirty":false,"incomplete":false,"initialized":false,"type":"TEXT","required":false,"readOnly":false,"allowNull":false,"zeroOnNull":false,"keyField":false,"sorted":false,"indexed":false,"multiIndex":false,"array":false,"arrayUnique":false,"arrayMaxSize":0,"abstract":false,"static":false,"native":false},"id":28},{"nodeId":29,"legendPosition":7,"entityName":"ag-grid","lastGlobalUpdate":6,"fieldName":"seriesValue","dataType":"ANY","calculation":false,"fullNodeName":"ag-grid.seriesValue","localDependencies":[],"globalDependencies":[],"crossDependencies":[],"qualifiedSafeName":"ag-grid.seriesValue","codeName":"seriesValue","keyName":"ag-grid.seriesValue","safeName":"ag-grid.seriesValue","field":{"id":"seriesValue","name":"seriesValue","dirty":false,"incomplete":false,"initialized":false,"type":"ANY","required":false,"readOnly":false,"allowNull":false,"zeroOnNull":false,"keyField":false,"sorted":false,"indexed":false,"multiIndex":false,"array":false,"arrayUnique":false,"arrayMaxSize":0,"abstract":false,"static":false,"native":false},"id":29},{"nodeId":30,"legendPosition":8,"entityName":"ag-grid","lastGlobalUpdate":6,"fieldName":"keyPrior","dataType":"DATAITEM","calculation":false,"fullNodeName":"ag-grid.keyPrior","localDependencies":[],"globalDependencies":[],"crossDependencies":[],"qualifiedSafeName":"ag-grid.keyPrior","codeName":"keyPrior","keyName":"ag-grid.keyPrior","safeName":"ag-grid.keyPrior","field":{"id":"keyPrior","name":"keyPrior","dirty":false,"incomplete":false,"initialized":false,"type":"DATAITEM","required":false,"readOnly":false,"allowNull":false,"zeroOnNull":false,"keyField":false,"sorted":false,"indexed":false,"multiIndex":false,"array":false,"arrayUnique":false,"arrayMaxSize":0,"abstract":false,"static":false,"native":false},"id":30},{"nodeId":31,"legendPosition":9,"entityName":"ag-grid","lastGlobalUpdate":6,"fieldName":"keyNext","dataType":"DATAITEM","calculation":false,"fullNodeName":"ag-grid.keyNext","localDependencies":[],"globalDependencies":[],"crossDependencies":[],"qualifiedSafeName":"ag-grid.keyNext","codeName":"keyNext","keyName":"ag-grid.keyNext","safeName":"ag-grid.keyNext","field":{"id":"keyNext","name":"keyNext","dirty":false,"incomplete":false,"initialized":false,"type":"DATAITEM","required":false,"readOnly":false,"allowNull":false,"zeroOnNull":false,"keyField":false,"sorted":false,"indexed":false,"multiIndex":false,"array":false,"arrayUnique":false,"arrayMaxSize":0,"abstract":false,"static":false,"native":false},"id":31},{"nodeId":32,"legendPosition":10,"entityName":"ag-grid","lastGlobalUpdate":6,"fieldName":"keyPosition","dataType":"INTEGER","calculation":false,"fullNodeName":"ag-grid.keyPosition","localDependencies":[],"globalDependencies":[],"crossDependencies":[],"qualifiedSafeName":"ag-grid.keyPosition","codeName":"keyPosition","keyName":"ag-grid.keyPosition","safeName":"ag-grid.keyPosition","field":{"id":"keyPosition","name":"keyPosition","dirty":false,"incomplete":false,"initialized":false,"type":"INTEGER","required":false,"readOnly":false,"allowNull":false,"zeroOnNull":false,"keyField":false,"sorted":false,"indexed":false,"multiIndex":false,"array":false,"arrayUnique":false,"arrayMaxSize":0,"abstract":false,"static":false,"native":false},"id":32},{"nodeId":33,"legendPosition":11,"entityName":"ag-grid","lastGlobalUpdate":6,"fieldName":"keyNavigation","dataType":"ANY","calculation":false,"fullNodeName":"ag-grid.keyNavigation","localDependencies":[],"globalDependencies":[],"crossDependencies":[],"qualifiedSafeName":"ag-grid.keyNavigation","codeName":"keyNavigation","keyName":"ag-grid.keyNavigation","safeName":"ag-grid.keyNavigation","field":{"id":"keyNavigation","name":"keyNavigation","dirty":false,"incomplete":false,"initialized":false,"type":"ANY","required":false,"readOnly":false,"allowNull":false,"zeroOnNull":false,"keyField":false,"sorted":false,"indexed":false,"multiIndex":false,"array":false,"arrayUnique":false,"arrayMaxSize":0,"abstract":false,"static":false,"native":false},"id":33},{"nodeId":34,"legendPosition":12,"entityName":"ag-grid","lastGlobalUpdate":6,"fieldName":"model","dataType":"DATAITEM","calculation":false,"fullNodeName":"ag-grid.model","localDependencies":[],"globalDependencies":[],"crossDependencies":[],"qualifiedSafeName":"ag-grid.model","codeName":"model","keyName":"ag-grid.model","safeName":"ag-grid.model","field":{"id":"model","name":"model","dirty":false,"incomplete":false,"initialized":false,"type":"DATAITEM","required":false,"readOnly":false,"allowNull":false,"zeroOnNull":false,"keyField":false,"sorted":false,"indexed":false,"multiIndex":false,"array":false,"arrayUnique":false,"arrayMaxSize":0,"abstract":false,"static":false,"native":false},"id":34},{"nodeId":35,"legendPosition":13,"entityName":"ag-grid","lastGlobalUpdate":6,"fieldName":"Id","dataType":"TEXT","calculation":false,"fullNodeName":"ag-grid.id_","localDependencies":[],"globalDependencies":[],"crossDependencies":[],"qualifiedSafeName":"ag-grid.id_","codeName":"id_","keyName":"ag-grid.id_","safeName":"ag-grid.id_","field":{"id":"Id","name":"Id","dirty":false,"incomplete":false,"initialized":false,"type":"TEXT","required":false,"readOnly":false,"allowNull":false,"zeroOnNull":false,"keyField":false,"sorted":false,"indexed":false,"multiIndex":false,"array":false,"arrayUnique":false,"arrayMaxSize":0,"abstract":false,"static":false,"native":false},"id":35},{"nodeId":36,"legendPosition":14,"entityName":"ag-grid","lastGlobalUpdate":6,"fieldName":"Name","dataType":"TEXT","calculation":false,"fullNodeName":"ag-grid.name","localDependencies":[],"globalDependencies":[],"crossDependencies":[],"qualifiedSafeName":"ag-grid.name","codeName":"name","keyName":"ag-grid.name","safeName":"ag-grid.name","field":{"id":"Name","name":"Name","dirty":false,"incomplete":false,"initialized":false,"type":"TEXT","required":false,"readOnly":false,"allowNull":false,"zeroOnNull":false,"keyField":false,"sorted":false,"indexed":false,"multiIndex":false,"array":false,"arrayUnique":false,"arrayMaxSize":0,"abstract":false,"static":false,"native":false},"id":36},{"nodeId":37,"legendPosition":15,"entityName":"ag-grid","lastGlobalUpdate":6,"fieldName":"Account Id","dataType":"TEXT","calculation":false,"fullNodeName":"ag-grid.accountId","localDependencies":[],"globalDependencies":[],"crossDependencies":[],"qualifiedSafeName":"ag-grid.accountId","codeName":"accountId","keyName":"ag-grid.accountId","safeName":"ag-grid.accountId","field":{"id":"Account Id","name":"Account Id","dirty":false,"incomplete":false,"initialized":false,"type":"TEXT","required":false,"readOnly":false,"allowNull":false,"zeroOnNull":false,"keyField":false,"sorted":false,"indexed":false,"multiIndex":false,"array":false,"arrayUnique":false,"arrayMaxSize":0,"abstract":false,"static":false,"native":false},"id":37},{"nodeId":38,"legendPosition":16,"entityName":"ag-grid","lastGlobalUpdate":6,"fieldName":"User Type","dataType":"TEXT","calculation":false,"fullNodeName":"ag-grid.userType","localDependencies":[],"globalDependencies":[],"crossDependencies":[],"qualifiedSafeName":"ag-grid.userType","codeName":"userType","keyName":"ag-grid.userType","safeName":"ag-grid.userType","field":{"id":"User Type","name":"User Type","dirty":false,"incomplete":false,"initialized":false,"type":"TEXT","required":false,"readOnly":false,"allowNull":false,"zeroOnNull":false,"keyField":false,"sorted":false,"indexed":false,"multiIndex":false,"array":false,"arrayUnique":false,"arrayMaxSize":0,"abstract":false,"static":false,"native":false},"id":38},{"nodeId":39,"legendPosition":17,"entityName":"ag-grid","lastGlobalUpdate":6,"fieldName":"First Name","dataType":"TEXT","calculation":false,"fullNodeName":"ag-grid.firstName","localDependencies":[],"globalDependencies":[],"crossDependencies":[],"qualifiedSafeName":"ag-grid.firstName","codeName":"firstName","keyName":"ag-grid.firstName","safeName":"ag-grid.firstName","field":{"id":"First Name","name":"First Name","dirty":false,"incomplete":false,"initialized":false,"type":"TEXT","required":false,"readOnly":false,"allowNull":false,"zeroOnNull":false,"keyField":false,"sorted":false,"indexed":false,"multiIndex":false,"array":false,"arrayUnique":false,"arrayMaxSize":0,"abstract":false,"static":false,"native":false},"id":39},{"nodeId":40,"legendPosition":18,"entityName":"ag-grid","lastGlobalUpdate":6,"fieldName":"Last Name","dataType":"TEXT","calculation":false,"fullNodeName":"ag-grid.lastName","localDependencies":[],"globalDependencies":[],"crossDependencies":[],"qualifiedSafeName":"ag-grid.lastName","codeName":"lastName","keyName":"ag-grid.lastName","safeName":"ag-grid.lastName","field":{"id":"Last Name","name":"Last Name","dirty":false,"incomplete":false,"initialized":false,"type":"TEXT","required":false,"readOnly":false,"allowNull":false,"zeroOnNull":false,"keyField":false,"sorted":false,"indexed":false,"multiIndex":false,"array":false,"arrayUnique":false,"arrayMaxSize":0,"abstract":false,"static":false,"native":false},"id":40},{"nodeId":41,"legendPosition":19,"entityName":"ag-grid","lastGlobalUpdate":6,"fieldName":"eMail","dataType":"TEXT","calculation":false,"fullNodeName":"ag-grid.eMail","localDependencies":[],"globalDependencies":[],"crossDependencies":[],"qualifiedSafeName":"ag-grid.eMail","codeName":"eMail","keyName":"ag-grid.eMail","safeName":"ag-grid.eMail","field":{"id":"eMail","name":"eMail","dirty":false,"incomplete":false,"initialized":false,"type":"TEXT","required":false,"readOnly":false,"allowNull":false,"zeroOnNull":false,"keyField":false,"sorted":false,"indexed":false,"multiIndex":false,"array":false,"arrayUnique":false,"arrayMaxSize":0,"abstract":false,"static":false,"native":false},"id":41},{"nodeId":42,"legendPosition":20,"entityName":"ag-grid","lastGlobalUpdate":6,"fieldName":"Organization Id","dataType":"TEXT","calculation":false,"fullNodeName":"ag-grid.organizationId","localDependencies":[],"globalDependencies":[],"crossDependencies":[],"qualifiedSafeName":"ag-grid.organizationId","codeName":"organizationId","keyName":"ag-grid.organizationId","safeName":"ag-grid.organizationId","field":{"id":"Organization Id","name":"Organization Id","dirty":false,"incomplete":false,"initialized":false,"type":"TEXT","required":false,"readOnly":false,"allowNull":false,"zeroOnNull":false,"keyField":false,"sorted":false,"indexed":false,"multiIndex":false,"array":false,"arrayUnique":false,"arrayMaxSize":0,"abstract":false,"static":false,"native":false},"id":42},{"nodeId":43,"legendPosition":21,"entityName":"ag-grid","lastGlobalUpdate":6,"fieldName":"Last Login","dataType":"DATETIME","calculation":false,"fullNodeName":"ag-grid.lastLogin","localDependencies":[],"globalDependencies":[],"crossDependencies":[],"qualifiedSafeName":"ag-grid.lastLogin","codeName":"lastLogin","keyName":"ag-grid.lastLogin","safeName":"ag-grid.lastLogin","field":{"id":"Last Login","name":"Last Login","dirty":false,"incomplete":false,"initialized":false,"type":"DATETIME","required":false,"readOnly":false,"allowNull":false,"zeroOnNull":false,"keyField":false,"sorted":false,"indexed":false,"multiIndex":false,"array":false,"arrayUnique":false,"arrayMaxSize":0,"abstract":false,"static":false,"native":false},"id":43},{"nodeId":44,"legendPosition":22,"entityName":"ag-grid","lastGlobalUpdate":6,"fieldName":"Last Updated","dataType":"DATETIME","calculation":false,"fullNodeName":"ag-grid.lastUpdated","localDependencies":[],"globalDependencies":[],"crossDependencies":[],"qualifiedSafeName":"ag-grid.lastUpdated","codeName":"lastUpdated","keyName":"ag-grid.lastUpdated","safeName":"ag-grid.lastUpdated","field":{"id":"Last Updated","name":"Last Updated","dirty":false,"incomplete":false,"initialized":false,"type":"DATETIME","required":false,"readOnly":false,"allowNull":false,"zeroOnNull":false,"keyField":false,"sorted":false,"indexed":false,"multiIndex":false,"array":false,"arrayUnique":false,"arrayMaxSize":0,"abstract":false,"static":false,"native":false},"id":44},{"nodeId":45,"legendPosition":23,"entityName":"ag-grid","lastGlobalUpdate":6,"fieldName":"Last Updated By","dataType":"TEXT","calculation":false,"fullNodeName":"ag-grid.lastUpdatedBy","localDependencies":[],"globalDependencies":[],"crossDependencies":[],"qualifiedSafeName":"ag-grid.lastUpdatedBy","codeName":"lastUpdatedBy","keyName":"ag-grid.lastUpdatedBy","safeName":"ag-grid.lastUpdatedBy","field":{"id":"Last Updated By","name":"Last Updated By","dirty":false,"incomplete":false,"initialized":false,"type":"TEXT","required":false,"readOnly":false,"allowNull":false,"zeroOnNull":false,"keyField":false,"sorted":false,"indexed":false,"multiIndex":false,"array":false,"arrayUnique":false,"arrayMaxSize":0,"abstract":false,"static":false,"native":false},"id":45},{"nodeId":46,"legendPosition":24,"entityName":"ag-grid","lastGlobalUpdate":6,"fieldName":"Created","dataType":"DATETIME","calculation":false,"fullNodeName":"ag-grid.created","localDependencies":[],"globalDependencies":[],"crossDependencies":[],"qualifiedSafeName":"ag-grid.created","codeName":"created","keyName":"ag-grid.created","safeName":"ag-grid.created","field":{"id":"Created","name":"Created","dirty":false,"incomplete":false,"initialized":false,"type":"DATETIME","required":false,"readOnly":false,"allowNull":false,"zeroOnNull":false,"keyField":false,"sorted":false,"indexed":false,"multiIndex":false,"array":false,"arrayUnique":false,"arrayMaxSize":0,"abstract":false,"static":false,"native":false},"id":46},{"nodeId":47,"legendPosition":25,"entityName":"ag-grid","lastGlobalUpdate":6,"fieldName":"Created By","dataType":"TEXT","calculation":false,"fullNodeName":"ag-grid.createdBy","localDependencies":[],"globalDependencies":[],"crossDependencies":[],"qualifiedSafeName":"ag-grid.createdBy","codeName":"createdBy","keyName":"ag-grid.createdBy","safeName":"ag-grid.createdBy","field":{"id":"Created By","name":"Created By","dirty":false,"incomplete":false,"initialized":false,"type":"TEXT","required":false,"readOnly":false,"allowNull":false,"zeroOnNull":false,"keyField":false,"sorted":false,"indexed":false,"multiIndex":false,"array":false,"arrayUnique":false,"arrayMaxSize":0,"abstract":false,"static":false,"native":false},"id":47},{"nodeId":48,"legendPosition":26,"entityName":"ag-grid","lastGlobalUpdate":6,"fieldName":"Login Attempts","dataType":"INTEGER","calculation":false,"fullNodeName":"ag-grid.loginAttempts","localDependencies":[],"globalDependencies":[],"crossDependencies":[],"qualifiedSafeName":"ag-grid.loginAttempts","codeName":"loginAttempts","keyName":"ag-grid.loginAttempts","safeName":"ag-grid.loginAttempts","field":{"id":"Login Attempts","name":"Login Attempts","dirty":false,"incomplete":false,"initialized":false,"type":"INTEGER","required":false,"readOnly":false,"allowNull":false,"zeroOnNull":false,"keyField":false,"sorted":false,"indexed":false,"multiIndex":false,"array":false,"arrayUnique":false,"arrayMaxSize":0,"abstract":false,"static":false,"native":false},"id":48},{"nodeId":49,"legendPosition":27,"entityName":"ag-grid","lastGlobalUpdate":6,"fieldName":"Force Change Password","dataType":"BOOLEAN","calculation":false,"fullNodeName":"ag-grid.forceChangePassword","localDependencies":[],"globalDependencies":[],"crossDependencies":[],"qualifiedSafeName":"ag-grid.forceChangePassword","codeName":"forceChangePassword","keyName":"ag-grid.forceChangePassword","safeName":"ag-grid.forceChangePassword","field":{"id":"Force Change Password","name":"Force Change Password","dirty":false,"incomplete":false,"initialized":false,"type":"BOOLEAN","required":false,"readOnly":false,"allowNull":false,"zeroOnNull":false,"keyField":false,"sorted":false,"indexed":false,"multiIndex":false,"array":false,"arrayUnique":false,"arrayMaxSize":0,"abstract":false,"static":false,"native":false},"id":49},{"nodeId":50,"legendPosition":28,"entityName":"ag-grid","lastGlobalUpdate":6,"fieldName":"Agreed To Terms And Conditions","dataType":"BOOLEAN","calculation":false,"fullNodeName":"ag-grid.agreedToTermsAndConditions","localDependencies":[],"globalDependencies":[],"crossDependencies":[],"qualifiedSafeName":"ag-grid.agreedToTermsAndConditions","codeName":"agreedToTermsAndConditions","keyName":"ag-grid.agreedToTermsAndConditions","safeName":"ag-grid.agreedToTermsAndConditions","field":{"id":"Agreed To Terms And Conditions","name":"Agreed To Terms And Conditions","dirty":false,"incomplete":false,"initialized":false,"type":"BOOLEAN","required":false,"readOnly":false,"allowNull":false,"zeroOnNull":false,"keyField":false,"sorted":false,"indexed":false,"multiIndex":false,"array":false,"arrayUnique":false,"arrayMaxSize":0,"abstract":false,"static":false,"native":false},"id":50},{"nodeId":51,"legendPosition":29,"entityName":"ag-grid","lastGlobalUpdate":6,"fieldName":"Share Contact Info","dataType":"BOOLEAN","calculation":false,"fullNodeName":"ag-grid.shareContactInfo","localDependencies":[],"globalDependencies":[],"crossDependencies":[],"qualifiedSafeName":"ag-grid.shareContactInfo","codeName":"shareContactInfo","keyName":"ag-grid.shareContactInfo","safeName":"ag-grid.shareContactInfo","field":{"id":"Share Contact Info","name":"Share Contact Info","dirty":false,"incomplete":false,"initialized":false,"type":"BOOLEAN","required":false,"readOnly":false,"allowNull":false,"zeroOnNull":false,"keyField":false,"sorted":false,"indexed":false,"multiIndex":false,"array":false,"arrayUnique":false,"arrayMaxSize":0,"abstract":false,"static":false,"native":false},"id":51},{"nodeId":52,"legendPosition":30,"entityName":"ag-grid","lastGlobalUpdate":6,"fieldName":"Display Theme","dataType":"TEXT","calculation":false,"fullNodeName":"ag-grid.displayTheme","localDependencies":[],"globalDependencies":[],"crossDependencies":[],"qualifiedSafeName":"ag-grid.displayTheme","codeName":"displayTheme","keyName":"ag-grid.displayTheme","safeName":"ag-grid.displayTheme","field":{"id":"Display Theme","name":"Display Theme","dirty":false,"incomplete":false,"initialized":false,"type":"TEXT","required":false,"readOnly":false,"allowNull":false,"zeroOnNull":false,"keyField":false,"sorted":false,"indexed":false,"multiIndex":false,"array":false,"arrayUnique":false,"arrayMaxSize":0,"abstract":false,"static":false,"native":false},"id":52},{"nodeId":53,"legendPosition":31,"entityName":"ag-grid","lastGlobalUpdate":6,"fieldName":"View Mode","dataType":"TEXT","calculation":false,"fullNodeName":"ag-grid.viewMode","localDependencies":[],"globalDependencies":[],"crossDependencies":[],"qualifiedSafeName":"ag-grid.viewMode","codeName":"viewMode","keyName":"ag-grid.viewMode","safeName":"ag-grid.viewMode","field":{"id":"View Mode","name":"View Mode","dirty":false,"incomplete":false,"initialized":false,"type":"TEXT","required":false,"readOnly":false,"allowNull":false,"zeroOnNull":false,"keyField":false,"sorted":false,"indexed":false,"multiIndex":false,"array":false,"arrayUnique":false,"arrayMaxSize":0,"abstract":false,"static":false,"native":false},"id":53},{"nodeId":54,"legendPosition":32,"entityName":"ag-grid","lastGlobalUpdate":6,"fieldName":"Auth Provider","dataType":"ANY","calculation":false,"fullNodeName":"ag-grid.authProvider","localDependencies":[],"globalDependencies":[],"crossDependencies":[],"qualifiedSafeName":"ag-grid.authProvider","codeName":"authProvider","keyName":"ag-grid.authProvider","safeName":"ag-grid.authProvider","field":{"id":"Auth Provider","name":"Auth Provider","dirty":false,"incomplete":false,"initialized":false,"type":"ANY","required":false,"readOnly":false,"allowNull":false,"zeroOnNull":false,"keyField":false,"sorted":false,"indexed":false,"multiIndex":false,"array":false,"arrayUnique":false,"arrayMaxSize":0,"abstract":false,"static":false,"native":false},"id":54},{"nodeId":55,"legendPosition":33,"entityName":"ag-grid","lastGlobalUpdate":6,"fieldName":"User Image","dataType":"ANY","calculation":false,"fullNodeName":"ag-grid.userImage","localDependencies":[],"globalDependencies":[],"crossDependencies":[],"qualifiedSafeName":"ag-grid.userImage","codeName":"userImage","keyName":"ag-grid.userImage","safeName":"ag-grid.userImage","field":{"id":"User Image","name":"User Image","dirty":false,"incomplete":false,"initialized":false,"type":"ANY","required":false,"readOnly":false,"allowNull":false,"zeroOnNull":false,"keyField":false,"sorted":false,"indexed":false,"multiIndex":false,"array":false,"arrayUnique":false,"arrayMaxSize":0,"abstract":false,"static":false,"native":false},"id":55},{"nodeId":56,"legendPosition":34,"entityName":"ag-grid","lastGlobalUpdate":6,"fieldName":"Authorities","dataType":"TEXT","calculation":false,"fullNodeName":"ag-grid.authorities","localDependencies":[],"globalDependencies":[],"crossDependencies":[],"qualifiedSafeName":"ag-grid.authorities","codeName":"authorities","keyName":"ag-grid.authorities","safeName":"ag-grid.authorities","field":{"id":"Authorities","name":"Authorities","dirty":false,"incomplete":false,"initialized":false,"type":"TEXT","required":false,"readOnly":false,"allowNull":false,"zeroOnNull":false,"keyField":false,"sorted":false,"indexed":false,"multiIndex":false,"array":false,"arrayUnique":false,"arrayMaxSize":0,"abstract":false,"static":false,"native":false},"id":56},{"nodeId":57,"legendPosition":35,"entityName":"ag-grid","lastGlobalUpdate":6,"fieldName":"Enabled","dataType":"BOOLEAN","calculation":false,"fullNodeName":"ag-grid.enabled","localDependencies":[],"globalDependencies":[],"crossDependencies":[],"qualifiedSafeName":"ag-grid.enabled","codeName":"enabled","keyName":"ag-grid.enabled","safeName":"ag-grid.enabled","field":{"id":"Enabled","name":"Enabled","dirty":false,"incomplete":false,"initialized":false,"type":"BOOLEAN","required":false,"readOnly":false,"allowNull":false,"zeroOnNull":false,"keyField":false,"sorted":false,"indexed":false,"multiIndex":false,"array":false,"arrayUnique":false,"arrayMaxSize":0,"abstract":false,"static":false,"native":false},"id":57},{"nodeId":58,"legendPosition":36,"entityName":"ag-grid","lastGlobalUpdate":6,"fieldName":"Groups","dataType":"ANY","calculation":false,"fullNodeName":"ag-grid.groups","localDependencies":[],"globalDependencies":[],"crossDependencies":[],"qualifiedSafeName":"ag-grid.groups","codeName":"groups","keyName":"ag-grid.groups","safeName":"ag-grid.groups","field":{"id":"Groups","name":"Groups","dirty":false,"incomplete":false,"initialized":false,"type":"ANY","required":false,"readOnly":false,"allowNull":false,"zeroOnNull":false,"keyField":false,"sorted":false,"indexed":false,"multiIndex":false,"array":false,"arrayUnique":false,"arrayMaxSize":0,"abstract":false,"static":false,"native":false},"id":58},{"nodeId":59,"legendPosition":37,"entityName":"ag-grid","lastGlobalUpdate":6,"fieldName":"sourceName","dataType":"TEXT","calculation":false,"fullNodeName":"ag-grid.sourceName","localDependencies":[],"globalDependencies":[],"crossDependencies":[],"qualifiedSafeName":"ag-grid.sourceName","codeName":"sourceName","keyName":"ag-grid.sourceName","safeName":"ag-grid.sourceName","field":{"id":"sourceName","name":"sourceName","dirty":false,"incomplete":false,"initialized":false,"type":"TEXT","required":false,"readOnly":false,"allowNull":false,"zeroOnNull":false,"keyField":false,"sorted":false,"indexed":false,"multiIndex":false,"array":false,"arrayUnique":false,"arrayMaxSize":0,"abstract":false,"static":false,"native":false},"id":59},{"nodeId":60,"legendPosition":38,"entityName":"ag-grid","lastGlobalUpdate":6,"fieldName":"lineNumber","dataType":"INTEGER","calculation":false,"fullNodeName":"ag-grid.lineNumber","localDependencies":[],"globalDependencies":[],"crossDependencies":[],"qualifiedSafeName":"ag-grid.lineNumber","codeName":"lineNumber","keyName":"ag-grid.lineNumber","safeName":"ag-grid.lineNumber","field":{"id":"lineNumber","name":"lineNumber","dirty":false,"incomplete":false,"initialized":false,"type":"INTEGER","required":false,"readOnly":false,"allowNull":false,"zeroOnNull":false,"keyField":false,"sorted":false,"indexed":false,"multiIndex":false,"array":false,"arrayUnique":false,"arrayMaxSize":0,"abstract":false,"static":false,"native":false},"id":60},{"nodeId":0,"legendPosition":39,"entityName":"ag-grid","fieldName":"view_id_","dataType":"INTEGER","calculation":false,"localDependencies":[],"globalDependencies":[],"crossDependencies":[],"codeName":"view_id_","field":{"id":"view_id_","name":"view_id_","dirty":false,"incomplete":false,"initialized":false,"type":"INTEGER","required":false,"readOnly":false,"allowNull":false,"zeroOnNull":false,"keyField":false,"sorted":false,"indexed":false,"multiIndex":false,"array":false,"arrayUnique":false,"arrayMaxSize":0,"abstract":false,"static":false,"native":false},"id":0},{"nodeId":0,"legendPosition":40,"entityName":"ag-grid","fieldName":"view_name","dataType":"TEXT","calculation":false,"localDependencies":[],"globalDependencies":[],"crossDependencies":[],"codeName":"view_name","field":{"id":"view_name","name":"view_name","dirty":false,"incomplete":false,"initialized":false,"type":"TEXT","required":false,"readOnly":false,"allowNull":false,"zeroOnNull":false,"keyField":false,"sorted":false,"indexed":false,"multiIndex":false,"array":false,"arrayUnique":false,"arrayMaxSize":0,"abstract":false,"static":false,"native":false},"id":0},{"nodeId":0,"legendPosition":41,"entityName":"ag-grid","fieldName":"view_accountId","dataType":"TEXT","calculation":false,"localDependencies":[],"globalDependencies":[],"crossDependencies":[],"codeName":"view_accountId","field":{"id":"view_accountId","name":"view_accountId","dirty":false,"incomplete":false,"initialized":false,"type":"TEXT","required":false,"readOnly":false,"allowNull":false,"zeroOnNull":false,"keyField":false,"sorted":false,"indexed":false,"multiIndex":false,"array":false,"arrayUnique":false,"arrayMaxSize":0,"abstract":false,"static":false,"native":false},"id":0},{"nodeId":0,"legendPosition":42,"entityName":"ag-grid","fieldName":"view_userType","dataType":"TEXT","calculation":false,"localDependencies":[],"globalDependencies":[],"crossDependencies":[],"codeName":"view_userType","field":{"id":"view_userType","name":"view_userType","dirty":false,"incomplete":false,"initialized":false,"type":"TEXT","required":false,"readOnly":false,"allowNull":false,"zeroOnNull":false,"keyField":false,"sorted":false,"indexed":false,"multiIndex":false,"array":false,"arrayUnique":false,"arrayMaxSize":0,"abstract":false,"static":false,"native":false},"id":0},{"nodeId":0,"legendPosition":43,"entityName":"ag-grid","fieldName":"view_firstName","dataType":"TEXT","calculation":false,"localDependencies":[],"globalDependencies":[],"crossDependencies":[],"codeName":"view_firstName","field":{"id":"view_firstName","name":"view_firstName","dirty":false,"incomplete":false,"initialized":false,"type":"TEXT","required":false,"readOnly":false,"allowNull":false,"zeroOnNull":false,"keyField":false,"sorted":false,"indexed":false,"multiIndex":false,"array":false,"arrayUnique":false,"arrayMaxSize":0,"abstract":false,"static":false,"native":false},"id":0},{"nodeId":0,"legendPosition":44,"entityName":"ag-grid","fieldName":"view_lastName","dataType":"TEXT","calculation":false,"localDependencies":[],"globalDependencies":[],"crossDependencies":[],"codeName":"view_lastName","field":{"id":"view_lastName","name":"view_lastName","dirty":false,"incomplete":false,"initialized":false,"type":"TEXT","required":false,"readOnly":false,"allowNull":false,"zeroOnNull":false,"keyField":false,"sorted":false,"indexed":false,"multiIndex":false,"array":false,"arrayUnique":false,"arrayMaxSize":0,"abstract":false,"static":false,"native":false},"id":0},{"nodeId":0,"legendPosition":45,"entityName":"ag-grid","fieldName":"view_eMail","dataType":"TEXT","calculation":false,"localDependencies":[],"globalDependencies":[],"crossDependencies":[],"codeName":"view_eMail","field":{"id":"view_eMail","name":"view_eMail","dirty":false,"incomplete":false,"initialized":false,"type":"TEXT","required":false,"readOnly":false,"allowNull":false,"zeroOnNull":false,"keyField":false,"sorted":false,"indexed":false,"multiIndex":false,"array":false,"arrayUnique":false,"arrayMaxSize":0,"abstract":false,"static":false,"native":false},"id":0},{"nodeId":0,"legendPosition":46,"entityName":"ag-grid","fieldName":"view_organizationId","dataType":"TEXT","calculation":false,"localDependencies":[],"globalDependencies":[],"crossDependencies":[],"codeName":"view_organizationId","field":{"id":"view_organizationId","name":"view_organizationId","dirty":false,"incomplete":false,"initialized":false,"type":"TEXT","required":false,"readOnly":false,"allowNull":false,"zeroOnNull":false,"keyField":false,"sorted":false,"indexed":false,"multiIndex":false,"array":false,"arrayUnique":false,"arrayMaxSize":0,"abstract":false,"static":false,"native":false},"id":0},{"nodeId":0,"legendPosition":47,"entityName":"ag-grid","fieldName":"view_lastLogin","dataType":"DATETIME","calculation":false,"localDependencies":[],"globalDependencies":[],"crossDependencies":[],"codeName":"view_lastLogin","field":{"id":"view_lastLogin","name":"view_lastLogin","dirty":false,"incomplete":false,"initialized":false,"type":"DATETIME","required":false,"readOnly":false,"allowNull":false,"zeroOnNull":false,"keyField":false,"sorted":false,"indexed":false,"multiIndex":false,"array":false,"arrayUnique":false,"arrayMaxSize":0,"abstract":false,"static":false,"native":false},"id":0},{"nodeId":0,"legendPosition":48,"entityName":"ag-grid","fieldName":"view_lastUpdated","dataType":"DATETIME","calculation":false,"localDependencies":[],"globalDependencies":[],"crossDependencies":[],"codeName":"view_lastUpdated","field":{"id":"view_lastUpdated","name":"view_lastUpdated","dirty":false,"incomplete":false,"initialized":false,"type":"DATETIME","required":false,"readOnly":false,"allowNull":false,"zeroOnNull":false,"keyField":false,"sorted":false,"indexed":false,"multiIndex":false,"array":false,"arrayUnique":false,"arrayMaxSize":0,"abstract":false,"static":false,"native":false},"id":0},{"nodeId":0,"legendPosition":49,"entityName":"ag-grid","fieldName":"view_lastUpdatedBy","dataType":"TEXT","calculation":false,"localDependencies":[],"globalDependencies":[],"crossDependencies":[],"codeName":"view_lastUpdatedBy","field":{"id":"view_lastUpdatedBy","name":"view_lastUpdatedBy","dirty":false,"incomplete":false,"initialized":false,"type":"TEXT","required":false,"readOnly":false,"allowNull":false,"zeroOnNull":false,"keyField":false,"sorted":false,"indexed":false,"multiIndex":false,"array":false,"arrayUnique":false,"arrayMaxSize":0,"abstract":false,"static":false,"native":false},"id":0},{"nodeId":0,"legendPosition":50,"entityName":"ag-grid","fieldName":"view_created","dataType":"DATETIME","calculation":false,"localDependencies":[],"globalDependencies":[],"crossDependencies":[],"codeName":"view_created","field":{"id":"view_created","name":"view_created","dirty":false,"incomplete":false,"initialized":false,"type":"DATETIME","required":false,"readOnly":false,"allowNull":false,"zeroOnNull":false,"keyField":false,"sorted":false,"indexed":false,"multiIndex":false,"array":false,"arrayUnique":false,"arrayMaxSize":0,"abstract":false,"static":false,"native":false},"id":0},{"nodeId":0,"legendPosition":51,"entityName":"ag-grid","fieldName":"view_createdBy","dataType":"TEXT","calculation":false,"localDependencies":[],"globalDependencies":[],"crossDependencies":[],"codeName":"view_createdBy","field":{"id":"view_createdBy","name":"view_createdBy","dirty":false,"incomplete":false,"initialized":false,"type":"TEXT","required":false,"readOnly":false,"allowNull":false,"zeroOnNull":false,"keyField":false,"sorted":false,"indexed":false,"multiIndex":false,"array":false,"arrayUnique":false,"arrayMaxSize":0,"abstract":false,"static":false,"native":false},"id":0},{"nodeId":0,"legendPosition":52,"entityName":"ag-grid","fieldName":"view_loginAttempts","dataType":"INTEGER","calculation":false,"localDependencies":[],"globalDependencies":[],"crossDependencies":[],"codeName":"view_loginAttempts","field":{"id":"view_loginAttempts","name":"view_loginAttempts","dirty":false,"incomplete":false,"initialized":false,"type":"INTEGER","required":false,"readOnly":false,"allowNull":false,"zeroOnNull":false,"keyField":false,"sorted":false,"indexed":false,"multiIndex":false,"array":false,"arrayUnique":false,"arrayMaxSize":0,"abstract":false,"static":false,"native":false},"id":0},{"nodeId":0,"legendPosition":53,"entityName":"ag-grid","fieldName":"view_forceChangePassword","dataType":"BOOLEAN","calculation":false,"localDependencies":[],"globalDependencies":[],"crossDependencies":[],"codeName":"view_forceChangePassword","field":{"id":"view_forceChangePassword","name":"view_forceChangePassword","dirty":false,"incomplete":false,"initialized":false,"type":"BOOLEAN","required":false,"readOnly":false,"allowNull":false,"zeroOnNull":false,"keyField":false,"sorted":false,"indexed":false,"multiIndex":false,"array":false,"arrayUnique":false,"arrayMaxSize":0,"abstract":false,"static":false,"native":false},"id":0},{"nodeId":0,"legendPosition":54,"entityName":"ag-grid","fieldName":"view_agreedToTermsAndConditions","dataType":"BOOLEAN","calculation":false,"localDependencies":[],"globalDependencies":[],"crossDependencies":[],"codeName":"view_agreedToTermsAndConditions","field":{"id":"view_agreedToTermsAndConditions","name":"view_agreedToTermsAndConditions","dirty":false,"incomplete":false,"initialized":false,"type":"BOOLEAN","required":false,"readOnly":false,"allowNull":false,"zeroOnNull":false,"keyField":false,"sorted":false,"indexed":false,"multiIndex":false,"array":false,"arrayUnique":false,"arrayMaxSize":0,"abstract":false,"static":false,"native":false},"id":0},{"nodeId":0,"legendPosition":55,"entityName":"ag-grid","fieldName":"view_shareContactInfo","dataType":"BOOLEAN","calculation":false,"localDependencies":[],"globalDependencies":[],"crossDependencies":[],"codeName":"view_shareContactInfo","field":{"id":"view_shareContactInfo","name":"view_shareContactInfo","dirty":false,"incomplete":false,"initialized":false,"type":"BOOLEAN","required":false,"readOnly":false,"allowNull":false,"zeroOnNull":false,"keyField":false,"sorted":false,"indexed":false,"multiIndex":false,"array":false,"arrayUnique":false,"arrayMaxSize":0,"abstract":false,"static":false,"native":false},"id":0},{"nodeId":0,"legendPosition":56,"entityName":"ag-grid","fieldName":"view_displayTheme","dataType":"TEXT","calculation":false,"localDependencies":[],"globalDependencies":[],"crossDependencies":[],"codeName":"view_displayTheme","field":{"id":"view_displayTheme","name":"view_displayTheme","dirty":false,"incomplete":false,"initialized":false,"type":"TEXT","required":false,"readOnly":false,"allowNull":false,"zeroOnNull":false,"keyField":false,"sorted":false,"indexed":false,"multiIndex":false,"array":false,"arrayUnique":false,"arrayMaxSize":0,"abstract":false,"static":false,"native":false},"id":0},{"nodeId":0,"legendPosition":57,"entityName":"ag-grid","fieldName":"view_viewMode","dataType":"TEXT","calculation":false,"localDependencies":[],"globalDependencies":[],"crossDependencies":[],"codeName":"view_viewMode","field":{"id":"view_viewMode","name":"view_viewMode","dirty":false,"incomplete":false,"initialized":false,"type":"TEXT","required":false,"readOnly":false,"allowNull":false,"zeroOnNull":false,"keyField":false,"sorted":false,"indexed":false,"multiIndex":false,"array":false,"arrayUnique":false,"arrayMaxSize":0,"abstract":false,"static":false,"native":false},"id":0},{"nodeId":0,"legendPosition":58,"entityName":"ag-grid","fieldName":"view_authProvider","dataType":"ANY","calculation":false,"localDependencies":[],"globalDependencies":[],"crossDependencies":[],"codeName":"view_authProvider","field":{"id":"view_authProvider","name":"view_authProvider","dirty":false,"incomplete":false,"initialized":false,"type":"ANY","required":false,"readOnly":false,"allowNull":false,"zeroOnNull":false,"keyField":false,"sorted":false,"indexed":false,"multiIndex":false,"array":false,"arrayUnique":false,"arrayMaxSize":0,"abstract":false,"static":false,"native":false},"id":0},{"nodeId":0,"legendPosition":59,"entityName":"ag-grid","fieldName":"view_userImage","dataType":"ANY","calculation":false,"localDependencies":[],"globalDependencies":[],"crossDependencies":[],"codeName":"view_userImage","field":{"id":"view_userImage","name":"view_userImage","dirty":false,"incomplete":false,"initialized":false,"type":"ANY","required":false,"readOnly":false,"allowNull":false,"zeroOnNull":false,"keyField":false,"sorted":false,"indexed":false,"multiIndex":false,"array":false,"arrayUnique":false,"arrayMaxSize":0,"abstract":false,"static":false,"native":false},"id":0},{"nodeId":0,"legendPosition":60,"entityName":"ag-grid","fieldName":"view_authorities","dataType":"TEXT","calculation":false,"localDependencies":[],"globalDependencies":[],"crossDependencies":[],"codeName":"view_authorities","field":{"id":"view_authorities","name":"view_authorities","dirty":false,"incomplete":false,"initialized":false,"type":"TEXT","required":false,"readOnly":false,"allowNull":false,"zeroOnNull":false,"keyField":false,"sorted":false,"indexed":false,"multiIndex":false,"array":false,"arrayUnique":false,"arrayMaxSize":0,"abstract":false,"static":false,"native":false},"id":0},{"nodeId":0,"legendPosition":61,"entityName":"ag-grid","fieldName":"view_enabled","dataType":"BOOLEAN","calculation":false,"localDependencies":[],"globalDependencies":[],"crossDependencies":[],"codeName":"view_enabled","field":{"id":"view_enabled","name":"view_enabled","dirty":false,"incomplete":false,"initialized":false,"type":"BOOLEAN","required":false,"readOnly":false,"allowNull":false,"zeroOnNull":false,"keyField":false,"sorted":false,"indexed":false,"multiIndex":false,"array":false,"arrayUnique":false,"arrayMaxSize":0,"abstract":false,"static":false,"native":false},"id":0},{"nodeId":0,"legendPosition":62,"entityName":"ag-grid","fieldName":"view_groups","dataType":"ANY","calculation":false,"localDependencies":[],"globalDependencies":[],"crossDependencies":[],"codeName":"view_groups","field":{"id":"view_groups","name":"view_groups","dirty":false,"incomplete":false,"initialized":false,"type":"ANY","required":false,"readOnly":false,"allowNull":false,"zeroOnNull":false,"keyField":false,"sorted":false,"indexed":false,"multiIndex":false,"array":false,"arrayUnique":false,"arrayMaxSize":0,"abstract":false,"static":false,"native":false},"id":0},{"nodeId":0,"legendPosition":63,"entityName":"ag-grid","fieldName":"view_sourceName","dataType":"TEXT","calculation":false,"localDependencies":[],"globalDependencies":[],"crossDependencies":[],"codeName":"view_sourceName","field":{"id":"view_sourceName","name":"view_sourceName","dirty":false,"incomplete":false,"initialized":false,"type":"TEXT","required":false,"readOnly":false,"allowNull":false,"zeroOnNull":false,"keyField":false,"sorted":false,"indexed":false,"multiIndex":false,"array":false,"arrayUnique":false,"arrayMaxSize":0,"abstract":false,"static":false,"native":false},"id":0},{"nodeId":0,"legendPosition":64,"entityName":"ag-grid","fieldName":"view_lineNumber","dataType":"INTEGER","calculation":false,"localDependencies":[],"globalDependencies":[],"crossDependencies":[],"codeName":"view_lineNumber","field":{"id":"view_lineNumber","name":"view_lineNumber","dirty":false,"incomplete":false,"initialized":false,"type":"INTEGER","required":false,"readOnly":false,"allowNull":false,"zeroOnNull":false,"keyField":false,"sorted":false,"indexed":false,"multiIndex":false,"array":false,"arrayUnique":false,"arrayMaxSize":0,"abstract":false,"static":false,"native":false},"id":0}],"id":0}
