{"configType":"model","entityName":"aaa","numFields":16,"lastUpdate":4,"version":-1807132653,"dependencyInfos":[{"nodeId":4,"legendPosition":0,"entityName":"aaa","lastGlobalUpdate":4,"fieldName":"id","dataType":"INTEGER","calculation":false,"fullNodeName":"aaa.id","localDependencies":[],"globalDependencies":[],"crossDependencies":[],"qualifiedSafeName":"aaa.id","codeName":"id","keyName":"aaa.id","safeName":"aaa.id","field":{"id":"id","name":"id","dirty":false,"incomplete":false,"initialized":false,"type":"INTEGER","required":false,"readOnly":false,"allowNull":false,"zeroOnNull":false,"keyField":false,"sorted":false,"indexed":false,"multiIndex":false,"array":false,"arrayUnique":false,"arrayMaxSize":0,"static":false,"abstract":false,"native":false},"id":4},{"nodeId":5,"legendPosition":1,"entityName":"aaa","lastGlobalUpdate":4,"fieldName":"version","dataType":"INTEGER","calculation":false,"fullNodeName":"aaa.version","localDependencies":[],"globalDependencies":[],"crossDependencies":[],"qualifiedSafeName":"aaa.version","codeName":"version","keyName":"aaa.version","safeName":"aaa.version","field":{"id":"version","name":"version","dirty":false,"incomplete":false,"initialized":false,"type":"INTEGER","required":false,"readOnly":false,"allowNull":false,"zeroOnNull":false,"keyField":false,"sorted":false,"indexed":false,"multiIndex":false,"array":false,"arrayUnique":false,"arrayMaxSize":0,"static":false,"abstract":false,"native":false},"id":5},{"nodeId":6,"legendPosition":2,"entityName":"aaa","lastGlobalUpdate":4,"fieldName":"ruleResults","dataType":"RAW","calculation":false,"fullNodeName":"aaa.ruleResults","localDependencies":[],"globalDependencies":[],"crossDependencies":[],"qualifiedSafeName":"aaa.ruleResults","codeName":"ruleResults","keyName":"aaa.ruleResults","safeName":"aaa.ruleResults","field":{"id":"ruleResults","name":"ruleResults","dirty":false,"incomplete":false,"initialized":false,"type":"RAW","required":false,"readOnly":false,"allowNull":false,"zeroOnNull":false,"keyField":false,"sorted":false,"indexed":false,"multiIndex":false,"array":true,"arrayUnique":false,"arrayMaxSize":0,"static":false,"abstract":false,"native":false},"id":6},{"nodeId":7,"legendPosition":3,"entityName":"aaa","lastGlobalUpdate":4,"fieldName":"errors","dataType":"RAW","calculation":false,"fullNodeName":"aaa.errors","localDependencies":[],"globalDependencies":[],"crossDependencies":[],"qualifiedSafeName":"aaa.errors","codeName":"errors","keyName":"aaa.errors","safeName":"aaa.errors","field":{"id":"errors","name":"errors","dirty":false,"incomplete":false,"initialized":false,"type":"RAW","required":false,"readOnly":false,"allowNull":false,"zeroOnNull":false,"keyField":false,"sorted":false,"indexed":false,"multiIndex":false,"array":true,"arrayUnique":false,"arrayMaxSize":0,"static":false,"abstract":false,"native":false},"id":7},{"nodeId":8,"legendPosition":4,"entityName":"aaa","lastGlobalUpdate":4,"fieldName":"name","dataType":"TEXT","calculation":false,"fullNodeName":"aaa.name","localDependencies":[],"globalDependencies":[],"crossDependencies":[],"qualifiedSafeName":"aaa.name","codeName":"name","keyName":"aaa.name","safeName":"aaa.name","field":{"id":"name","name":"name","dirty":false,"incomplete":false,"initialized":false,"type":"TEXT","required":false,"readOnly":false,"allowNull":false,"zeroOnNull":false,"keyField":false,"sorted":false,"indexed":false,"multiIndex":false,"array":false,"arrayUnique":false,"arrayMaxSize":0,"static":false,"abstract":false,"native":false},"id":8},{"nodeId":9,"legendPosition":5,"entityName":"aaa","lastGlobalUpdate":4,"fieldName":"entityName","dataType":"TEXT","calculation":false,"fullNodeName":"aaa.entityName","localDependencies":[],"globalDependencies":[],"crossDependencies":[],"qualifiedSafeName":"aaa.entityName","codeName":"entityName","keyName":"aaa.entityName","safeName":"aaa.entityName","field":{"id":"entityName","name":"entityName","dirty":false,"incomplete":false,"initialized":false,"type":"TEXT","required":false,"readOnly":false,"allowNull":false,"zeroOnNull":false,"keyField":false,"sorted":false,"indexed":false,"multiIndex":false,"array":false,"arrayUnique":false,"arrayMaxSize":0,"static":false,"abstract":false,"native":false},"id":9},{"nodeId":10,"legendPosition":6,"entityName":"aaa","lastGlobalUpdate":4,"fieldName":"key","dataType":"TEXT","calculation":false,"fullNodeName":"aaa.key","localDependencies":[],"globalDependencies":[],"crossDependencies":[],"qualifiedSafeName":"aaa.key","codeName":"key","keyName":"aaa.key","safeName":"aaa.key","field":{"id":"key","name":"key","dirty":false,"incomplete":false,"initialized":false,"type":"TEXT","required":false,"readOnly":false,"allowNull":false,"zeroOnNull":false,"keyField":false,"sorted":false,"indexed":false,"multiIndex":false,"array":false,"arrayUnique":false,"arrayMaxSize":0,"static":false,"abstract":false,"native":false},"id":10},{"nodeId":11,"legendPosition":7,"entityName":"aaa","lastGlobalUpdate":4,"fieldName":"seriesValue","dataType":"ANY","calculation":false,"fullNodeName":"aaa.seriesValue","localDependencies":[],"globalDependencies":[],"crossDependencies":[],"qualifiedSafeName":"aaa.seriesValue","codeName":"seriesValue","keyName":"aaa.seriesValue","safeName":"aaa.seriesValue","field":{"id":"seriesValue","name":"seriesValue","dirty":false,"incomplete":false,"initialized":false,"type":"ANY","required":false,"readOnly":false,"allowNull":false,"zeroOnNull":false,"keyField":false,"sorted":false,"indexed":false,"multiIndex":false,"array":false,"arrayUnique":false,"arrayMaxSize":0,"static":false,"abstract":false,"native":false},"id":11},{"nodeId":12,"legendPosition":8,"entityName":"aaa","lastGlobalUpdate":4,"fieldName":"keyPrior","dataType":"DATAITEM","calculation":false,"fullNodeName":"aaa.keyPrior","localDependencies":[],"globalDependencies":[],"crossDependencies":[],"qualifiedSafeName":"aaa.keyPrior","codeName":"keyPrior","keyName":"aaa.keyPrior","safeName":"aaa.keyPrior","field":{"id":"keyPrior","name":"keyPrior","dirty":false,"incomplete":false,"initialized":false,"type":"DATAITEM","required":false,"readOnly":false,"allowNull":false,"zeroOnNull":false,"keyField":false,"sorted":false,"indexed":false,"multiIndex":false,"array":false,"arrayUnique":false,"arrayMaxSize":0,"static":false,"abstract":false,"native":false},"id":12},{"nodeId":13,"legendPosition":9,"entityName":"aaa","lastGlobalUpdate":4,"fieldName":"keyNext","dataType":"DATAITEM","calculation":false,"fullNodeName":"aaa.keyNext","localDependencies":[],"globalDependencies":[],"crossDependencies":[],"qualifiedSafeName":"aaa.keyNext","codeName":"keyNext","keyName":"aaa.keyNext","safeName":"aaa.keyNext","field":{"id":"keyNext","name":"keyNext","dirty":false,"incomplete":false,"initialized":false,"type":"DATAITEM","required":false,"readOnly":false,"allowNull":false,"zeroOnNull":false,"keyField":false,"sorted":false,"indexed":false,"multiIndex":false,"array":false,"arrayUnique":false,"arrayMaxSize":0,"static":false,"abstract":false,"native":false},"id":13},{"nodeId":14,"legendPosition":10,"entityName":"aaa","lastGlobalUpdate":4,"fieldName":"keyPosition","dataType":"INTEGER","calculation":false,"fullNodeName":"aaa.keyPosition","localDependencies":[],"globalDependencies":[],"crossDependencies":[],"qualifiedSafeName":"aaa.keyPosition","codeName":"keyPosition","keyName":"aaa.keyPosition","safeName":"aaa.keyPosition","field":{"id":"keyPosition","name":"keyPosition","dirty":false,"incomplete":false,"initialized":false,"type":"INTEGER","required":false,"readOnly":false,"allowNull":false,"zeroOnNull":false,"keyField":false,"sorted":false,"indexed":false,"multiIndex":false,"array":false,"arrayUnique":false,"arrayMaxSize":0,"static":false,"abstract":false,"native":false},"id":14},{"nodeId":15,"legendPosition":11,"entityName":"aaa","lastGlobalUpdate":4,"fieldName":"keyNavigation","dataType":"ANY","calculation":false,"fullNodeName":"aaa.keyNavigation","localDependencies":[],"globalDependencies":[],"crossDependencies":[],"qualifiedSafeName":"aaa.keyNavigation","codeName":"keyNavigation","keyName":"aaa.keyNavigation","safeName":"aaa.keyNavigation","field":{"id":"keyNavigation","name":"keyNavigation","dirty":false,"incomplete":false,"initialized":false,"type":"ANY","required":false,"readOnly":false,"allowNull":false,"zeroOnNull":false,"keyField":false,"sorted":false,"indexed":false,"multiIndex":false,"array":false,"arrayUnique":false,"arrayMaxSize":0,"static":false,"abstract":false,"native":false},"id":15},{"nodeId":16,"legendPosition":12,"entityName":"aaa","lastGlobalUpdate":4,"fieldName":"model","dataType":"DATAITEM","calculation":false,"fullNodeName":"aaa.model","localDependencies":[],"globalDependencies":[],"crossDependencies":[],"qualifiedSafeName":"aaa.model","codeName":"model","keyName":"aaa.model","safeName":"aaa.model","field":{"id":"model","name":"model","dirty":false,"incomplete":false,"initialized":false,"type":"DATAITEM","required":false,"readOnly":false,"allowNull":false,"zeroOnNull":false,"keyField":false,"sorted":false,"indexed":false,"multiIndex":false,"array":false,"arrayUnique":false,"arrayMaxSize":0,"static":false,"abstract":false,"native":false},"id":16},{"nodeId":0,"legendPosition":13,"entityName":"aaa","fieldName":"aaaSeries","dataType":"ANY","calculation":false,"localDependencies":[],"globalDependencies":[],"crossDependencies":[],"codeName":"aaaSeries","field":{"id":"aaaSeries","name":"aaaSeries","dirty":false,"incomplete":false,"initialized":false,"type":"ANY","required":false,"readOnly":false,"allowNull":false,"zeroOnNull":false,"keyField":false,"sorted":false,"indexed":false,"multiIndex":false,"array":false,"arrayUnique":false,"arrayMaxSize":0,"static":false,"abstract":false,"native":false},"id":0},{"nodeId":0,"legendPosition":14,"entityName":"aaa","fieldName":"view_id_","dataType":"INTEGER","calculation":false,"localDependencies":[],"globalDependencies":[],"crossDependencies":[],"codeName":"view_id_","field":{"id":"view_id_","name":"view_id_","dirty":false,"incomplete":false,"initialized":false,"type":"INTEGER","required":false,"readOnly":false,"allowNull":false,"zeroOnNull":false,"keyField":false,"sorted":false,"indexed":false,"multiIndex":false,"array":false,"arrayUnique":false,"arrayMaxSize":0,"static":false,"abstract":false,"native":false},"id":0},{"nodeId":0,"legendPosition":15,"entityName":"aaa","fieldName":"view_aaa","dataType":"ANY","calculation":false,"localDependencies":[],"globalDependencies":[],"crossDependencies":[],"codeName":"view_aaa","field":{"id":"view_aaa","name":"view_aaa","dirty":false,"incomplete":false,"initialized":false,"type":"ANY","required":false,"readOnly":false,"allowNull":false,"zeroOnNull":false,"keyField":false,"sorted":false,"indexed":false,"multiIndex":false,"array":false,"arrayUnique":false,"arrayMaxSize":0,"static":false,"abstract":false,"native":false},"id":0}],"id":0}
