{"configType":"model","entityName":"Model1","numFields":16,"lastUpdate":4,"version":-159408458,"dependencyInfos":[{"nodeId":4,"legendPosition":0,"entityName":"Model1","lastGlobalUpdate":4,"fieldName":"id","dataType":"INTEGER","calculation":false,"fullNodeName":"Model1.id","localDependencies":[],"globalDependencies":[],"crossDependencies":[],"qualifiedSafeName":"Model1.id","codeName":"id","keyName":"Model1.id","safeName":"Model1.id","field":{"id":"id","name":"id","dirty":false,"incomplete":false,"initialized":false,"type":"INTEGER","required":false,"readOnly":false,"allowNull":false,"zeroOnNull":false,"keyField":false,"sorted":false,"indexed":false,"multiIndex":false,"array":false,"arrayUnique":false,"arrayMaxSize":0,"abstract":false,"native":false,"static":false},"id":4},{"nodeId":5,"legendPosition":1,"entityName":"Model1","lastGlobalUpdate":4,"fieldName":"version","dataType":"INTEGER","calculation":false,"fullNodeName":"Model1.version","localDependencies":[],"globalDependencies":[],"crossDependencies":[],"qualifiedSafeName":"Model1.version","codeName":"version","keyName":"Model1.version","safeName":"Model1.version","field":{"id":"version","name":"version","dirty":false,"incomplete":false,"initialized":false,"type":"INTEGER","required":false,"readOnly":false,"allowNull":false,"zeroOnNull":false,"keyField":false,"sorted":false,"indexed":false,"multiIndex":false,"array":false,"arrayUnique":false,"arrayMaxSize":0,"abstract":false,"native":false,"static":false},"id":5},{"nodeId":6,"legendPosition":2,"entityName":"Model1","lastGlobalUpdate":4,"fieldName":"ruleResults","dataType":"RAW","calculation":false,"fullNodeName":"Model1.ruleResults","localDependencies":[],"globalDependencies":[],"crossDependencies":[],"qualifiedSafeName":"Model1.ruleResults","codeName":"ruleResults","keyName":"Model1.ruleResults","safeName":"Model1.ruleResults","field":{"id":"ruleResults","name":"ruleResults","dirty":false,"incomplete":false,"initialized":false,"type":"RAW","required":false,"readOnly":false,"allowNull":false,"zeroOnNull":false,"keyField":false,"sorted":false,"indexed":false,"multiIndex":false,"array":true,"arrayUnique":false,"arrayMaxSize":0,"abstract":false,"native":false,"static":false},"id":6},{"nodeId":7,"legendPosition":3,"entityName":"Model1","lastGlobalUpdate":4,"fieldName":"errors","dataType":"RAW","calculation":false,"fullNodeName":"Model1.errors","localDependencies":[],"globalDependencies":[],"crossDependencies":[],"qualifiedSafeName":"Model1.errors","codeName":"errors","keyName":"Model1.errors","safeName":"Model1.errors","field":{"id":"errors","name":"errors","dirty":false,"incomplete":false,"initialized":false,"type":"RAW","required":false,"readOnly":false,"allowNull":false,"zeroOnNull":false,"keyField":false,"sorted":false,"indexed":false,"multiIndex":false,"array":true,"arrayUnique":false,"arrayMaxSize":0,"abstract":false,"native":false,"static":false},"id":7},{"nodeId":8,"legendPosition":4,"entityName":"Model1","lastGlobalUpdate":4,"fieldName":"name","dataType":"TEXT","calculation":false,"fullNodeName":"Model1.name","localDependencies":[],"globalDependencies":[],"crossDependencies":[],"qualifiedSafeName":"Model1.name","codeName":"name","keyName":"Model1.name","safeName":"Model1.name","field":{"id":"name","name":"name","dirty":false,"incomplete":false,"initialized":false,"type":"TEXT","required":false,"readOnly":false,"allowNull":false,"zeroOnNull":false,"keyField":false,"sorted":false,"indexed":false,"multiIndex":false,"array":false,"arrayUnique":false,"arrayMaxSize":0,"abstract":false,"native":false,"static":false},"id":8},{"nodeId":9,"legendPosition":5,"entityName":"Model1","lastGlobalUpdate":4,"fieldName":"entityName","dataType":"TEXT","calculation":false,"fullNodeName":"Model1.entityName","localDependencies":[],"globalDependencies":[],"crossDependencies":[],"qualifiedSafeName":"Model1.entityName","codeName":"entityName","keyName":"Model1.entityName","safeName":"Model1.entityName","field":{"id":"entityName","name":"entityName","dirty":false,"incomplete":false,"initialized":false,"type":"TEXT","required":false,"readOnly":false,"allowNull":false,"zeroOnNull":false,"keyField":false,"sorted":false,"indexed":false,"multiIndex":false,"array":false,"arrayUnique":false,"arrayMaxSize":0,"abstract":false,"native":false,"static":false},"id":9},{"nodeId":10,"legendPosition":6,"entityName":"Model1","lastGlobalUpdate":4,"fieldName":"key","dataType":"TEXT","calculation":false,"fullNodeName":"Model1.key","localDependencies":[],"globalDependencies":[],"crossDependencies":[],"qualifiedSafeName":"Model1.key","codeName":"key","keyName":"Model1.key","safeName":"Model1.key","field":{"id":"key","name":"key","dirty":false,"incomplete":false,"initialized":false,"type":"TEXT","required":false,"readOnly":false,"allowNull":false,"zeroOnNull":false,"keyField":false,"sorted":false,"indexed":false,"multiIndex":false,"array":false,"arrayUnique":false,"arrayMaxSize":0,"abstract":false,"native":false,"static":false},"id":10},{"nodeId":11,"legendPosition":7,"entityName":"Model1","lastGlobalUpdate":4,"fieldName":"seriesValue","dataType":"ANY","calculation":false,"fullNodeName":"Model1.seriesValue","localDependencies":[],"globalDependencies":[],"crossDependencies":[],"qualifiedSafeName":"Model1.seriesValue","codeName":"seriesValue","keyName":"Model1.seriesValue","safeName":"Model1.seriesValue","field":{"id":"seriesValue","name":"seriesValue","dirty":false,"incomplete":false,"initialized":false,"type":"ANY","required":false,"readOnly":false,"allowNull":false,"zeroOnNull":false,"keyField":false,"sorted":false,"indexed":false,"multiIndex":false,"array":false,"arrayUnique":false,"arrayMaxSize":0,"abstract":false,"native":false,"static":false},"id":11},{"nodeId":12,"legendPosition":8,"entityName":"Model1","lastGlobalUpdate":4,"fieldName":"keyPrior","dataType":"DATAITEM","calculation":false,"fullNodeName":"Model1.keyPrior","localDependencies":[],"globalDependencies":[],"crossDependencies":[],"qualifiedSafeName":"Model1.keyPrior","codeName":"keyPrior","keyName":"Model1.keyPrior","safeName":"Model1.keyPrior","field":{"id":"keyPrior","name":"keyPrior","dirty":false,"incomplete":false,"initialized":false,"type":"DATAITEM","required":false,"readOnly":false,"allowNull":false,"zeroOnNull":false,"keyField":false,"sorted":false,"indexed":false,"multiIndex":false,"array":false,"arrayUnique":false,"arrayMaxSize":0,"abstract":false,"native":false,"static":false},"id":12},{"nodeId":13,"legendPosition":9,"entityName":"Model1","lastGlobalUpdate":4,"fieldName":"keyNext","dataType":"DATAITEM","calculation":false,"fullNodeName":"Model1.keyNext","localDependencies":[],"globalDependencies":[],"crossDependencies":[],"qualifiedSafeName":"Model1.keyNext","codeName":"keyNext","keyName":"Model1.keyNext","safeName":"Model1.keyNext","field":{"id":"keyNext","name":"keyNext","dirty":false,"incomplete":false,"initialized":false,"type":"DATAITEM","required":false,"readOnly":false,"allowNull":false,"zeroOnNull":false,"keyField":false,"sorted":false,"indexed":false,"multiIndex":false,"array":false,"arrayUnique":false,"arrayMaxSize":0,"abstract":false,"native":false,"static":false},"id":13},{"nodeId":14,"legendPosition":10,"entityName":"Model1","lastGlobalUpdate":4,"fieldName":"keyPosition","dataType":"INTEGER","calculation":false,"fullNodeName":"Model1.keyPosition","localDependencies":[],"globalDependencies":[],"crossDependencies":[],"qualifiedSafeName":"Model1.keyPosition","codeName":"keyPosition","keyName":"Model1.keyPosition","safeName":"Model1.keyPosition","field":{"id":"keyPosition","name":"keyPosition","dirty":false,"incomplete":false,"initialized":false,"type":"INTEGER","required":false,"readOnly":false,"allowNull":false,"zeroOnNull":false,"keyField":false,"sorted":false,"indexed":false,"multiIndex":false,"array":false,"arrayUnique":false,"arrayMaxSize":0,"abstract":false,"native":false,"static":false},"id":14},{"nodeId":15,"legendPosition":11,"entityName":"Model1","lastGlobalUpdate":4,"fieldName":"keyNavigation","dataType":"ANY","calculation":false,"fullNodeName":"Model1.keyNavigation","localDependencies":[],"globalDependencies":[],"crossDependencies":[],"qualifiedSafeName":"Model1.keyNavigation","codeName":"keyNavigation","keyName":"Model1.keyNavigation","safeName":"Model1.keyNavigation","field":{"id":"keyNavigation","name":"keyNavigation","dirty":false,"incomplete":false,"initialized":false,"type":"ANY","required":false,"readOnly":false,"allowNull":false,"zeroOnNull":false,"keyField":false,"sorted":false,"indexed":false,"multiIndex":false,"array":false,"arrayUnique":false,"arrayMaxSize":0,"abstract":false,"native":false,"static":false},"id":15},{"nodeId":16,"legendPosition":12,"entityName":"Model1","lastGlobalUpdate":4,"fieldName":"model","dataType":"DATAITEM","calculation":false,"fullNodeName":"Model1.model","localDependencies":[],"globalDependencies":[],"crossDependencies":[],"qualifiedSafeName":"Model1.model","codeName":"model","keyName":"Model1.model","safeName":"Model1.model","field":{"id":"model","name":"model","dirty":false,"incomplete":false,"initialized":false,"type":"DATAITEM","required":false,"readOnly":false,"allowNull":false,"zeroOnNull":false,"keyField":false,"sorted":false,"indexed":false,"multiIndex":false,"array":false,"arrayUnique":false,"arrayMaxSize":0,"abstract":false,"native":false,"static":false},"id":16},{"nodeId":0,"legendPosition":13,"entityName":"Model1","fieldName":"model1Series","dataType":"ANY","calculation":false,"localDependencies":[],"globalDependencies":[],"crossDependencies":[],"codeName":"model1Series","field":{"id":"model1Series","name":"model1Series","dirty":false,"incomplete":false,"initialized":false,"type":"ANY","required":false,"readOnly":false,"allowNull":false,"zeroOnNull":false,"keyField":false,"sorted":false,"indexed":false,"multiIndex":false,"array":false,"arrayUnique":false,"arrayMaxSize":0,"abstract":false,"native":false,"static":false},"id":0},{"nodeId":0,"legendPosition":14,"entityName":"Model1","fieldName":"view_id_","dataType":"INTEGER","calculation":false,"localDependencies":[],"globalDependencies":[],"crossDependencies":[],"codeName":"view_id_","field":{"id":"view_id_","name":"view_id_","dirty":false,"incomplete":false,"initialized":false,"type":"INTEGER","required":false,"readOnly":false,"allowNull":false,"zeroOnNull":false,"keyField":false,"sorted":false,"indexed":false,"multiIndex":false,"array":false,"arrayUnique":false,"arrayMaxSize":0,"abstract":false,"native":false,"static":false},"id":0},{"nodeId":0,"legendPosition":15,"entityName":"Model1","fieldName":"view_model1","dataType":"ANY","calculation":false,"localDependencies":[],"globalDependencies":[],"crossDependencies":[],"codeName":"view_model1","field":{"id":"view_model1","name":"view_model1","dirty":false,"incomplete":false,"initialized":false,"type":"ANY","required":false,"readOnly":false,"allowNull":false,"zeroOnNull":false,"keyField":false,"sorted":false,"indexed":false,"multiIndex":false,"array":false,"arrayUnique":false,"arrayMaxSize":0,"abstract":false,"native":false,"static":false},"id":0}],"id":0}
