{"configType":"model","entityName":"pushes-inonetime-model","numFields":28,"lastUpdate":31522,"version":-744953943,"dependencyInfos":[{"nodeId":4,"legendPosition":0,"entityName":"pushes-inonetime-model","lastGlobalUpdate":31522,"fieldName":"id","dataType":"INTEGER","calculation":false,"fullNodeName":"pushes-inonetime-model.id","localDependencies":[],"globalDependencies":[],"crossDependencies":[],"qualifiedSafeName":"pushes-inonetime-model.id","codeName":"id","keyName":"pushes-inonetime-model.id","safeName":"pushes-inonetime-model.id","field":{"id":"id","name":"id","dirty":false,"incomplete":false,"initialized":false,"type":"INTEGER","required":false,"readOnly":false,"allowNull":false,"zeroOnNull":false,"keyField":false,"sorted":false,"indexed":false,"multiIndex":false,"array":false,"arrayUnique":false,"arrayMaxSize":0,"static":false,"native":false,"abstract":false},"id":4},{"nodeId":5,"legendPosition":1,"entityName":"pushes-inonetime-model","lastGlobalUpdate":31522,"fieldName":"version","dataType":"INTEGER","calculation":false,"fullNodeName":"pushes-inonetime-model.version","localDependencies":[],"globalDependencies":[],"crossDependencies":[],"qualifiedSafeName":"pushes-inonetime-model.version","codeName":"version","keyName":"pushes-inonetime-model.version","safeName":"pushes-inonetime-model.version","field":{"id":"version","name":"version","dirty":false,"incomplete":false,"initialized":false,"type":"INTEGER","required":false,"readOnly":false,"allowNull":false,"zeroOnNull":false,"keyField":false,"sorted":false,"indexed":false,"multiIndex":false,"array":false,"arrayUnique":false,"arrayMaxSize":0,"static":false,"native":false,"abstract":false},"id":5},{"nodeId":6,"legendPosition":2,"entityName":"pushes-inonetime-model","lastGlobalUpdate":31522,"fieldName":"ruleResults","dataType":"RAW","calculation":false,"fullNodeName":"pushes-inonetime-model.ruleResults","localDependencies":[],"globalDependencies":[],"crossDependencies":[],"qualifiedSafeName":"pushes-inonetime-model.ruleResults","codeName":"ruleResults","keyName":"pushes-inonetime-model.ruleResults","safeName":"pushes-inonetime-model.ruleResults","field":{"id":"ruleResults","name":"ruleResults","dirty":false,"incomplete":false,"initialized":false,"type":"RAW","required":false,"readOnly":false,"allowNull":false,"zeroOnNull":false,"keyField":false,"sorted":false,"indexed":false,"multiIndex":false,"array":true,"arrayUnique":false,"arrayMaxSize":0,"static":false,"native":false,"abstract":false},"id":6},{"nodeId":7,"legendPosition":3,"entityName":"pushes-inonetime-model","lastGlobalUpdate":31522,"fieldName":"errors","dataType":"RAW","calculation":false,"fullNodeName":"pushes-inonetime-model.errors","localDependencies":[],"globalDependencies":[],"crossDependencies":[],"qualifiedSafeName":"pushes-inonetime-model.errors","codeName":"errors","keyName":"pushes-inonetime-model.errors","safeName":"pushes-inonetime-model.errors","field":{"id":"errors","name":"errors","dirty":false,"incomplete":false,"initialized":false,"type":"RAW","required":false,"readOnly":false,"allowNull":false,"zeroOnNull":false,"keyField":false,"sorted":false,"indexed":false,"multiIndex":false,"array":true,"arrayUnique":false,"arrayMaxSize":0,"static":false,"native":false,"abstract":false},"id":7},{"nodeId":8,"legendPosition":4,"entityName":"pushes-inonetime-model","lastGlobalUpdate":31522,"fieldName":"name","dataType":"TEXT","calculation":false,"fullNodeName":"pushes-inonetime-model.name","localDependencies":[],"globalDependencies":[],"crossDependencies":[],"qualifiedSafeName":"pushes-inonetime-model.name","codeName":"name","keyName":"pushes-inonetime-model.name","safeName":"pushes-inonetime-model.name","field":{"id":"name","name":"name","dirty":false,"incomplete":false,"initialized":false,"type":"TEXT","required":false,"readOnly":false,"allowNull":false,"zeroOnNull":false,"keyField":false,"sorted":false,"indexed":false,"multiIndex":false,"array":false,"arrayUnique":false,"arrayMaxSize":0,"static":false,"native":false,"abstract":false},"id":8},{"nodeId":9,"legendPosition":5,"entityName":"pushes-inonetime-model","lastGlobalUpdate":31522,"fieldName":"entityName","dataType":"TEXT","calculation":false,"fullNodeName":"pushes-inonetime-model.entityName","localDependencies":[],"globalDependencies":[],"crossDependencies":[],"qualifiedSafeName":"pushes-inonetime-model.entityName","codeName":"entityName","keyName":"pushes-inonetime-model.entityName","safeName":"pushes-inonetime-model.entityName","field":{"id":"entityName","name":"entityName","dirty":false,"incomplete":false,"initialized":false,"type":"TEXT","required":false,"readOnly":false,"allowNull":false,"zeroOnNull":false,"keyField":false,"sorted":false,"indexed":false,"multiIndex":false,"array":false,"arrayUnique":false,"arrayMaxSize":0,"static":false,"native":false,"abstract":false},"id":9},{"nodeId":10,"legendPosition":6,"entityName":"pushes-inonetime-model","lastGlobalUpdate":31522,"fieldName":"key","dataType":"TEXT","calculation":false,"fullNodeName":"pushes-inonetime-model.key","localDependencies":[],"globalDependencies":[],"crossDependencies":[],"qualifiedSafeName":"pushes-inonetime-model.key","codeName":"key","keyName":"pushes-inonetime-model.key","safeName":"pushes-inonetime-model.key","field":{"id":"key","name":"key","dirty":false,"incomplete":false,"initialized":false,"type":"TEXT","required":false,"readOnly":false,"allowNull":false,"zeroOnNull":false,"keyField":false,"sorted":false,"indexed":false,"multiIndex":false,"array":false,"arrayUnique":false,"arrayMaxSize":0,"static":false,"native":false,"abstract":false},"id":10},{"nodeId":11,"legendPosition":7,"entityName":"pushes-inonetime-model","lastGlobalUpdate":31522,"fieldName":"seriesValue","dataType":"ANY","calculation":false,"fullNodeName":"pushes-inonetime-model.seriesValue","localDependencies":[],"globalDependencies":[],"crossDependencies":[],"qualifiedSafeName":"pushes-inonetime-model.seriesValue","codeName":"seriesValue","keyName":"pushes-inonetime-model.seriesValue","safeName":"pushes-inonetime-model.seriesValue","field":{"id":"seriesValue","name":"seriesValue","dirty":false,"incomplete":false,"initialized":false,"type":"ANY","required":false,"readOnly":false,"allowNull":false,"zeroOnNull":false,"keyField":false,"sorted":false,"indexed":false,"multiIndex":false,"array":false,"arrayUnique":false,"arrayMaxSize":0,"static":false,"native":false,"abstract":false},"id":11},{"nodeId":12,"legendPosition":8,"entityName":"pushes-inonetime-model","lastGlobalUpdate":31522,"fieldName":"keyPrior","dataType":"DATAITEM","calculation":false,"fullNodeName":"pushes-inonetime-model.keyPrior","localDependencies":[],"globalDependencies":[],"crossDependencies":[],"qualifiedSafeName":"pushes-inonetime-model.keyPrior","codeName":"keyPrior","keyName":"pushes-inonetime-model.keyPrior","safeName":"pushes-inonetime-model.keyPrior","field":{"id":"keyPrior","name":"keyPrior","dirty":false,"incomplete":false,"initialized":false,"type":"DATAITEM","required":false,"readOnly":false,"allowNull":false,"zeroOnNull":false,"keyField":false,"sorted":false,"indexed":false,"multiIndex":false,"array":false,"arrayUnique":false,"arrayMaxSize":0,"static":false,"native":false,"abstract":false},"id":12},{"nodeId":13,"legendPosition":9,"entityName":"pushes-inonetime-model","lastGlobalUpdate":31522,"fieldName":"keyNext","dataType":"DATAITEM","calculation":false,"fullNodeName":"pushes-inonetime-model.keyNext","localDependencies":[],"globalDependencies":[],"crossDependencies":[],"qualifiedSafeName":"pushes-inonetime-model.keyNext","codeName":"keyNext","keyName":"pushes-inonetime-model.keyNext","safeName":"pushes-inonetime-model.keyNext","field":{"id":"keyNext","name":"keyNext","dirty":false,"incomplete":false,"initialized":false,"type":"DATAITEM","required":false,"readOnly":false,"allowNull":false,"zeroOnNull":false,"keyField":false,"sorted":false,"indexed":false,"multiIndex":false,"array":false,"arrayUnique":false,"arrayMaxSize":0,"static":false,"native":false,"abstract":false},"id":13},{"nodeId":14,"legendPosition":10,"entityName":"pushes-inonetime-model","lastGlobalUpdate":31522,"fieldName":"keyPosition","dataType":"INTEGER","calculation":false,"fullNodeName":"pushes-inonetime-model.keyPosition","localDependencies":[],"globalDependencies":[],"crossDependencies":[],"qualifiedSafeName":"pushes-inonetime-model.keyPosition","codeName":"keyPosition","keyName":"pushes-inonetime-model.keyPosition","safeName":"pushes-inonetime-model.keyPosition","field":{"id":"keyPosition","name":"keyPosition","dirty":false,"incomplete":false,"initialized":false,"type":"INTEGER","required":false,"readOnly":false,"allowNull":false,"zeroOnNull":false,"keyField":false,"sorted":false,"indexed":false,"multiIndex":false,"array":false,"arrayUnique":false,"arrayMaxSize":0,"static":false,"native":false,"abstract":false},"id":14},{"nodeId":15,"legendPosition":11,"entityName":"pushes-inonetime-model","lastGlobalUpdate":31522,"fieldName":"keyNavigation","dataType":"ANY","calculation":false,"fullNodeName":"pushes-inonetime-model.keyNavigation","localDependencies":[],"globalDependencies":[],"crossDependencies":[],"qualifiedSafeName":"pushes-inonetime-model.keyNavigation","codeName":"keyNavigation","keyName":"pushes-inonetime-model.keyNavigation","safeName":"pushes-inonetime-model.keyNavigation","field":{"id":"keyNavigation","name":"keyNavigation","dirty":false,"incomplete":false,"initialized":false,"type":"ANY","required":false,"readOnly":false,"allowNull":false,"zeroOnNull":false,"keyField":false,"sorted":false,"indexed":false,"multiIndex":false,"array":false,"arrayUnique":false,"arrayMaxSize":0,"static":false,"native":false,"abstract":false},"id":15},{"nodeId":16,"legendPosition":12,"entityName":"pushes-inonetime-model","lastGlobalUpdate":31522,"fieldName":"model","dataType":"DATAITEM","calculation":false,"fullNodeName":"pushes-inonetime-model.model","localDependencies":[],"globalDependencies":[],"crossDependencies":[],"qualifiedSafeName":"pushes-inonetime-model.model","codeName":"model","keyName":"pushes-inonetime-model.model","safeName":"pushes-inonetime-model.model","field":{"id":"model","name":"model","dirty":false,"incomplete":false,"initialized":false,"type":"DATAITEM","required":false,"readOnly":false,"allowNull":false,"zeroOnNull":false,"keyField":false,"sorted":false,"indexed":false,"multiIndex":false,"array":false,"arrayUnique":false,"arrayMaxSize":0,"static":false,"native":false,"abstract":false},"id":16},{"nodeId":0,"legendPosition":13,"entityName":"pushes-inonetime-model","fieldName":"connector_StockFundamental","dataType":"ANY","calculation":false,"localDependencies":[],"globalDependencies":[],"crossDependencies":[],"codeName":"connector_StockFundamental","field":{"id":"connector_StockFundamental","name":"connector_StockFundamental","dirty":false,"incomplete":false,"initialized":false,"type":"ANY","required":false,"readOnly":false,"allowNull":false,"zeroOnNull":false,"keyField":false,"sorted":false,"indexed":false,"multiIndex":false,"array":false,"arrayUnique":false,"arrayMaxSize":0,"static":false,"native":false,"abstract":false},"id":0},{"nodeId":0,"legendPosition":14,"entityName":"pushes-inonetime-model","fieldName":"connector_SectorOutlook","dataType":"ANY","calculation":false,"localDependencies":[],"globalDependencies":[],"crossDependencies":[],"codeName":"connector_SectorOutlook","field":{"id":"connector_SectorOutlook","name":"connector_SectorOutlook","dirty":false,"incomplete":false,"initialized":false,"type":"ANY","required":false,"readOnly":false,"allowNull":false,"zeroOnNull":false,"keyField":false,"sorted":false,"indexed":false,"multiIndex":false,"array":false,"arrayUnique":false,"arrayMaxSize":0,"static":false,"native":false,"abstract":false},"id":0},{"nodeId":0,"legendPosition":15,"entityName":"pushes-inonetime-model","fieldName":"connector_Strategy","dataType":"ANY","calculation":false,"localDependencies":[],"globalDependencies":[],"crossDependencies":[],"codeName":"connector_Strategy","field":{"id":"connector_Strategy","name":"connector_Strategy","dirty":false,"incomplete":false,"initialized":false,"type":"ANY","required":false,"readOnly":false,"allowNull":false,"zeroOnNull":false,"keyField":false,"sorted":false,"indexed":false,"multiIndex":false,"array":false,"arrayUnique":false,"arrayMaxSize":0,"static":false,"native":false,"abstract":false},"id":0},{"nodeId":0,"legendPosition":16,"entityName":"pushes-inonetime-model","fieldName":"pushes_inonetime_modelSeries","dataType":"ANY","calculation":false,"localDependencies":[],"globalDependencies":[],"crossDependencies":[],"codeName":"pushes_inonetime_modelSeries","field":{"id":"pushes_inonetime_modelSeries","name":"pushes_inonetime_modelSeries","dirty":false,"incomplete":false,"initialized":false,"type":"ANY","required":false,"readOnly":false,"allowNull":false,"zeroOnNull":false,"keyField":false,"sorted":false,"indexed":false,"multiIndex":false,"array":false,"arrayUnique":false,"arrayMaxSize":0,"static":false,"native":false,"abstract":false},"id":0},{"nodeId":0,"legendPosition":17,"entityName":"pushes-inonetime-model","fieldName":"sectorOutlookSeries","dataType":"ANY","calculation":false,"localDependencies":[],"globalDependencies":[],"crossDependencies":[],"codeName":"sectorOutlookSeries","field":{"id":"sectorOutlookSeries","name":"sectorOutlookSeries","dirty":false,"incomplete":false,"initialized":false,"type":"ANY","required":false,"readOnly":false,"allowNull":false,"zeroOnNull":false,"keyField":false,"sorted":false,"indexed":false,"multiIndex":false,"array":false,"arrayUnique":false,"arrayMaxSize":0,"static":false,"native":false,"abstract":false},"id":0},{"nodeId":0,"legendPosition":18,"entityName":"pushes-inonetime-model","fieldName":"stockFundamentalSeries","dataType":"ANY","calculation":false,"localDependencies":[],"globalDependencies":[],"crossDependencies":[],"codeName":"stockFundamentalSeries","field":{"id":"stockFundamentalSeries","name":"stockFundamentalSeries","dirty":false,"incomplete":false,"initialized":false,"type":"ANY","required":false,"readOnly":false,"allowNull":false,"zeroOnNull":false,"keyField":false,"sorted":false,"indexed":false,"multiIndex":false,"array":false,"arrayUnique":false,"arrayMaxSize":0,"static":false,"native":false,"abstract":false},"id":0},{"nodeId":0,"legendPosition":19,"entityName":"pushes-inonetime-model","fieldName":"strategySeries","dataType":"ANY","calculation":false,"localDependencies":[],"globalDependencies":[],"crossDependencies":[],"codeName":"strategySeries","field":{"id":"strategySeries","name":"strategySeries","dirty":false,"incomplete":false,"initialized":false,"type":"ANY","required":false,"readOnly":false,"allowNull":false,"zeroOnNull":false,"keyField":false,"sorted":false,"indexed":false,"multiIndex":false,"array":false,"arrayUnique":false,"arrayMaxSize":0,"static":false,"native":false,"abstract":false},"id":0},{"nodeId":0,"legendPosition":20,"entityName":"pushes-inonetime-model","fieldName":"view_sectorOutlook","dataType":"ANY","calculation":false,"localDependencies":[],"globalDependencies":[],"crossDependencies":[],"codeName":"view_sectorOutlook","field":{"id":"view_sectorOutlook","name":"view_sectorOutlook","dirty":false,"incomplete":false,"initialized":false,"type":"ANY","required":false,"readOnly":false,"allowNull":false,"zeroOnNull":false,"keyField":false,"sorted":false,"indexed":false,"multiIndex":false,"array":false,"arrayUnique":false,"arrayMaxSize":0,"static":false,"native":false,"abstract":false},"id":0},{"nodeId":0,"legendPosition":21,"entityName":"pushes-inonetime-model","fieldName":"view_strategy","dataType":"ANY","calculation":false,"localDependencies":[],"globalDependencies":[],"crossDependencies":[],"codeName":"view_strategy","field":{"id":"view_strategy","name":"view_strategy","dirty":false,"incomplete":false,"initialized":false,"type":"ANY","required":false,"readOnly":false,"allowNull":false,"zeroOnNull":false,"keyField":false,"sorted":false,"indexed":false,"multiIndex":false,"array":false,"arrayUnique":false,"arrayMaxSize":0,"static":false,"native":false,"abstract":false},"id":0},{"nodeId":0,"legendPosition":22,"entityName":"pushes-inonetime-model","fieldName":"view_stockFundamental","dataType":"ANY","calculation":false,"localDependencies":[],"globalDependencies":[],"crossDependencies":[],"codeName":"view_stockFundamental","field":{"id":"view_stockFundamental","name":"view_stockFundamental","dirty":false,"incomplete":false,"initialized":false,"type":"ANY","required":false,"readOnly":false,"allowNull":false,"zeroOnNull":false,"keyField":false,"sorted":false,"indexed":false,"multiIndex":false,"array":false,"arrayUnique":false,"arrayMaxSize":0,"static":false,"native":false,"abstract":false},"id":0},{"nodeId":0,"legendPosition":23,"entityName":"pushes-inonetime-model","fieldName":"view_id_","dataType":"INTEGER","calculation":false,"localDependencies":[],"globalDependencies":[],"crossDependencies":[],"codeName":"view_id_","field":{"id":"view_id_","name":"view_id_","dirty":false,"incomplete":false,"initialized":false,"type":"INTEGER","required":false,"readOnly":false,"allowNull":false,"zeroOnNull":false,"keyField":false,"sorted":false,"indexed":false,"multiIndex":false,"array":false,"arrayUnique":false,"arrayMaxSize":0,"static":false,"native":false,"abstract":false},"id":0},{"nodeId":0,"legendPosition":24,"entityName":"pushes-inonetime-model","fieldName":"view_pushes_inonetime_model","dataType":"ANY","calculation":false,"localDependencies":[],"globalDependencies":[],"crossDependencies":[],"codeName":"view_pushes_inonetime_model","field":{"id":"view_pushes_inonetime_model","name":"view_pushes_inonetime_model","dirty":false,"incomplete":false,"initialized":false,"type":"ANY","required":false,"readOnly":false,"allowNull":false,"zeroOnNull":false,"keyField":false,"sorted":false,"indexed":false,"multiIndex":false,"array":false,"arrayUnique":false,"arrayMaxSize":0,"static":false,"native":false,"abstract":false},"id":0},{"nodeId":132,"legendPosition":25,"entityName":"pushes-inonetime-model","lastGlobalUpdate":31522,"fieldName":"stockFundamentalList","dataType":"DATAITEM","calculation":false,"selectField":"model","fullNodeName":"pushes-inonetime-model.stockFundamentalList","localDependencies":[],"globalDependencies":[],"crossDependencies":[],"qualifiedSafeName":"pushes-inonetime-model.stockFundamentalList","codeName":"stockFundamentalList","keyName":"pushes-inonetime-model.stockFundamentalList","safeName":"pushes-inonetime-model.stockFundamentalList","field":{"id":"stockFundamentalList","name":"stockFundamentalList","dirty":false,"incomplete":false,"initialized":false,"type":"DATAITEM","required":false,"readOnly":false,"allowNull":false,"zeroOnNull":false,"keyField":false,"sorted":false,"indexed":false,"multiIndex":false,"array":true,"arrayUnique":false,"arrayMaxSize":0,"static":false,"native":false,"abstract":false},"id":132},{"nodeId":133,"legendPosition":26,"entityName":"pushes-inonetime-model","lastGlobalUpdate":31522,"fieldName":"strategyList","dataType":"DATAITEM","calculation":false,"selectField":"model","fullNodeName":"pushes-inonetime-model.strategyList","localDependencies":[],"globalDependencies":[],"crossDependencies":[],"qualifiedSafeName":"pushes-inonetime-model.strategyList","codeName":"strategyList","keyName":"pushes-inonetime-model.strategyList","safeName":"pushes-inonetime-model.strategyList","field":{"id":"strategyList","name":"strategyList","dirty":false,"incomplete":false,"initialized":false,"type":"DATAITEM","required":false,"readOnly":false,"allowNull":false,"zeroOnNull":false,"keyField":false,"sorted":false,"indexed":false,"multiIndex":false,"array":true,"arrayUnique":false,"arrayMaxSize":0,"static":false,"native":false,"abstract":false},"id":133},{"nodeId":134,"legendPosition":27,"entityName":"pushes-inonetime-model","lastGlobalUpdate":31522,"fieldName":"sectorOutlookList","dataType":"DATAITEM","calculation":false,"selectField":"model","fullNodeName":"pushes-inonetime-model.sectorOutlookList","localDependencies":[],"globalDependencies":[],"crossDependencies":[],"qualifiedSafeName":"pushes-inonetime-model.sectorOutlookList","codeName":"sectorOutlookList","keyName":"pushes-inonetime-model.sectorOutlookList","safeName":"pushes-inonetime-model.sectorOutlookList","field":{"id":"sectorOutlookList","name":"sectorOutlookList","dirty":false,"incomplete":false,"initialized":false,"type":"DATAITEM","required":false,"readOnly":false,"allowNull":false,"zeroOnNull":false,"keyField":false,"sorted":false,"indexed":false,"multiIndex":false,"array":true,"arrayUnique":false,"arrayMaxSize":0,"static":false,"native":false,"abstract":false},"id":134}],"id":0}
{"configType":"dataitem","entityName":"Sector Outlook","numFields":23,"lastUpdate":31523,"version":-191567848,"dependencyInfos":[{"nodeId":0,"legendPosition":0,"entityName":"Sector Outlook","fieldName":"connector_sectorOutlook_CONNECTOR","dataType":"ANY","calculation":false,"localDependencies":[],"globalDependencies":[],"crossDependencies":[],"codeName":"connector_sectorOutlook_CONNECTOR","field":{"id":"connector_sectorOutlook_CONNECTOR","name":"connector_sectorOutlook_CONNECTOR","dirty":false,"incomplete":false,"initialized":false,"type":"ANY","required":false,"readOnly":false,"allowNull":false,"zeroOnNull":false,"keyField":false,"sorted":false,"indexed":false,"multiIndex":false,"array":false,"arrayUnique":false,"arrayMaxSize":0,"static":false,"native":false,"abstract":false},"id":0},{"nodeId":31,"legendPosition":1,"entityName":"Sector Outlook","lastGlobalUpdate":31523,"fieldName":"id","dataType":"INTEGER","calculation":false,"fullNodeName":"Sector Outlook.id","localDependencies":["Sector Outlook.lineNumber"],"globalDependencies":[],"crossDependencies":[],"qualifiedSafeName":"Sector Outlook.id","codeName":"id","keyName":"Sector Outlook.id","safeName":"Sector Outlook.id","field":{"id":"id","name":"id","dirty":false,"incomplete":false,"initialized":false,"type":"INTEGER","required":false,"readOnly":false,"allowNull":false,"zeroOnNull":false,"keyField":false,"sorted":false,"indexed":false,"multiIndex":false,"array":false,"arrayUnique":false,"arrayMaxSize":0,"static":false,"native":false,"abstract":false},"id":31},{"nodeId":32,"legendPosition":2,"entityName":"Sector Outlook","lastGlobalUpdate":31523,"fieldName":"version","dataType":"INTEGER","calculation":false,"fullNodeName":"Sector Outlook.version","localDependencies":[],"globalDependencies":[],"crossDependencies":[],"qualifiedSafeName":"Sector Outlook.version","codeName":"version","keyName":"Sector Outlook.version","safeName":"Sector Outlook.version","field":{"id":"version","name":"version","dirty":false,"incomplete":false,"initialized":false,"type":"INTEGER","required":false,"readOnly":false,"allowNull":false,"zeroOnNull":false,"keyField":false,"sorted":false,"indexed":false,"multiIndex":false,"array":false,"arrayUnique":false,"arrayMaxSize":0,"static":false,"native":false,"abstract":false},"id":32},{"nodeId":33,"legendPosition":3,"entityName":"Sector Outlook","lastGlobalUpdate":31523,"fieldName":"ruleResults","dataType":"RAW","calculation":false,"fullNodeName":"Sector Outlook.ruleResults","localDependencies":[],"globalDependencies":[],"crossDependencies":[],"qualifiedSafeName":"Sector Outlook.ruleResults","codeName":"ruleResults","keyName":"Sector Outlook.ruleResults","safeName":"Sector Outlook.ruleResults","field":{"id":"ruleResults","name":"ruleResults","dirty":false,"incomplete":false,"initialized":false,"type":"RAW","required":false,"readOnly":false,"allowNull":false,"zeroOnNull":false,"keyField":false,"sorted":false,"indexed":false,"multiIndex":false,"array":true,"arrayUnique":false,"arrayMaxSize":0,"static":false,"native":false,"abstract":false},"id":33},{"nodeId":34,"legendPosition":4,"entityName":"Sector Outlook","lastGlobalUpdate":31523,"fieldName":"errors","dataType":"RAW","calculation":false,"fullNodeName":"Sector Outlook.errors","localDependencies":[],"globalDependencies":[],"crossDependencies":[],"qualifiedSafeName":"Sector Outlook.errors","codeName":"errors","keyName":"Sector Outlook.errors","safeName":"Sector Outlook.errors","field":{"id":"errors","name":"errors","dirty":false,"incomplete":false,"initialized":false,"type":"RAW","required":false,"readOnly":false,"allowNull":false,"zeroOnNull":false,"keyField":false,"sorted":false,"indexed":false,"multiIndex":false,"array":true,"arrayUnique":false,"arrayMaxSize":0,"static":false,"native":false,"abstract":false},"id":34},{"nodeId":35,"legendPosition":5,"entityName":"Sector Outlook","lastGlobalUpdate":31523,"fieldName":"name","dataType":"TEXT","calculation":false,"fullNodeName":"Sector Outlook.name","localDependencies":[],"globalDependencies":[],"crossDependencies":[],"qualifiedSafeName":"Sector Outlook.name","codeName":"name","keyName":"Sector Outlook.name","safeName":"Sector Outlook.name","field":{"id":"name","name":"name","dirty":false,"incomplete":false,"initialized":false,"type":"TEXT","required":false,"readOnly":false,"allowNull":false,"zeroOnNull":false,"keyField":false,"sorted":false,"indexed":false,"multiIndex":false,"array":false,"arrayUnique":false,"arrayMaxSize":0,"static":false,"native":false,"abstract":false},"id":35},{"nodeId":36,"legendPosition":6,"entityName":"Sector Outlook","lastGlobalUpdate":31523,"fieldName":"entityName","dataType":"TEXT","calculation":false,"fullNodeName":"Sector Outlook.entityName","localDependencies":[],"globalDependencies":[],"crossDependencies":[],"qualifiedSafeName":"Sector Outlook.entityName","codeName":"entityName","keyName":"Sector Outlook.entityName","safeName":"Sector Outlook.entityName","field":{"id":"entityName","name":"entityName","dirty":false,"incomplete":false,"initialized":false,"type":"TEXT","required":false,"readOnly":false,"allowNull":false,"zeroOnNull":false,"keyField":false,"sorted":false,"indexed":false,"multiIndex":false,"array":false,"arrayUnique":false,"arrayMaxSize":0,"static":false,"native":false,"abstract":false},"id":36},{"nodeId":37,"legendPosition":7,"entityName":"Sector Outlook","lastGlobalUpdate":31523,"fieldName":"key","dataType":"TEXT","calculation":false,"fullNodeName":"Sector Outlook.key","localDependencies":[],"globalDependencies":[],"crossDependencies":[],"qualifiedSafeName":"Sector Outlook.key","codeName":"key","keyName":"Sector Outlook.key","safeName":"Sector Outlook.key","field":{"id":"key","name":"key","dirty":false,"incomplete":false,"initialized":false,"type":"TEXT","required":false,"readOnly":false,"allowNull":false,"zeroOnNull":false,"keyField":false,"sorted":false,"indexed":false,"multiIndex":false,"array":false,"arrayUnique":false,"arrayMaxSize":0,"static":false,"native":false,"abstract":false},"id":37},{"nodeId":38,"legendPosition":8,"entityName":"Sector Outlook","lastGlobalUpdate":31523,"fieldName":"seriesValue","dataType":"ANY","calculation":false,"fullNodeName":"Sector Outlook.seriesValue","localDependencies":[],"globalDependencies":[],"crossDependencies":[],"qualifiedSafeName":"Sector Outlook.seriesValue","codeName":"seriesValue","keyName":"Sector Outlook.seriesValue","safeName":"Sector Outlook.seriesValue","field":{"id":"seriesValue","name":"seriesValue","dirty":false,"incomplete":false,"initialized":false,"type":"ANY","required":false,"readOnly":false,"allowNull":false,"zeroOnNull":false,"keyField":false,"sorted":false,"indexed":false,"multiIndex":false,"array":false,"arrayUnique":false,"arrayMaxSize":0,"static":false,"native":false,"abstract":false},"id":38},{"nodeId":39,"legendPosition":9,"entityName":"Sector Outlook","lastGlobalUpdate":31523,"fieldName":"keyPrior","dataType":"DATAITEM","calculation":false,"fullNodeName":"Sector Outlook.keyPrior","localDependencies":[],"globalDependencies":[],"crossDependencies":[],"qualifiedSafeName":"Sector Outlook.keyPrior","codeName":"keyPrior","keyName":"Sector Outlook.keyPrior","safeName":"Sector Outlook.keyPrior","field":{"id":"keyPrior","name":"keyPrior","dirty":false,"incomplete":false,"initialized":false,"type":"DATAITEM","required":false,"readOnly":false,"allowNull":false,"zeroOnNull":false,"keyField":false,"sorted":false,"indexed":false,"multiIndex":false,"array":false,"arrayUnique":false,"arrayMaxSize":0,"static":false,"native":false,"abstract":false},"id":39},{"nodeId":40,"legendPosition":10,"entityName":"Sector Outlook","lastGlobalUpdate":31523,"fieldName":"keyNext","dataType":"DATAITEM","calculation":false,"fullNodeName":"Sector Outlook.keyNext","localDependencies":[],"globalDependencies":[],"crossDependencies":[],"qualifiedSafeName":"Sector Outlook.keyNext","codeName":"keyNext","keyName":"Sector Outlook.keyNext","safeName":"Sector Outlook.keyNext","field":{"id":"keyNext","name":"keyNext","dirty":false,"incomplete":false,"initialized":false,"type":"DATAITEM","required":false,"readOnly":false,"allowNull":false,"zeroOnNull":false,"keyField":false,"sorted":false,"indexed":false,"multiIndex":false,"array":false,"arrayUnique":false,"arrayMaxSize":0,"static":false,"native":false,"abstract":false},"id":40},{"nodeId":41,"legendPosition":11,"entityName":"Sector Outlook","lastGlobalUpdate":31523,"fieldName":"keyPosition","dataType":"INTEGER","calculation":false,"fullNodeName":"Sector Outlook.keyPosition","localDependencies":[],"globalDependencies":[],"crossDependencies":[],"qualifiedSafeName":"Sector Outlook.keyPosition","codeName":"keyPosition","keyName":"Sector Outlook.keyPosition","safeName":"Sector Outlook.keyPosition","field":{"id":"keyPosition","name":"keyPosition","dirty":false,"incomplete":false,"initialized":false,"type":"INTEGER","required":false,"readOnly":false,"allowNull":false,"zeroOnNull":false,"keyField":false,"sorted":false,"indexed":false,"multiIndex":false,"array":false,"arrayUnique":false,"arrayMaxSize":0,"static":false,"native":false,"abstract":false},"id":41},{"nodeId":42,"legendPosition":12,"entityName":"Sector Outlook","lastGlobalUpdate":31523,"fieldName":"keyNavigation","dataType":"ANY","calculation":false,"fullNodeName":"Sector Outlook.keyNavigation","localDependencies":[],"globalDependencies":[],"crossDependencies":[],"qualifiedSafeName":"Sector Outlook.keyNavigation","codeName":"keyNavigation","keyName":"Sector Outlook.keyNavigation","safeName":"Sector Outlook.keyNavigation","field":{"id":"keyNavigation","name":"keyNavigation","dirty":false,"incomplete":false,"initialized":false,"type":"ANY","required":false,"readOnly":false,"allowNull":false,"zeroOnNull":false,"keyField":false,"sorted":false,"indexed":false,"multiIndex":false,"array":false,"arrayUnique":false,"arrayMaxSize":0,"static":false,"native":false,"abstract":false},"id":42},{"nodeId":43,"legendPosition":13,"entityName":"Sector Outlook","lastGlobalUpdate":31523,"fieldName":"model","dataType":"DATAITEM","calculation":false,"fullNodeName":"Sector Outlook.model","localDependencies":[],"globalDependencies":[],"crossDependencies":[],"qualifiedSafeName":"Sector Outlook.model","codeName":"model","keyName":"Sector Outlook.model","safeName":"Sector Outlook.model","field":{"id":"model","name":"model","dirty":false,"incomplete":false,"initialized":false,"type":"DATAITEM","required":false,"readOnly":false,"allowNull":false,"zeroOnNull":false,"keyField":false,"sorted":false,"indexed":false,"multiIndex":false,"array":false,"arrayUnique":false,"arrayMaxSize":0,"static":false,"native":false,"abstract":false},"id":43},{"nodeId":44,"legendPosition":14,"entityName":"Sector Outlook","lastGlobalUpdate":31523,"fieldName":"Sector","dataType":"TEXT","calculation":false,"fullNodeName":"Sector Outlook.sector","localDependencies":[],"globalDependencies":[],"crossDependencies":[],"qualifiedSafeName":"Sector Outlook.sector","codeName":"sector","keyName":"Sector Outlook.sector","safeName":"Sector Outlook.sector","field":{"id":"Sector","name":"Sector","dirty":false,"incomplete":false,"initialized":false,"type":"TEXT","required":false,"readOnly":false,"allowNull":false,"zeroOnNull":false,"keyField":false,"sorted":false,"indexed":false,"multiIndex":false,"array":false,"arrayUnique":false,"arrayMaxSize":0,"static":false,"native":false,"abstract":false},"id":44},{"nodeId":45,"legendPosition":15,"entityName":"Sector Outlook","lastGlobalUpdate":31523,"fieldName":"Outlook","dataType":"TEXT","calculation":false,"fullNodeName":"Sector Outlook.outlook","localDependencies":[],"globalDependencies":[],"crossDependencies":[],"qualifiedSafeName":"Sector Outlook.outlook","codeName":"outlook","keyName":"Sector Outlook.outlook","safeName":"Sector Outlook.outlook","field":{"id":"Outlook","name":"Outlook","dirty":false,"incomplete":false,"initialized":false,"type":"TEXT","required":false,"readOnly":false,"allowNull":false,"zeroOnNull":false,"keyField":false,"sorted":false,"indexed":false,"multiIndex":false,"array":false,"arrayUnique":false,"arrayMaxSize":0,"static":false,"native":false,"abstract":false},"id":45},{"nodeId":46,"legendPosition":16,"entityName":"Sector Outlook","lastGlobalUpdate":31523,"fieldName":"sourceName","dataType":"TEXT","calculation":false,"fullNodeName":"Sector Outlook.sourceName","localDependencies":[],"globalDependencies":[],"crossDependencies":[],"qualifiedSafeName":"Sector Outlook.sourceName","codeName":"sourceName","keyName":"Sector Outlook.sourceName","safeName":"Sector Outlook.sourceName","field":{"id":"sourceName","name":"sourceName","dirty":false,"incomplete":false,"initialized":false,"type":"TEXT","required":false,"readOnly":false,"allowNull":false,"zeroOnNull":false,"keyField":false,"sorted":false,"indexed":false,"multiIndex":false,"array":false,"arrayUnique":false,"arrayMaxSize":0,"static":false,"native":false,"abstract":false},"id":46},{"nodeId":47,"legendPosition":17,"entityName":"Sector Outlook","lastGlobalUpdate":31523,"fieldName":"lineNumber","dataType":"INTEGER","calculation":false,"fullNodeName":"Sector Outlook.lineNumber","localDependencies":[],"globalDependencies":[],"crossDependencies":[],"qualifiedSafeName":"Sector Outlook.lineNumber","codeName":"lineNumber","keyName":"Sector Outlook.lineNumber","safeName":"Sector Outlook.lineNumber","field":{"id":"lineNumber","name":"lineNumber","dirty":false,"incomplete":false,"initialized":false,"type":"INTEGER","required":false,"readOnly":false,"allowNull":false,"zeroOnNull":false,"keyField":false,"sorted":false,"indexed":false,"multiIndex":false,"array":false,"arrayUnique":false,"arrayMaxSize":0,"static":false,"native":false,"abstract":false},"id":47},{"nodeId":0,"legendPosition":18,"entityName":"Sector Outlook","fieldName":"view_id_","dataType":"INTEGER","calculation":false,"localDependencies":[],"globalDependencies":[],"crossDependencies":[],"codeName":"view_id_","field":{"id":"view_id_","name":"view_id_","dirty":false,"incomplete":false,"initialized":false,"type":"INTEGER","required":false,"readOnly":false,"allowNull":false,"zeroOnNull":false,"keyField":false,"sorted":false,"indexed":false,"multiIndex":false,"array":false,"arrayUnique":false,"arrayMaxSize":0,"static":false,"native":false,"abstract":false},"id":0},{"nodeId":0,"legendPosition":19,"entityName":"Sector Outlook","fieldName":"view_sector","dataType":"TEXT","calculation":false,"localDependencies":[],"globalDependencies":[],"crossDependencies":[],"codeName":"view_sector","field":{"id":"view_sector","name":"view_sector","dirty":false,"incomplete":false,"initialized":false,"type":"TEXT","required":false,"readOnly":false,"allowNull":false,"zeroOnNull":false,"keyField":false,"sorted":false,"indexed":false,"multiIndex":false,"array":false,"arrayUnique":false,"arrayMaxSize":0,"static":false,"native":false,"abstract":false},"id":0},{"nodeId":0,"legendPosition":20,"entityName":"Sector Outlook","fieldName":"view_outlook","dataType":"TEXT","calculation":false,"localDependencies":[],"globalDependencies":[],"crossDependencies":[],"codeName":"view_outlook","field":{"id":"view_outlook","name":"view_outlook","dirty":false,"incomplete":false,"initialized":false,"type":"TEXT","required":false,"readOnly":false,"allowNull":false,"zeroOnNull":false,"keyField":false,"sorted":false,"indexed":false,"multiIndex":false,"array":false,"arrayUnique":false,"arrayMaxSize":0,"static":false,"native":false,"abstract":false},"id":0},{"nodeId":0,"legendPosition":21,"entityName":"Sector Outlook","fieldName":"view_sourceName","dataType":"TEXT","calculation":false,"localDependencies":[],"globalDependencies":[],"crossDependencies":[],"codeName":"view_sourceName","field":{"id":"view_sourceName","name":"view_sourceName","dirty":false,"incomplete":false,"initialized":false,"type":"TEXT","required":false,"readOnly":false,"allowNull":false,"zeroOnNull":false,"keyField":false,"sorted":false,"indexed":false,"multiIndex":false,"array":false,"arrayUnique":false,"arrayMaxSize":0,"static":false,"native":false,"abstract":false},"id":0},{"nodeId":0,"legendPosition":22,"entityName":"Sector Outlook","fieldName":"view_lineNumber","dataType":"INTEGER","calculation":false,"localDependencies":[],"globalDependencies":[],"crossDependencies":[],"codeName":"view_lineNumber","field":{"id":"view_lineNumber","name":"view_lineNumber","dirty":false,"incomplete":false,"initialized":false,"type":"INTEGER","required":false,"readOnly":false,"allowNull":false,"zeroOnNull":false,"keyField":false,"sorted":false,"indexed":false,"multiIndex":false,"array":false,"arrayUnique":false,"arrayMaxSize":0,"static":false,"native":false,"abstract":false},"id":0}],"id":0}
{"configType":"dataitem","entityName":"Stock Fundamental","numFields":38,"lastUpdate":31524,"version":-1119603533,"dependencyInfos":[{"nodeId":0,"legendPosition":0,"entityName":"Stock Fundamental","fieldName":"connector_stockFundamental_CONNECTOR","dataType":"ANY","calculation":false,"localDependencies":[],"globalDependencies":[],"crossDependencies":[],"codeName":"connector_stockFundamental_CONNECTOR","field":{"id":"connector_stockFundamental_CONNECTOR","name":"connector_stockFundamental_CONNECTOR","dirty":false,"incomplete":false,"initialized":false,"type":"ANY","required":false,"readOnly":false,"allowNull":false,"zeroOnNull":false,"keyField":false,"sorted":false,"indexed":false,"multiIndex":false,"array":false,"arrayUnique":false,"arrayMaxSize":0,"static":false,"native":false,"abstract":false},"id":0},{"nodeId":50,"legendPosition":1,"entityName":"Stock Fundamental","lastGlobalUpdate":31524,"fieldName":"id","dataType":"INTEGER","calculation":false,"fullNodeName":"Stock Fundamental.id","localDependencies":["Stock Fundamental.lineNumber"],"globalDependencies":[],"crossDependencies":[],"qualifiedSafeName":"Stock Fundamental.id","codeName":"id","keyName":"Stock Fundamental.id","safeName":"Stock Fundamental.id","field":{"id":"id","name":"id","dirty":false,"incomplete":false,"initialized":false,"type":"INTEGER","required":false,"readOnly":false,"allowNull":false,"zeroOnNull":false,"keyField":false,"sorted":false,"indexed":false,"multiIndex":false,"array":false,"arrayUnique":false,"arrayMaxSize":0,"static":false,"native":false,"abstract":false},"id":50},{"nodeId":51,"legendPosition":2,"entityName":"Stock Fundamental","lastGlobalUpdate":31524,"fieldName":"version","dataType":"INTEGER","calculation":false,"fullNodeName":"Stock Fundamental.version","localDependencies":[],"globalDependencies":[],"crossDependencies":[],"qualifiedSafeName":"Stock Fundamental.version","codeName":"version","keyName":"Stock Fundamental.version","safeName":"Stock Fundamental.version","field":{"id":"version","name":"version","dirty":false,"incomplete":false,"initialized":false,"type":"INTEGER","required":false,"readOnly":false,"allowNull":false,"zeroOnNull":false,"keyField":false,"sorted":false,"indexed":false,"multiIndex":false,"array":false,"arrayUnique":false,"arrayMaxSize":0,"static":false,"native":false,"abstract":false},"id":51},{"nodeId":52,"legendPosition":3,"entityName":"Stock Fundamental","lastGlobalUpdate":31524,"fieldName":"ruleResults","dataType":"RAW","calculation":false,"fullNodeName":"Stock Fundamental.ruleResults","localDependencies":[],"globalDependencies":[],"crossDependencies":[],"qualifiedSafeName":"Stock Fundamental.ruleResults","codeName":"ruleResults","keyName":"Stock Fundamental.ruleResults","safeName":"Stock Fundamental.ruleResults","field":{"id":"ruleResults","name":"ruleResults","dirty":false,"incomplete":false,"initialized":false,"type":"RAW","required":false,"readOnly":false,"allowNull":false,"zeroOnNull":false,"keyField":false,"sorted":false,"indexed":false,"multiIndex":false,"array":true,"arrayUnique":false,"arrayMaxSize":0,"static":false,"native":false,"abstract":false},"id":52},{"nodeId":53,"legendPosition":4,"entityName":"Stock Fundamental","lastGlobalUpdate":31524,"fieldName":"errors","dataType":"RAW","calculation":false,"fullNodeName":"Stock Fundamental.errors","localDependencies":[],"globalDependencies":[],"crossDependencies":[],"qualifiedSafeName":"Stock Fundamental.errors","codeName":"errors","keyName":"Stock Fundamental.errors","safeName":"Stock Fundamental.errors","field":{"id":"errors","name":"errors","dirty":false,"incomplete":false,"initialized":false,"type":"RAW","required":false,"readOnly":false,"allowNull":false,"zeroOnNull":false,"keyField":false,"sorted":false,"indexed":false,"multiIndex":false,"array":true,"arrayUnique":false,"arrayMaxSize":0,"static":false,"native":false,"abstract":false},"id":53},{"nodeId":54,"legendPosition":5,"entityName":"Stock Fundamental","lastGlobalUpdate":31524,"fieldName":"entityName","dataType":"TEXT","calculation":false,"fullNodeName":"Stock Fundamental.entityName","localDependencies":[],"globalDependencies":[],"crossDependencies":[],"qualifiedSafeName":"Stock Fundamental.entityName","codeName":"entityName","keyName":"Stock Fundamental.entityName","safeName":"Stock Fundamental.entityName","field":{"id":"entityName","name":"entityName","dirty":false,"incomplete":false,"initialized":false,"type":"TEXT","required":false,"readOnly":false,"allowNull":false,"zeroOnNull":false,"keyField":false,"sorted":false,"indexed":false,"multiIndex":false,"array":false,"arrayUnique":false,"arrayMaxSize":0,"static":false,"native":false,"abstract":false},"id":54},{"nodeId":55,"legendPosition":6,"entityName":"Stock Fundamental","lastGlobalUpdate":31524,"fieldName":"key","dataType":"TEXT","calculation":false,"fullNodeName":"Stock Fundamental.key","localDependencies":[],"globalDependencies":[],"crossDependencies":[],"qualifiedSafeName":"Stock Fundamental.key","codeName":"key","keyName":"Stock Fundamental.key","safeName":"Stock Fundamental.key","field":{"id":"key","name":"key","dirty":false,"incomplete":false,"initialized":false,"type":"TEXT","required":false,"readOnly":false,"allowNull":false,"zeroOnNull":false,"keyField":false,"sorted":false,"indexed":false,"multiIndex":false,"array":false,"arrayUnique":false,"arrayMaxSize":0,"static":false,"native":false,"abstract":false},"id":55},{"nodeId":56,"legendPosition":7,"entityName":"Stock Fundamental","lastGlobalUpdate":31524,"fieldName":"seriesValue","dataType":"ANY","calculation":false,"fullNodeName":"Stock Fundamental.seriesValue","localDependencies":[],"globalDependencies":[],"crossDependencies":[],"qualifiedSafeName":"Stock Fundamental.seriesValue","codeName":"seriesValue","keyName":"Stock Fundamental.seriesValue","safeName":"Stock Fundamental.seriesValue","field":{"id":"seriesValue","name":"seriesValue","dirty":false,"incomplete":false,"initialized":false,"type":"ANY","required":false,"readOnly":false,"allowNull":false,"zeroOnNull":false,"keyField":false,"sorted":false,"indexed":false,"multiIndex":false,"array":false,"arrayUnique":false,"arrayMaxSize":0,"static":false,"native":false,"abstract":false},"id":56},{"nodeId":57,"legendPosition":8,"entityName":"Stock Fundamental","lastGlobalUpdate":31524,"fieldName":"keyPrior","dataType":"DATAITEM","calculation":false,"fullNodeName":"Stock Fundamental.keyPrior","localDependencies":[],"globalDependencies":[],"crossDependencies":[],"qualifiedSafeName":"Stock Fundamental.keyPrior","codeName":"keyPrior","keyName":"Stock Fundamental.keyPrior","safeName":"Stock Fundamental.keyPrior","field":{"id":"keyPrior","name":"keyPrior","dirty":false,"incomplete":false,"initialized":false,"type":"DATAITEM","required":false,"readOnly":false,"allowNull":false,"zeroOnNull":false,"keyField":false,"sorted":false,"indexed":false,"multiIndex":false,"array":false,"arrayUnique":false,"arrayMaxSize":0,"static":false,"native":false,"abstract":false},"id":57},{"nodeId":58,"legendPosition":9,"entityName":"Stock Fundamental","lastGlobalUpdate":31524,"fieldName":"keyNext","dataType":"DATAITEM","calculation":false,"fullNodeName":"Stock Fundamental.keyNext","localDependencies":[],"globalDependencies":[],"crossDependencies":[],"qualifiedSafeName":"Stock Fundamental.keyNext","codeName":"keyNext","keyName":"Stock Fundamental.keyNext","safeName":"Stock Fundamental.keyNext","field":{"id":"keyNext","name":"keyNext","dirty":false,"incomplete":false,"initialized":false,"type":"DATAITEM","required":false,"readOnly":false,"allowNull":false,"zeroOnNull":false,"keyField":false,"sorted":false,"indexed":false,"multiIndex":false,"array":false,"arrayUnique":false,"arrayMaxSize":0,"static":false,"native":false,"abstract":false},"id":58},{"nodeId":59,"legendPosition":10,"entityName":"Stock Fundamental","lastGlobalUpdate":31524,"fieldName":"keyPosition","dataType":"INTEGER","calculation":false,"fullNodeName":"Stock Fundamental.keyPosition","localDependencies":[],"globalDependencies":[],"crossDependencies":[],"qualifiedSafeName":"Stock Fundamental.keyPosition","codeName":"keyPosition","keyName":"Stock Fundamental.keyPosition","safeName":"Stock Fundamental.keyPosition","field":{"id":"keyPosition","name":"keyPosition","dirty":false,"incomplete":false,"initialized":false,"type":"INTEGER","required":false,"readOnly":false,"allowNull":false,"zeroOnNull":false,"keyField":false,"sorted":false,"indexed":false,"multiIndex":false,"array":false,"arrayUnique":false,"arrayMaxSize":0,"static":false,"native":false,"abstract":false},"id":59},{"nodeId":60,"legendPosition":11,"entityName":"Stock Fundamental","lastGlobalUpdate":31524,"fieldName":"keyNavigation","dataType":"ANY","calculation":false,"fullNodeName":"Stock Fundamental.keyNavigation","localDependencies":[],"globalDependencies":[],"crossDependencies":[],"qualifiedSafeName":"Stock Fundamental.keyNavigation","codeName":"keyNavigation","keyName":"Stock Fundamental.keyNavigation","safeName":"Stock Fundamental.keyNavigation","field":{"id":"keyNavigation","name":"keyNavigation","dirty":false,"incomplete":false,"initialized":false,"type":"ANY","required":false,"readOnly":false,"allowNull":false,"zeroOnNull":false,"keyField":false,"sorted":false,"indexed":false,"multiIndex":false,"array":false,"arrayUnique":false,"arrayMaxSize":0,"static":false,"native":false,"abstract":false},"id":60},{"nodeId":61,"legendPosition":12,"entityName":"Stock Fundamental","lastGlobalUpdate":31524,"fieldName":"model","dataType":"DATAITEM","calculation":false,"fullNodeName":"Stock Fundamental.model","localDependencies":[],"globalDependencies":[],"crossDependencies":[],"qualifiedSafeName":"Stock Fundamental.model","codeName":"model","keyName":"Stock Fundamental.model","safeName":"Stock Fundamental.model","field":{"id":"model","name":"model","dirty":false,"incomplete":false,"initialized":false,"type":"DATAITEM","required":false,"readOnly":false,"allowNull":false,"zeroOnNull":false,"keyField":false,"sorted":false,"indexed":false,"multiIndex":false,"array":false,"arrayUnique":false,"arrayMaxSize":0,"static":false,"native":false,"abstract":false},"id":61},{"nodeId":62,"legendPosition":13,"entityName":"Stock Fundamental","lastGlobalUpdate":31524,"fieldName":"Symbol","dataType":"TEXT","calculation":false,"fullNodeName":"Stock Fundamental.symbol","localDependencies":[],"globalDependencies":[],"crossDependencies":[],"qualifiedSafeName":"Stock Fundamental.symbol","codeName":"symbol","keyName":"Stock Fundamental.symbol","safeName":"Stock Fundamental.symbol","field":{"id":"Symbol","name":"Symbol","dirty":false,"incomplete":false,"initialized":false,"type":"TEXT","required":false,"readOnly":false,"allowNull":false,"zeroOnNull":false,"keyField":false,"sorted":false,"indexed":false,"multiIndex":false,"array":false,"arrayUnique":false,"arrayMaxSize":0,"static":false,"native":false,"abstract":false},"id":62},{"nodeId":63,"legendPosition":14,"entityName":"Stock Fundamental","lastGlobalUpdate":31524,"fieldName":"Name","dataType":"TEXT","calculation":false,"fullNodeName":"Stock Fundamental.name","localDependencies":[],"globalDependencies":[],"crossDependencies":[],"qualifiedSafeName":"Stock Fundamental.name","codeName":"name","keyName":"Stock Fundamental.name","safeName":"Stock Fundamental.name","field":{"id":"Name","name":"Name","dirty":false,"incomplete":false,"initialized":false,"type":"TEXT","required":false,"readOnly":false,"allowNull":false,"zeroOnNull":false,"keyField":false,"sorted":false,"indexed":false,"multiIndex":false,"array":false,"arrayUnique":false,"arrayMaxSize":0,"static":false,"native":false,"abstract":false},"id":63},{"nodeId":64,"legendPosition":15,"entityName":"Stock Fundamental","lastGlobalUpdate":31524,"fieldName":"Sector","dataType":"TEXT","calculation":false,"fullNodeName":"Stock Fundamental.sector","localDependencies":[],"globalDependencies":[],"crossDependencies":[],"qualifiedSafeName":"Stock Fundamental.sector","codeName":"sector","keyName":"Stock Fundamental.sector","safeName":"Stock Fundamental.sector","field":{"id":"Sector","name":"Sector","dirty":false,"incomplete":false,"initialized":false,"type":"TEXT","required":false,"readOnly":false,"allowNull":false,"zeroOnNull":false,"keyField":false,"sorted":false,"indexed":false,"multiIndex":false,"array":false,"arrayUnique":false,"arrayMaxSize":0,"static":false,"native":false,"abstract":false},"id":64},{"nodeId":65,"legendPosition":16,"entityName":"Stock Fundamental","lastGlobalUpdate":31524,"fieldName":"Price","dataType":"DECIMAL","calculation":false,"fullNodeName":"Stock Fundamental.price","localDependencies":[],"globalDependencies":[],"crossDependencies":[],"qualifiedSafeName":"Stock Fundamental.price","codeName":"price","keyName":"Stock Fundamental.price","safeName":"Stock Fundamental.price","field":{"id":"Price","name":"Price","dirty":false,"incomplete":false,"initialized":false,"type":"DECIMAL","required":false,"readOnly":false,"allowNull":false,"zeroOnNull":false,"keyField":false,"sorted":false,"indexed":false,"multiIndex":false,"array":false,"arrayUnique":false,"arrayMaxSize":0,"static":false,"native":false,"abstract":false},"id":65},{"nodeId":66,"legendPosition":17,"entityName":"Stock Fundamental","lastGlobalUpdate":31524,"fieldName":"Dividend","dataType":"DECIMAL","calculation":false,"fullNodeName":"Stock Fundamental.dividend","localDependencies":[],"globalDependencies":[],"crossDependencies":[],"qualifiedSafeName":"Stock Fundamental.dividend","codeName":"dividend","keyName":"Stock Fundamental.dividend","safeName":"Stock Fundamental.dividend","field":{"id":"Dividend","name":"Dividend","dirty":false,"incomplete":false,"initialized":false,"type":"DECIMAL","required":false,"readOnly":false,"allowNull":false,"zeroOnNull":false,"keyField":false,"sorted":false,"indexed":false,"multiIndex":false,"array":false,"arrayUnique":false,"arrayMaxSize":0,"static":false,"native":false,"abstract":false},"id":66},{"nodeId":67,"legendPosition":18,"entityName":"Stock Fundamental","lastGlobalUpdate":31524,"fieldName":"EPS","dataType":"DECIMAL","calculation":false,"fullNodeName":"Stock Fundamental.EPS","localDependencies":[],"globalDependencies":[],"crossDependencies":[],"qualifiedSafeName":"Stock Fundamental.EPS","codeName":"EPS","keyName":"Stock Fundamental.EPS","safeName":"Stock Fundamental.EPS","field":{"id":"EPS","name":"EPS","dirty":false,"incomplete":false,"initialized":false,"type":"DECIMAL","required":false,"readOnly":false,"allowNull":false,"zeroOnNull":false,"keyField":false,"sorted":false,"indexed":false,"multiIndex":false,"array":false,"arrayUnique":false,"arrayMaxSize":0,"static":false,"native":false,"abstract":false},"id":67},{"nodeId":68,"legendPosition":19,"entityName":"Stock Fundamental","lastGlobalUpdate":31524,"fieldName":"Book Value","dataType":"DECIMAL","calculation":false,"fullNodeName":"Stock Fundamental.bookValue","localDependencies":[],"globalDependencies":[],"crossDependencies":[],"qualifiedSafeName":"Stock Fundamental.bookValue","codeName":"bookValue","keyName":"Stock Fundamental.bookValue","safeName":"Stock Fundamental.bookValue","field":{"id":"Book Value","name":"Book Value","dirty":false,"incomplete":false,"initialized":false,"type":"DECIMAL","required":false,"readOnly":false,"allowNull":false,"zeroOnNull":false,"keyField":false,"sorted":false,"indexed":false,"multiIndex":false,"array":false,"arrayUnique":false,"arrayMaxSize":0,"static":false,"native":false,"abstract":false},"id":68},{"nodeId":69,"legendPosition":20,"entityName":"Stock Fundamental","lastGlobalUpdate":31524,"fieldName":"52 week low","dataType":"DECIMAL","calculation":false,"fullNodeName":"Stock Fundamental.n52WeekLow","localDependencies":[],"globalDependencies":[],"crossDependencies":[],"qualifiedSafeName":"Stock Fundamental.n52WeekLow","codeName":"n52WeekLow","keyName":"Stock Fundamental.n52WeekLow","safeName":"Stock Fundamental.n52WeekLow","field":{"id":"52 week low","name":"52 week low","dirty":false,"incomplete":false,"initialized":false,"type":"DECIMAL","required":false,"readOnly":false,"allowNull":false,"zeroOnNull":false,"keyField":false,"sorted":false,"indexed":false,"multiIndex":false,"array":false,"arrayUnique":false,"arrayMaxSize":0,"static":false,"native":false,"abstract":false},"id":69},{"nodeId":70,"legendPosition":21,"entityName":"Stock Fundamental","lastGlobalUpdate":31524,"fieldName":"52 week high","dataType":"DECIMAL","calculation":false,"fullNodeName":"Stock Fundamental.n52WeekHigh","localDependencies":[],"globalDependencies":[],"crossDependencies":[],"qualifiedSafeName":"Stock Fundamental.n52WeekHigh","codeName":"n52WeekHigh","keyName":"Stock Fundamental.n52WeekHigh","safeName":"Stock Fundamental.n52WeekHigh","field":{"id":"52 week high","name":"52 week high","dirty":false,"incomplete":false,"initialized":false,"type":"DECIMAL","required":false,"readOnly":false,"allowNull":false,"zeroOnNull":false,"keyField":false,"sorted":false,"indexed":false,"multiIndex":false,"array":false,"arrayUnique":false,"arrayMaxSize":0,"static":false,"native":false,"abstract":false},"id":70},{"nodeId":71,"legendPosition":22,"entityName":"Stock Fundamental","lastGlobalUpdate":31524,"fieldName":"Market Cap","dataType":"DECIMAL","calculation":false,"fullNodeName":"Stock Fundamental.marketCap","localDependencies":[],"globalDependencies":[],"crossDependencies":[],"qualifiedSafeName":"Stock Fundamental.marketCap","codeName":"marketCap","keyName":"Stock Fundamental.marketCap","safeName":"Stock Fundamental.marketCap","field":{"id":"Market Cap","name":"Market Cap","dirty":false,"incomplete":false,"initialized":false,"type":"DECIMAL","required":false,"readOnly":false,"allowNull":false,"zeroOnNull":false,"keyField":false,"sorted":false,"indexed":false,"multiIndex":false,"array":false,"arrayUnique":false,"arrayMaxSize":0,"static":false,"native":false,"abstract":false},"id":71},{"nodeId":72,"legendPosition":23,"entityName":"Stock Fundamental","lastGlobalUpdate":31524,"fieldName":"sourceName","dataType":"TEXT","calculation":false,"fullNodeName":"Stock Fundamental.sourceName","localDependencies":[],"globalDependencies":[],"crossDependencies":[],"qualifiedSafeName":"Stock Fundamental.sourceName","codeName":"sourceName","keyName":"Stock Fundamental.sourceName","safeName":"Stock Fundamental.sourceName","field":{"id":"sourceName","name":"sourceName","dirty":false,"incomplete":false,"initialized":false,"type":"TEXT","required":false,"readOnly":false,"allowNull":false,"zeroOnNull":false,"keyField":false,"sorted":false,"indexed":false,"multiIndex":false,"array":false,"arrayUnique":false,"arrayMaxSize":0,"static":false,"native":false,"abstract":false},"id":72},{"nodeId":73,"legendPosition":24,"entityName":"Stock Fundamental","lastGlobalUpdate":31524,"fieldName":"lineNumber","dataType":"INTEGER","calculation":false,"fullNodeName":"Stock Fundamental.lineNumber","localDependencies":[],"globalDependencies":[],"crossDependencies":[],"qualifiedSafeName":"Stock Fundamental.lineNumber","codeName":"lineNumber","keyName":"Stock Fundamental.lineNumber","safeName":"Stock Fundamental.lineNumber","field":{"id":"lineNumber","name":"lineNumber","dirty":false,"incomplete":false,"initialized":false,"type":"INTEGER","required":false,"readOnly":false,"allowNull":false,"zeroOnNull":false,"keyField":false,"sorted":false,"indexed":false,"multiIndex":false,"array":false,"arrayUnique":false,"arrayMaxSize":0,"static":false,"native":false,"abstract":false},"id":73},{"nodeId":0,"legendPosition":25,"entityName":"Stock Fundamental","fieldName":"view_id_","dataType":"INTEGER","calculation":false,"localDependencies":[],"globalDependencies":[],"crossDependencies":[],"codeName":"view_id_","field":{"id":"view_id_","name":"view_id_","dirty":false,"incomplete":false,"initialized":false,"type":"INTEGER","required":false,"readOnly":false,"allowNull":false,"zeroOnNull":false,"keyField":false,"sorted":false,"indexed":false,"multiIndex":false,"array":false,"arrayUnique":false,"arrayMaxSize":0,"static":false,"native":false,"abstract":false},"id":0},{"nodeId":0,"legendPosition":26,"entityName":"Stock Fundamental","fieldName":"view_name","dataType":"TEXT","calculation":false,"localDependencies":[],"globalDependencies":[],"crossDependencies":[],"codeName":"view_name","field":{"id":"view_name","name":"view_name","dirty":false,"incomplete":false,"initialized":false,"type":"TEXT","required":false,"readOnly":false,"allowNull":false,"zeroOnNull":false,"keyField":false,"sorted":false,"indexed":false,"multiIndex":false,"array":false,"arrayUnique":false,"arrayMaxSize":0,"static":false,"native":false,"abstract":false},"id":0},{"nodeId":0,"legendPosition":27,"entityName":"Stock Fundamental","fieldName":"view_symbol","dataType":"TEXT","calculation":false,"localDependencies":[],"globalDependencies":[],"crossDependencies":[],"codeName":"view_symbol","field":{"id":"view_symbol","name":"view_symbol","dirty":false,"incomplete":false,"initialized":false,"type":"TEXT","required":false,"readOnly":false,"allowNull":false,"zeroOnNull":false,"keyField":false,"sorted":false,"indexed":false,"multiIndex":false,"array":false,"arrayUnique":false,"arrayMaxSize":0,"static":false,"native":false,"abstract":false},"id":0},{"nodeId":0,"legendPosition":28,"entityName":"Stock Fundamental","fieldName":"view_sector","dataType":"TEXT","calculation":false,"localDependencies":[],"globalDependencies":[],"crossDependencies":[],"codeName":"view_sector","field":{"id":"view_sector","name":"view_sector","dirty":false,"incomplete":false,"initialized":false,"type":"TEXT","required":false,"readOnly":false,"allowNull":false,"zeroOnNull":false,"keyField":false,"sorted":false,"indexed":false,"multiIndex":false,"array":false,"arrayUnique":false,"arrayMaxSize":0,"static":false,"native":false,"abstract":false},"id":0},{"nodeId":0,"legendPosition":29,"entityName":"Stock Fundamental","fieldName":"view_price","dataType":"DECIMAL","calculation":false,"localDependencies":[],"globalDependencies":[],"crossDependencies":[],"codeName":"view_price","field":{"id":"view_price","name":"view_price","dirty":false,"incomplete":false,"initialized":false,"type":"DECIMAL","required":false,"readOnly":false,"allowNull":false,"zeroOnNull":false,"keyField":false,"sorted":false,"indexed":false,"multiIndex":false,"array":false,"arrayUnique":false,"arrayMaxSize":0,"static":false,"native":false,"abstract":false},"id":0},{"nodeId":0,"legendPosition":30,"entityName":"Stock Fundamental","fieldName":"view_dividend","dataType":"DECIMAL","calculation":false,"localDependencies":[],"globalDependencies":[],"crossDependencies":[],"codeName":"view_dividend","field":{"id":"view_dividend","name":"view_dividend","dirty":false,"incomplete":false,"initialized":false,"type":"DECIMAL","required":false,"readOnly":false,"allowNull":false,"zeroOnNull":false,"keyField":false,"sorted":false,"indexed":false,"multiIndex":false,"array":false,"arrayUnique":false,"arrayMaxSize":0,"static":false,"native":false,"abstract":false},"id":0},{"nodeId":0,"legendPosition":31,"entityName":"Stock Fundamental","fieldName":"view_EPS","dataType":"DECIMAL","calculation":false,"localDependencies":[],"globalDependencies":[],"crossDependencies":[],"codeName":"view_EPS","field":{"id":"view_EPS","name":"view_EPS","dirty":false,"incomplete":false,"initialized":false,"type":"DECIMAL","required":false,"readOnly":false,"allowNull":false,"zeroOnNull":false,"keyField":false,"sorted":false,"indexed":false,"multiIndex":false,"array":false,"arrayUnique":false,"arrayMaxSize":0,"static":false,"native":false,"abstract":false},"id":0},{"nodeId":0,"legendPosition":32,"entityName":"Stock Fundamental","fieldName":"view_bookValue","dataType":"DECIMAL","calculation":false,"localDependencies":[],"globalDependencies":[],"crossDependencies":[],"codeName":"view_bookValue","field":{"id":"view_bookValue","name":"view_bookValue","dirty":false,"incomplete":false,"initialized":false,"type":"DECIMAL","required":false,"readOnly":false,"allowNull":false,"zeroOnNull":false,"keyField":false,"sorted":false,"indexed":false,"multiIndex":false,"array":false,"arrayUnique":false,"arrayMaxSize":0,"static":false,"native":false,"abstract":false},"id":0},{"nodeId":0,"legendPosition":33,"entityName":"Stock Fundamental","fieldName":"view_n52WeekLow","dataType":"DECIMAL","calculation":false,"localDependencies":[],"globalDependencies":[],"crossDependencies":[],"codeName":"view_n52WeekLow","field":{"id":"view_n52WeekLow","name":"view_n52WeekLow","dirty":false,"incomplete":false,"initialized":false,"type":"DECIMAL","required":false,"readOnly":false,"allowNull":false,"zeroOnNull":false,"keyField":false,"sorted":false,"indexed":false,"multiIndex":false,"array":false,"arrayUnique":false,"arrayMaxSize":0,"static":false,"native":false,"abstract":false},"id":0},{"nodeId":0,"legendPosition":34,"entityName":"Stock Fundamental","fieldName":"view_n52WeekHigh","dataType":"DECIMAL","calculation":false,"localDependencies":[],"globalDependencies":[],"crossDependencies":[],"codeName":"view_n52WeekHigh","field":{"id":"view_n52WeekHigh","name":"view_n52WeekHigh","dirty":false,"incomplete":false,"initialized":false,"type":"DECIMAL","required":false,"readOnly":false,"allowNull":false,"zeroOnNull":false,"keyField":false,"sorted":false,"indexed":false,"multiIndex":false,"array":false,"arrayUnique":false,"arrayMaxSize":0,"static":false,"native":false,"abstract":false},"id":0},{"nodeId":0,"legendPosition":35,"entityName":"Stock Fundamental","fieldName":"view_marketCap","dataType":"DECIMAL","calculation":false,"localDependencies":[],"globalDependencies":[],"crossDependencies":[],"codeName":"view_marketCap","field":{"id":"view_marketCap","name":"view_marketCap","dirty":false,"incomplete":false,"initialized":false,"type":"DECIMAL","required":false,"readOnly":false,"allowNull":false,"zeroOnNull":false,"keyField":false,"sorted":false,"indexed":false,"multiIndex":false,"array":false,"arrayUnique":false,"arrayMaxSize":0,"static":false,"native":false,"abstract":false},"id":0},{"nodeId":0,"legendPosition":36,"entityName":"Stock Fundamental","fieldName":"view_sourceName","dataType":"TEXT","calculation":false,"localDependencies":[],"globalDependencies":[],"crossDependencies":[],"codeName":"view_sourceName","field":{"id":"view_sourceName","name":"view_sourceName","dirty":false,"incomplete":false,"initialized":false,"type":"TEXT","required":false,"readOnly":false,"allowNull":false,"zeroOnNull":false,"keyField":false,"sorted":false,"indexed":false,"multiIndex":false,"array":false,"arrayUnique":false,"arrayMaxSize":0,"static":false,"native":false,"abstract":false},"id":0},{"nodeId":0,"legendPosition":37,"entityName":"Stock Fundamental","fieldName":"view_lineNumber","dataType":"INTEGER","calculation":false,"localDependencies":[],"globalDependencies":[],"crossDependencies":[],"codeName":"view_lineNumber","field":{"id":"view_lineNumber","name":"view_lineNumber","dirty":false,"incomplete":false,"initialized":false,"type":"INTEGER","required":false,"readOnly":false,"allowNull":false,"zeroOnNull":false,"keyField":false,"sorted":false,"indexed":false,"multiIndex":false,"array":false,"arrayUnique":false,"arrayMaxSize":0,"static":false,"native":false,"abstract":false},"id":0}],"id":0}
{"configType":"dataitem","entityName":"Strategy","numFields":28,"lastUpdate":31525,"version":-3143985,"dependencyInfos":[{"nodeId":0,"legendPosition":0,"entityName":"Strategy","fieldName":"connector_strategy_CONNECTOR","dataType":"ANY","calculation":false,"localDependencies":[],"globalDependencies":[],"crossDependencies":[],"codeName":"connector_strategy_CONNECTOR","field":{"id":"connector_strategy_CONNECTOR","name":"connector_strategy_CONNECTOR","dirty":false,"incomplete":false,"initialized":false,"type":"ANY","required":false,"readOnly":false,"allowNull":false,"zeroOnNull":false,"keyField":false,"sorted":false,"indexed":false,"multiIndex":false,"array":false,"arrayUnique":false,"arrayMaxSize":0,"static":false,"native":false,"abstract":false},"id":0},{"nodeId":76,"legendPosition":1,"entityName":"Strategy","lastGlobalUpdate":31525,"fieldName":"id","dataType":"INTEGER","calculation":false,"fullNodeName":"Strategy.id","localDependencies":["Strategy.lineNumber"],"globalDependencies":[],"crossDependencies":[],"qualifiedSafeName":"Strategy.id","codeName":"id","keyName":"Strategy.id","safeName":"Strategy.id","field":{"id":"id","name":"id","dirty":false,"incomplete":false,"initialized":false,"type":"INTEGER","required":false,"readOnly":false,"allowNull":false,"zeroOnNull":false,"keyField":false,"sorted":false,"indexed":false,"multiIndex":false,"array":false,"arrayUnique":false,"arrayMaxSize":0,"static":false,"native":false,"abstract":false},"id":76},{"nodeId":77,"legendPosition":2,"entityName":"Strategy","lastGlobalUpdate":31525,"fieldName":"version","dataType":"INTEGER","calculation":false,"fullNodeName":"Strategy.version","localDependencies":[],"globalDependencies":[],"crossDependencies":[],"qualifiedSafeName":"Strategy.version","codeName":"version","keyName":"Strategy.version","safeName":"Strategy.version","field":{"id":"version","name":"version","dirty":false,"incomplete":false,"initialized":false,"type":"INTEGER","required":false,"readOnly":false,"allowNull":false,"zeroOnNull":false,"keyField":false,"sorted":false,"indexed":false,"multiIndex":false,"array":false,"arrayUnique":false,"arrayMaxSize":0,"static":false,"native":false,"abstract":false},"id":77},{"nodeId":78,"legendPosition":3,"entityName":"Strategy","lastGlobalUpdate":31525,"fieldName":"ruleResults","dataType":"RAW","calculation":false,"fullNodeName":"Strategy.ruleResults","localDependencies":[],"globalDependencies":[],"crossDependencies":[],"qualifiedSafeName":"Strategy.ruleResults","codeName":"ruleResults","keyName":"Strategy.ruleResults","safeName":"Strategy.ruleResults","field":{"id":"ruleResults","name":"ruleResults","dirty":false,"incomplete":false,"initialized":false,"type":"RAW","required":false,"readOnly":false,"allowNull":false,"zeroOnNull":false,"keyField":false,"sorted":false,"indexed":false,"multiIndex":false,"array":true,"arrayUnique":false,"arrayMaxSize":0,"static":false,"native":false,"abstract":false},"id":78},{"nodeId":79,"legendPosition":4,"entityName":"Strategy","lastGlobalUpdate":31525,"fieldName":"errors","dataType":"RAW","calculation":false,"fullNodeName":"Strategy.errors","localDependencies":[],"globalDependencies":[],"crossDependencies":[],"qualifiedSafeName":"Strategy.errors","codeName":"errors","keyName":"Strategy.errors","safeName":"Strategy.errors","field":{"id":"errors","name":"errors","dirty":false,"incomplete":false,"initialized":false,"type":"RAW","required":false,"readOnly":false,"allowNull":false,"zeroOnNull":false,"keyField":false,"sorted":false,"indexed":false,"multiIndex":false,"array":true,"arrayUnique":false,"arrayMaxSize":0,"static":false,"native":false,"abstract":false},"id":79},{"nodeId":80,"legendPosition":5,"entityName":"Strategy","lastGlobalUpdate":31525,"fieldName":"entityName","dataType":"TEXT","calculation":false,"fullNodeName":"Strategy.entityName","localDependencies":[],"globalDependencies":[],"crossDependencies":[],"qualifiedSafeName":"Strategy.entityName","codeName":"entityName","keyName":"Strategy.entityName","safeName":"Strategy.entityName","field":{"id":"entityName","name":"entityName","dirty":false,"incomplete":false,"initialized":false,"type":"TEXT","required":false,"readOnly":false,"allowNull":false,"zeroOnNull":false,"keyField":false,"sorted":false,"indexed":false,"multiIndex":false,"array":false,"arrayUnique":false,"arrayMaxSize":0,"static":false,"native":false,"abstract":false},"id":80},{"nodeId":81,"legendPosition":6,"entityName":"Strategy","lastGlobalUpdate":31525,"fieldName":"key","dataType":"TEXT","calculation":false,"fullNodeName":"Strategy.key","localDependencies":[],"globalDependencies":[],"crossDependencies":[],"qualifiedSafeName":"Strategy.key","codeName":"key","keyName":"Strategy.key","safeName":"Strategy.key","field":{"id":"key","name":"key","dirty":false,"incomplete":false,"initialized":false,"type":"TEXT","required":false,"readOnly":false,"allowNull":false,"zeroOnNull":false,"keyField":false,"sorted":false,"indexed":false,"multiIndex":false,"array":false,"arrayUnique":false,"arrayMaxSize":0,"static":false,"native":false,"abstract":false},"id":81},{"nodeId":82,"legendPosition":7,"entityName":"Strategy","lastGlobalUpdate":31525,"fieldName":"seriesValue","dataType":"ANY","calculation":false,"fullNodeName":"Strategy.seriesValue","localDependencies":[],"globalDependencies":[],"crossDependencies":[],"qualifiedSafeName":"Strategy.seriesValue","codeName":"seriesValue","keyName":"Strategy.seriesValue","safeName":"Strategy.seriesValue","field":{"id":"seriesValue","name":"seriesValue","dirty":false,"incomplete":false,"initialized":false,"type":"ANY","required":false,"readOnly":false,"allowNull":false,"zeroOnNull":false,"keyField":false,"sorted":false,"indexed":false,"multiIndex":false,"array":false,"arrayUnique":false,"arrayMaxSize":0,"static":false,"native":false,"abstract":false},"id":82},{"nodeId":83,"legendPosition":8,"entityName":"Strategy","lastGlobalUpdate":31525,"fieldName":"keyPrior","dataType":"DATAITEM","calculation":false,"fullNodeName":"Strategy.keyPrior","localDependencies":[],"globalDependencies":[],"crossDependencies":[],"qualifiedSafeName":"Strategy.keyPrior","codeName":"keyPrior","keyName":"Strategy.keyPrior","safeName":"Strategy.keyPrior","field":{"id":"keyPrior","name":"keyPrior","dirty":false,"incomplete":false,"initialized":false,"type":"DATAITEM","required":false,"readOnly":false,"allowNull":false,"zeroOnNull":false,"keyField":false,"sorted":false,"indexed":false,"multiIndex":false,"array":false,"arrayUnique":false,"arrayMaxSize":0,"static":false,"native":false,"abstract":false},"id":83},{"nodeId":84,"legendPosition":9,"entityName":"Strategy","lastGlobalUpdate":31525,"fieldName":"keyNext","dataType":"DATAITEM","calculation":false,"fullNodeName":"Strategy.keyNext","localDependencies":[],"globalDependencies":[],"crossDependencies":[],"qualifiedSafeName":"Strategy.keyNext","codeName":"keyNext","keyName":"Strategy.keyNext","safeName":"Strategy.keyNext","field":{"id":"keyNext","name":"keyNext","dirty":false,"incomplete":false,"initialized":false,"type":"DATAITEM","required":false,"readOnly":false,"allowNull":false,"zeroOnNull":false,"keyField":false,"sorted":false,"indexed":false,"multiIndex":false,"array":false,"arrayUnique":false,"arrayMaxSize":0,"static":false,"native":false,"abstract":false},"id":84},{"nodeId":85,"legendPosition":10,"entityName":"Strategy","lastGlobalUpdate":31525,"fieldName":"keyPosition","dataType":"INTEGER","calculation":false,"fullNodeName":"Strategy.keyPosition","localDependencies":[],"globalDependencies":[],"crossDependencies":[],"qualifiedSafeName":"Strategy.keyPosition","codeName":"keyPosition","keyName":"Strategy.keyPosition","safeName":"Strategy.keyPosition","field":{"id":"keyPosition","name":"keyPosition","dirty":false,"incomplete":false,"initialized":false,"type":"INTEGER","required":false,"readOnly":false,"allowNull":false,"zeroOnNull":false,"keyField":false,"sorted":false,"indexed":false,"multiIndex":false,"array":false,"arrayUnique":false,"arrayMaxSize":0,"static":false,"native":false,"abstract":false},"id":85},{"nodeId":86,"legendPosition":11,"entityName":"Strategy","lastGlobalUpdate":31525,"fieldName":"keyNavigation","dataType":"ANY","calculation":false,"fullNodeName":"Strategy.keyNavigation","localDependencies":[],"globalDependencies":[],"crossDependencies":[],"qualifiedSafeName":"Strategy.keyNavigation","codeName":"keyNavigation","keyName":"Strategy.keyNavigation","safeName":"Strategy.keyNavigation","field":{"id":"keyNavigation","name":"keyNavigation","dirty":false,"incomplete":false,"initialized":false,"type":"ANY","required":false,"readOnly":false,"allowNull":false,"zeroOnNull":false,"keyField":false,"sorted":false,"indexed":false,"multiIndex":false,"array":false,"arrayUnique":false,"arrayMaxSize":0,"static":false,"native":false,"abstract":false},"id":86},{"nodeId":87,"legendPosition":12,"entityName":"Strategy","lastGlobalUpdate":31525,"fieldName":"model","dataType":"DATAITEM","calculation":false,"fullNodeName":"Strategy.model","localDependencies":[],"globalDependencies":[],"crossDependencies":[],"qualifiedSafeName":"Strategy.model","codeName":"model","keyName":"Strategy.model","safeName":"Strategy.model","field":{"id":"model","name":"model","dirty":false,"incomplete":false,"initialized":false,"type":"DATAITEM","required":false,"readOnly":false,"allowNull":false,"zeroOnNull":false,"keyField":false,"sorted":false,"indexed":false,"multiIndex":false,"array":false,"arrayUnique":false,"arrayMaxSize":0,"static":false,"native":false,"abstract":false},"id":87},{"nodeId":88,"legendPosition":13,"entityName":"Strategy","lastGlobalUpdate":31525,"fieldName":"Name","dataType":"TEXT","calculation":false,"fullNodeName":"Strategy.name","localDependencies":[],"globalDependencies":[],"crossDependencies":[],"qualifiedSafeName":"Strategy.name","codeName":"name","keyName":"Strategy.name","safeName":"Strategy.name","field":{"id":"Name","name":"Name","dirty":false,"incomplete":false,"initialized":false,"type":"TEXT","required":false,"readOnly":false,"allowNull":false,"zeroOnNull":false,"keyField":false,"sorted":false,"indexed":false,"multiIndex":false,"array":false,"arrayUnique":false,"arrayMaxSize":0,"static":false,"native":false,"abstract":false},"id":88},{"nodeId":89,"legendPosition":14,"entityName":"Strategy","lastGlobalUpdate":31525,"fieldName":"Price to Earnings","dataType":"INTEGER","calculation":false,"fullNodeName":"Strategy.priceToEarnings","localDependencies":[],"globalDependencies":[],"crossDependencies":[],"qualifiedSafeName":"Strategy.priceToEarnings","codeName":"priceToEarnings","keyName":"Strategy.priceToEarnings","safeName":"Strategy.priceToEarnings","field":{"id":"Price to Earnings","name":"Price to Earnings","dirty":false,"incomplete":false,"initialized":false,"type":"INTEGER","required":false,"readOnly":false,"allowNull":false,"zeroOnNull":false,"keyField":false,"sorted":false,"indexed":false,"multiIndex":false,"array":false,"arrayUnique":false,"arrayMaxSize":0,"static":false,"native":false,"abstract":false},"id":89},{"nodeId":90,"legendPosition":15,"entityName":"Strategy","lastGlobalUpdate":31525,"fieldName":"Price to Book","dataType":"DECIMAL","calculation":false,"fullNodeName":"Strategy.priceToBook","localDependencies":[],"globalDependencies":[],"crossDependencies":[],"qualifiedSafeName":"Strategy.priceToBook","codeName":"priceToBook","keyName":"Strategy.priceToBook","safeName":"Strategy.priceToBook","field":{"id":"Price to Book","name":"Price to Book","dirty":false,"incomplete":false,"initialized":false,"type":"DECIMAL","required":false,"readOnly":false,"allowNull":false,"zeroOnNull":false,"keyField":false,"sorted":false,"indexed":false,"multiIndex":false,"array":false,"arrayUnique":false,"arrayMaxSize":0,"static":false,"native":false,"abstract":false},"id":90},{"nodeId":91,"legendPosition":16,"entityName":"Strategy","lastGlobalUpdate":31525,"fieldName":"Dividend Yield","dataType":"DECIMAL","calculation":false,"fullNodeName":"Strategy.dividendYield","localDependencies":[],"globalDependencies":[],"crossDependencies":[],"qualifiedSafeName":"Strategy.dividendYield","codeName":"dividendYield","keyName":"Strategy.dividendYield","safeName":"Strategy.dividendYield","field":{"id":"Dividend Yield","name":"Dividend Yield","dirty":false,"incomplete":false,"initialized":false,"type":"DECIMAL","required":false,"readOnly":false,"allowNull":false,"zeroOnNull":false,"keyField":false,"sorted":false,"indexed":false,"multiIndex":false,"array":false,"arrayUnique":false,"arrayMaxSize":0,"static":false,"native":false,"abstract":false},"id":91},{"nodeId":92,"legendPosition":17,"entityName":"Strategy","lastGlobalUpdate":31525,"fieldName":"Expected Return","dataType":"DECIMAL","calculation":false,"fullNodeName":"Strategy.expectedReturn","localDependencies":[],"globalDependencies":[],"crossDependencies":[],"qualifiedSafeName":"Strategy.expectedReturn","codeName":"expectedReturn","keyName":"Strategy.expectedReturn","safeName":"Strategy.expectedReturn","field":{"id":"Expected Return","name":"Expected Return","dirty":false,"incomplete":false,"initialized":false,"type":"DECIMAL","required":false,"readOnly":false,"allowNull":false,"zeroOnNull":false,"keyField":false,"sorted":false,"indexed":false,"multiIndex":false,"array":false,"arrayUnique":false,"arrayMaxSize":0,"static":false,"native":false,"abstract":false},"id":92},{"nodeId":93,"legendPosition":18,"entityName":"Strategy","lastGlobalUpdate":31525,"fieldName":"sourceName","dataType":"TEXT","calculation":false,"fullNodeName":"Strategy.sourceName","localDependencies":[],"globalDependencies":[],"crossDependencies":[],"qualifiedSafeName":"Strategy.sourceName","codeName":"sourceName","keyName":"Strategy.sourceName","safeName":"Strategy.sourceName","field":{"id":"sourceName","name":"sourceName","dirty":false,"incomplete":false,"initialized":false,"type":"TEXT","required":false,"readOnly":false,"allowNull":false,"zeroOnNull":false,"keyField":false,"sorted":false,"indexed":false,"multiIndex":false,"array":false,"arrayUnique":false,"arrayMaxSize":0,"static":false,"native":false,"abstract":false},"id":93},{"nodeId":94,"legendPosition":19,"entityName":"Strategy","lastGlobalUpdate":31525,"fieldName":"lineNumber","dataType":"INTEGER","calculation":false,"fullNodeName":"Strategy.lineNumber","localDependencies":[],"globalDependencies":[],"crossDependencies":[],"qualifiedSafeName":"Strategy.lineNumber","codeName":"lineNumber","keyName":"Strategy.lineNumber","safeName":"Strategy.lineNumber","field":{"id":"lineNumber","name":"lineNumber","dirty":false,"incomplete":false,"initialized":false,"type":"INTEGER","required":false,"readOnly":false,"allowNull":false,"zeroOnNull":false,"keyField":false,"sorted":false,"indexed":false,"multiIndex":false,"array":false,"arrayUnique":false,"arrayMaxSize":0,"static":false,"native":false,"abstract":false},"id":94},{"nodeId":0,"legendPosition":20,"entityName":"Strategy","fieldName":"view_id_","dataType":"INTEGER","calculation":false,"localDependencies":[],"globalDependencies":[],"crossDependencies":[],"codeName":"view_id_","field":{"id":"view_id_","name":"view_id_","dirty":false,"incomplete":false,"initialized":false,"type":"INTEGER","required":false,"readOnly":false,"allowNull":false,"zeroOnNull":false,"keyField":false,"sorted":false,"indexed":false,"multiIndex":false,"array":false,"arrayUnique":false,"arrayMaxSize":0,"static":false,"native":false,"abstract":false},"id":0},{"nodeId":0,"legendPosition":21,"entityName":"Strategy","fieldName":"view_name","dataType":"TEXT","calculation":false,"localDependencies":[],"globalDependencies":[],"crossDependencies":[],"codeName":"view_name","field":{"id":"view_name","name":"view_name","dirty":false,"incomplete":false,"initialized":false,"type":"TEXT","required":false,"readOnly":false,"allowNull":false,"zeroOnNull":false,"keyField":false,"sorted":false,"indexed":false,"multiIndex":false,"array":false,"arrayUnique":false,"arrayMaxSize":0,"static":false,"native":false,"abstract":false},"id":0},{"nodeId":0,"legendPosition":22,"entityName":"Strategy","fieldName":"view_priceToEarnings","dataType":"INTEGER","calculation":false,"localDependencies":[],"globalDependencies":[],"crossDependencies":[],"codeName":"view_priceToEarnings","field":{"id":"view_priceToEarnings","name":"view_priceToEarnings","dirty":false,"incomplete":false,"initialized":false,"type":"INTEGER","required":false,"readOnly":false,"allowNull":false,"zeroOnNull":false,"keyField":false,"sorted":false,"indexed":false,"multiIndex":false,"array":false,"arrayUnique":false,"arrayMaxSize":0,"static":false,"native":false,"abstract":false},"id":0},{"nodeId":0,"legendPosition":23,"entityName":"Strategy","fieldName":"view_priceToBook","dataType":"DECIMAL","calculation":false,"localDependencies":[],"globalDependencies":[],"crossDependencies":[],"codeName":"view_priceToBook","field":{"id":"view_priceToBook","name":"view_priceToBook","dirty":false,"incomplete":false,"initialized":false,"type":"DECIMAL","required":false,"readOnly":false,"allowNull":false,"zeroOnNull":false,"keyField":false,"sorted":false,"indexed":false,"multiIndex":false,"array":false,"arrayUnique":false,"arrayMaxSize":0,"static":false,"native":false,"abstract":false},"id":0},{"nodeId":0,"legendPosition":24,"entityName":"Strategy","fieldName":"view_dividendYield","dataType":"DECIMAL","calculation":false,"localDependencies":[],"globalDependencies":[],"crossDependencies":[],"codeName":"view_dividendYield","field":{"id":"view_dividendYield","name":"view_dividendYield","dirty":false,"incomplete":false,"initialized":false,"type":"DECIMAL","required":false,"readOnly":false,"allowNull":false,"zeroOnNull":false,"keyField":false,"sorted":false,"indexed":false,"multiIndex":false,"array":false,"arrayUnique":false,"arrayMaxSize":0,"static":false,"native":false,"abstract":false},"id":0},{"nodeId":0,"legendPosition":25,"entityName":"Strategy","fieldName":"view_expectedReturn","dataType":"DECIMAL","calculation":false,"localDependencies":[],"globalDependencies":[],"crossDependencies":[],"codeName":"view_expectedReturn","field":{"id":"view_expectedReturn","name":"view_expectedReturn","dirty":false,"incomplete":false,"initialized":false,"type":"DECIMAL","required":false,"readOnly":false,"allowNull":false,"zeroOnNull":false,"keyField":false,"sorted":false,"indexed":false,"multiIndex":false,"array":false,"arrayUnique":false,"arrayMaxSize":0,"static":false,"native":false,"abstract":false},"id":0},{"nodeId":0,"legendPosition":26,"entityName":"Strategy","fieldName":"view_sourceName","dataType":"TEXT","calculation":false,"localDependencies":[],"globalDependencies":[],"crossDependencies":[],"codeName":"view_sourceName","field":{"id":"view_sourceName","name":"view_sourceName","dirty":false,"incomplete":false,"initialized":false,"type":"TEXT","required":false,"readOnly":false,"allowNull":false,"zeroOnNull":false,"keyField":false,"sorted":false,"indexed":false,"multiIndex":false,"array":false,"arrayUnique":false,"arrayMaxSize":0,"static":false,"native":false,"abstract":false},"id":0},{"nodeId":0,"legendPosition":27,"entityName":"Strategy","fieldName":"view_lineNumber","dataType":"INTEGER","calculation":false,"localDependencies":[],"globalDependencies":[],"crossDependencies":[],"codeName":"view_lineNumber","field":{"id":"view_lineNumber","name":"view_lineNumber","dirty":false,"incomplete":false,"initialized":false,"type":"INTEGER","required":false,"readOnly":false,"allowNull":false,"zeroOnNull":false,"keyField":false,"sorted":false,"indexed":false,"multiIndex":false,"array":false,"arrayUnique":false,"arrayMaxSize":0,"static":false,"native":false,"abstract":false},"id":0}],"id":0}
