Last Name,First Name,Title,DeptCode,HireDate,Department Name,Salary,Phone,eMail,Department,Manager,Full Name,YearsTenure,<5,5 to 10,>10,Salary Bin,sourceName,lineNumber
Johnston,Priscilla,ACES Programs and Finance,490,2006-12-09,Finance,"$108,464.44",858-679-1587 ext. 107,priscilla.johnston@ecoservices.com,Finance,"Vogt, Dianne","Johnston, Priscilla",5.4,0.00,108464.44,0.00,"$100,000.00",Employees.csv,3
Browne,Michelle,Budget Analyst,490,2011-08-18,Finance,"$96,880.27",858-868-9931ext. 126,michelle.browne@ecoservices.com,Finance,"Vogt, Dianne","Browne, Michelle",0.7,96880.27,0.00,0.00,"$75,000.00",Employees.csv,2
Komeski,Patty,ACES Programs and Finance,490,2010-10-07,Finance,"$73,500.55",858-868-9931 ext. 109,patty.komeski@ecoservices.com,Finance,"Vogt, Dianne","Komeski, Patty",1.6,73500.55,0.00,0.00,"$50,000.00",Employees.csv,4
Newman,Margaret,Accounting Technician,490,2007-07-29,Finance,"$99,001.93",858-868-9931 ext. 117,margaret.newman@ecoservices.com,Finance,"Vogt, Dianne","Newman, Margaret",4.8,99001.93,0.00,0.00,"$75,000.00",Employees.csv,5
Vogt,Dianne,"Accounting Technician, ACES",490,2002-06-28,Finance,"$84,519.10",858-868-7581 ext. 100,dianne.vogt@ecoservices.com,Finance,"Wood, Susan","Vogt, Dianne",9.9,0.00,84519.10,0.00,"$75,000.00",Employees.csv,6
Boyson,Holly R.,Agreements Specialist,490,2002-05-05,Finance,"$95,401.28",858-868-9931 ext. 100,holly.boyson@ecoservices.com,Finance,"Vogt, Dianne","Boyson, Holly R.",10.0,0.00,0.00,95401.28,"$75,000.00",Employees.csv,1
Allen,Rob,Conservation Engineer,840,2008-04-14,Conservation,"$81,156.51",802-951-6796ext. 231,rob.allen@vt.usda.gov,Conservation,"Wright, Daniel","Allen, Rob",4.1,81156.51,0.00,0.00,"$75,000.00",Employees.csv,7
Burgess,William,Soil Conservationist,840,2006-06-21,Conservation,"$78,242.45",858-679-1587 ext. 109,william.burgess@ecoservices.com,Conservation,"Wright, Daniel","Burgess, William",5.9,0.00,78242.45,0.00,"$75,000.00",Employees.csv,8
Cannon,Mary Ellen,Soil Conservationist,840,2009-04-23,Conservation,"$56,184.37",858-788-4651 ext. 105,maryellen.cannon@ecoservices.com,Conservation,"Wright, Daniel","Cannon, Mary Ellen",3.0,56184.37,0.00,0.00,"$50,000.00",Employees.csv,9
Cochrane,Chad,District Conservationist,840,2003-11-25,Conservation,"$94,033.12",858-673-2409ext. 101,chad.cochrane@ecoservices.com,Conservation,"Wright, Daniel","Cochrane, Chad",8.4,0.00,94033.12,0.00,"$75,000.00",Employees.csv,10
Doel,Donna,Soil Conservationist,840,2005-04-05,Conservation,"$79,442.51",858-353-4651ext. 101,donna.doel@ecoservices.com,Conservation,"Wright, Daniel","Doel, Donna",7.1,0.00,79442.51,0.00,"$75,000.00",Employees.csv,11
Eddison,Debra,Soil Conservationist,840,2009-11-10,Conservation,"$62,096.66",858-447-2771 ext. 101,debra.eddison@ecoservices.com,Conservation,"Wright, Daniel","Eddison, Debra",2.5,62096.66,0.00,0.00,"$50,000.00",Employees.csv,12
Eggleston,Kelly,Soil Conservationist,840,2006-11-28,Conservation,"$76,440.94",858-353-4651ext. 107,kelly.eggleston@ecoservices.com,Conservation,"Wright, Daniel","Eggleston, Kelly",5.4,0.00,76440.94,0.00,"$75,000.00",Employees.csv,13
Ellsmore,Rick,State Conservationist,840,2010-09-30,Conservation,"$98,234.21",858-868-9931 ext. 105,rick.ellsmore@ecoservices.com,Conservation,"Wright, Daniel","Ellsmore, Rick",1.6,98234.21,0.00,0.00,"$75,000.00",Employees.csv,14
Finlay,Beth Ann,District Conservationist,840,2004-03-24,Conservation,"$58,159.20",858-353-4651 ext. 106,bethann.finlay@ecoservices.com,Conservation,"Wright, Daniel","Finlay, Beth Ann",8.1,0.00,58159.20,0.00,"$50,000.00",Employees.csv,15
Green,Lee,District Conservationist,840,2004-05-30,Conservation,"$93,665.01",858-223-6021,lee.green@ecoservices.com,Conservation,"Wright, Daniel","Green, Lee",7.9,0.00,93665.01,0.00,"$75,000.00",Employees.csv,17
Foley,Heather,Soil Conservationist,840,2005-01-15,Conservation,"$65,962.71",858-673-2409 ext. 102,heather.foley@ecoservices.com,Conservation,"Wright, Daniel","Foley, Heather",7.3,0.00,65962.71,0.00,"$50,000.00",Employees.csv,16
Konesko,Heidi,Soil Conservationist,840,2005-04-22,Conservation,"$74,138.63",858-756-2988 ext. 117,heidi.konesko@ecoservices.com,Conservation,"Wright, Daniel","Konesko, Heidi",7.0,0.00,74138.63,0.00,"$50,000.00",Employees.csv,22
Liljedahl,Nels,District Conservationist,840,2002-11-25,Conservation,"$90,705.13",858-447-2771 ext. 102,nels.liljedahl@ecoservices.com,Conservation,"Wright, Daniel","Liljedahl, Nels",9.4,0.00,90705.13,0.00,"$75,000.00",Employees.csv,23
Lougee,Jeremy,Soil Conservationist,840,2007-12-09,Conservation,"$84,260.87",858-868-9931 ext. 142,jeremy.lougee@ecoservices.com,Conservation,"Wright, Daniel","Lougee, Jeremy",4.4,84260.87,0.00,0.00,"$75,000.00",Employees.csv,24
Lynch,Michael,Resource Conservationist,840,2001-02-09,Conservation,"$108,644.49",858-223-6018,michael.lynch@ecoservices.com,Conservation,"Wright, Daniel","Lynch, Michael",11.2,0.00,0.00,108644.49,"$100,000.00",Employees.csv,25
Hess,Mitch,Soil Conservationist,840,2006-07-05,Conservation,"$62,178.03",858-353-4651 ext.111,mitchell.hess@ecoservices.com,Conservation,"Wright, Daniel","Hess, Mitch",5.8,0.00,62178.03,0.00,"$50,000.00",Employees.csv,19
McCabe,Kim,Soil Conservationist,840,2008-11-24,Conservation,"$59,272.11",858-223-6029,kimberly.mccabe@ecoservices.com,Conservation,"Wright, Daniel","McCabe, Kim",3.4,59272.11,0.00,0.00,"$50,000.00",Employees.csv,26
McKenzie,Jewel,Natural Resources Specialist,840,2002-05-07,Conservation,"$43,536.90",858-868-9931ext. 137,jewel.mckenzie@ecoservices.com,Conservation,"Wright, Daniel","McKenzie, Jewel",10.0,0.00,0.00,43536.90,"$25,000.00",Employees.csv,27
Phillips,Rachael,Resource Conservationist,840,2008-12-12,Conservation,"$84,817.41",858-868-9931 ext. 129,rachael.phillips@ecoservices.com,Conservation,"Wright, Daniel","Phillips, Rachael",3.4,84817.41,0.00,0.00,"$75,000.00",Employees.csv,29
Neal,Keri,Soil Conservationist,840,2001-11-15,Conservation,"$51,873.94",858-679-1587 ext. 101,keri.neal@ecoservices.com,Conservation,"Wright, Daniel","Neal, Keri",10.5,0.00,0.00,51873.94,"$50,000.00",Employees.csv,28
Pytlik,Steven,District Conservationist,840,2011-09-27,Conservation,"$92,053.55",858-756-2988 ext. 113,steven.pytlik@ecoservices.com,Conservation,"Wright, Daniel","Pytlik, Steven",0.6,92053.55,0.00,0.00,"$75,000.00",Employees.csv,30
Smart,Brooke,Resource Conservationist,840,2010-12-30,Conservation,"$91,565.30",858-868-9931 ext. 106,brooke.smart@ecoservices.com,Conservation,"Wright, Daniel","Smart, Brooke",1.3,91565.30,0.00,0.00,"$75,000.00",Employees.csv,31
Smith,Brandon,Resource Conservationist,840,2010-01-06,Conservation,"$98,618.85",858-868-9931 ext. 111,brandon.smith@ecoservices.com,Conservation,"Wright, Daniel","Smith, Brandon",2.3,98618.85,0.00,0.00,"$75,000.00",Employees.csv,32
Spielman,James,Assistant State Conservationist,840,2002-04-01,Conservation,"$61,217.39",858-868-9931 ext. 115,james.spielman@ecoservices.com,Conservation,"Wright, Daniel","Spielman, James",10.1,0.00,0.00,61217.39,"$50,000.00",Employees.csv,33
Swain,Katherine,Soil Conservationist,840,2006-12-17,Conservation,"$44,456.89",858-223-6025,katherine.swain@ecoservices.com,Conservation,"Wright, Daniel","Swain, Katherine",5.4,0.00,44456.89,0.00,"$25,000.00",Employees.csv,34
Warren,Alena,Soil Conservationist,840,2003-07-18,Conservation,"$89,062.21",858-673-2409  ext. 103,alena.warren@ecoservices.com,Conservation,"Wright, Daniel","Warren, Alena",8.8,0.00,89062.21,0.00,"$75,000.00",Employees.csv,35
Weymouth,Deborah,State Conservationist,840,2002-08-08,Conservation,"$78,218.09",858-868-9931 ext. 102,deb.weymouth@ecoservices.com,Conservation,"Wright, Daniel","Weymouth, Deborah",9.7,0.00,78218.09,0.00,"$75,000.00",Employees.csv,36
Wright,Daniel,District Conservationist,840,2006-12-14,Conservation,"$91,858.57",858-679-1587 ext. 110,daniel.wright@ecoservices.com,Conservation,"Wood, Susan","Wright, Daniel",5.4,0.00,91858.57,0.00,"$75,000.00",Employees.csv,37
Durgin,Philip,Civil Engineer,1190,2010-02-20,Field Engineering,"$69,012.07",858-756-2988 ext. 118,philip.durgin@ecoservices.com,Field Engineering,"Tenley, Jeffery","Durgin, Philip",2.2,69012.07,0.00,0.00,"$50,000.00",Employees.csv,38
Hamer,Courtney,Civil Engineering Technician,1190,2001-08-08,Field Engineering,"$76,380.48",858-679-1587ext. 106,courney.hamer@ecoservices.com,Field Engineering,"Tenley, Jeffery","Hamer, Courtney",10.7,0.00,0.00,76380.48,"$75,000.00",Employees.csv,39
Hansalik,Edward,Civil Engineer,1190,2011-05-12,Field Engineering,"$85,246.07",858-223-6068,edward.hansalik@ecoservices.com,Field Engineering,"Tenley, Jeffery","Hansalik, Edward",1.0,85246.07,0.00,0.00,"$75,000.00",Employees.csv,40
Highland,Jack,Civil Engineering Technician,1190,2006-07-31,Field Engineering,"$59,723.29",858-353-4651 ext. 109,john.highland@ecoservices.com,Field Engineering,"Tenley, Jeffery","Highland, Jack",5.8,0.00,59723.29,0.00,"$50,000.00",Employees.csv,41
Nugent,Johanna,Civil Engineer Technician,1190,2011-08-03,Field Engineering,"$54,675.46",858-223-6043,johanna.nugent@ecoservices.com,Field Engineering,"Tenley, Jeffery","Nugent, Johanna",0.8,54675.46,0.00,0.00,"$50,000.00",Employees.csv,42
Richard,Donald,Cartographer,1190,2010-01-31,Field Engineering,"$67,845.18",858-223-6028,donald.richard@ecoservices.com,Field Engineering,"Tenley, Jeffery","Richard, Donald",2.3,67845.18,0.00,0.00,"$50,000.00",Employees.csv,43
Sears,Sandra,Civil Engineering Technician,1190,2010-08-24,Field Engineering,"$71,147.21",858-679-1587 ext. 105,sandra.sears@ecoservices.com,Field Engineering,"Tenley, Jeffery","Sears, Sandra",1.7,71147.21,0.00,0.00,"$50,000.00",Employees.csv,44
Tenley,Jeffery,Civil Engineer,1190,2008-08-27,Field Engineering,"$68,156.69",858-223-6042,jeffery.tenley@ecoservices.com,Field Engineering,"Wood, Susan","Tenley, Jeffery",3.7,68156.69,0.00,0.00,"$50,000.00",Employees.csv,45
Goulet,Karen,Human Resources Specialist,1050,2005-04-12,Human Resources,"$64,102.77",858-868-9931 ext. 127,karen.goulet@ecoservices.com,Human Resources,"Wood, Susan","Goulet, Karen",7.1,0.00,64102.77,0.00,"$50,000.00",Employees.csv,46
Dasey,Robert,Engineering Technician,980,2001-07-26,Lab Technology,"$65,929.39",858-868-9931ext. 114,robert.dasey@ecoservices.com,Lab Technology,"Whitcomb, Peter","Dasey, Robert",10.8,0.00,0.00,65929.39,"$50,000.00",Employees.csv,47
Dudley,Karen,Soil Scientist,980,2005-04-18,Lab Technology,"$67,829.40",858-223-6026,karen.dudley@ecoservices.com,Lab Technology,"Whitcomb, Peter","Dudley, Karen",7.0,0.00,67829.40,0.00,"$50,000.00",Employees.csv,48
Failing,Pamela,State Conservation Engineer,980,2008-03-23,Lab Technology,"$47,677.67",858-868-9931 ext. 107,pamela.failing@ecoservices.com,Lab Technology,"Whitcomb, Peter","Failing, Pamela",4.1,47677.67,0.00,0.00,"$25,000.00",Employees.csv,49
Keirstead,Donald,Technical Resource Specialist,980,2001-02-25,Lab Technology,"$109,915.45",858-868-9931 ext. 128,donald.keirstead@ecoservices.com,Lab Technology,"Whitcomb, Peter","Keirstead, Donald",11.2,0.00,0.00,109915.45,"$100,000.00",Employees.csv,51
Homer,Joseph,State Soil Scientist,980,2010-12-01,Lab Technology,"$50,426.72",858-788-4651 ext. 101,joseph.homer@ecoservices.com,Lab Technology,"Whitcomb, Peter","Homer, Joseph",1.4,50426.72,0.00,0.00,"$50,000.00",Employees.csv,50
Knight,Susan,Technical Program Specialist,980,2001-09-10,Lab Technology,"$87,157.37",858-868-9931 ext. 118,susan.knight@ecoservices.com,Lab Technology,"Whitcomb, Peter","Knight, Susan",10.7,0.00,0.00,87157.37,"$75,000.00",Employees.csv,52
Lawler,Honor,Biological Science Technician,980,2005-10-24,Lab Technology,"$47,105.62",858-679-1587 ext. 112,honor.lawler@ecoservices.com,Lab Technology,"Whitcomb, Peter","Lawler, Honor",6.5,0.00,47105.62,0.00,"$25,000.00",Employees.csv,53
Lee,Rebecca,Technology Specialist,980,2003-04-14,Lab Technology,"$100,380.04",858-868-9931 ext. 121,rebecca.lee@ecoservices.com,Lab Technology,"Whitcomb, Peter","Lee, Rebecca",9.1,0.00,100380.04,0.00,"$100,000.00",Employees.csv,54
McCracken,Kimberly,State Soil Scientist,980,2006-06-25,Lab Technology,"$76,623.69",858-868-9931 ext. 123,kimberly.mccracken@ecoservices.com,Lab Technology,"Whitcomb, Peter","McCracken, Kimberly",5.9,0.00,76623.69,0.00,"$75,000.00",Employees.csv,55
Ward,Wendy,Soil Conservation Technician,980,2010-08-22,Lab Technology,"$93,144.99",858-756-2988 ext. 114,wendy.ward@ecoservices.com,Lab Technology,"Whitcomb, Peter","Ward, Wendy",1.7,93144.99,0.00,0.00,"$75,000.00",Employees.csv,56
Whitcomb,Peter,Soil Scientist,980,2002-06-25,Lab Technology,"$64,503.31",858-223-6024,peter.whitcomb@ecoservices.com,Lab Technology,"Wood, Susan","Whitcomb, Peter",9.9,0.00,64503.31,0.00,"$50,000.00",Employees.csv,57
DuBois,Ryan,Legal Instruments Examiner,350,2007-09-14,Legal,"$61,587.20",858-868-9931ext. 124,ryan.dubois@ecoservices.com,Legal,"Larkin, Matthew","DuBois, Ryan",4.6,61587.20,0.00,0.00,"$50,000.00",Employees.csv,58
Emerick,Misty,Easement Monitoring,350,2011-11-09,Legal,"$64,682.09",858-868-9931 ext. 113,misty.emerick@ecoservices.com,Legal,"Larkin, Matthew","Emerick, Misty",0.5,64682.09,0.00,0.00,"$50,000.00",Employees.csv,59
Larkin,Matthew,Programs and Easements,350,2005-02-23,Legal,"$104,627.18",858-868-7581 ext. 108,matthew.larkin@ecoservices.com,Legal,"Wood, Susan","Larkin, Matthew",7.2,0.00,104627.18,0.00,"$100,000.00",Employees.csv,60
Anderson,Betty,Public Affairs Specialist,700,2008-08-10,Management,"$48,153.06",858-868-9931 ext. 136,betty.anderson@ecoservices.com,Management,"Wood, Susan","Anderson, Betty",3.7,48153.06,0.00,0.00,"$25,000.00",Employees.csv,61
Cohen,Shari,Executive Assistant,700,2010-09-25,Management,"$87,254.07",858-868-9931 ext. 125,shari.cohen@ecoservices.com,Management,"Wood, Susan","Cohen, Shari",1.6,87254.07,0.00,0.00,"$75,000.00",Employees.csv,62
Jimenez,Richard,Office Assistant,700,2008-07-08,Management,"$60,194.96",858-868-9931 ext. 114,richard.jimenez@ecoservices.com,Management,"Wood, Susan","Jimenez, Richard",3.8,60194.96,0.00,0.00,"$50,000.00",Employees.csv,63
Rodgers,Ian,Program Analyst,700,2007-05-08,Management,"$91,220.32",858-868-9931 ext. 104,ian.rodgers@ecoservices.com,Management,"Wood, Susan","Rodgers, Ian",5.0,91220.32,0.00,0.00,"$75,000.00",Employees.csv,64
Wood,Susan,Management Analyst,700,2001-11-12,Management,"$97,655.93",858-868-9931 ext. 110,susan.wood@ecoservices.com,Management,"Wood, Susan","Wood, Susan",10.5,0.00,0.00,97655.93,"$75,000.00",Employees.csv,65
Keyes,Jeffrey,Soil Conservationist Aide Intern,840,2009-11-17,Conservation,"$92,121.13",858-223-6027,jeffrey.keyes@ecoservices.com,Conservation,"Wright, Daniel","Keyes, Jeffrey",2.5,92121.13,0.00,0.00,"$75,000.00",Employees.csv,21
Hoey,William,Soil Conservationist,840,2009-01-05,Conservation,"$59,462.84",858-223-6022,william.hoey@ecoservices.com,Conservation,"Wright, Daniel","Hoey, William",3.3,59462.84,0.00,0.00,"$50,000.00",Employees.csv,20
Harrington,Michael,District Conservationist,840,2003-06-06,Conservation,"$60,076.62",858-788-4651 ext. 106,michael.harrington@ecoservices.com,Conservation,"Wright, Daniel","Harrington, Michael",8.9,0.00,60076.62,0.00,"$50,000.00",Employees.csv,18
