{"configType":"model","entityName":"hhh","numFields":16,"lastUpdate":3,"version":1051283966,"dependencyInfos":[{"nodeId":4,"legendPosition":0,"entityName":"hhh","lastGlobalUpdate":3,"fieldName":"id","dataType":"INTEGER","calculation":false,"fullNodeName":"hhh.id","localDependencies":[],"globalDependencies":[],"crossDependencies":[],"qualifiedSafeName":"hhh.id","codeName":"id","keyName":"hhh.id","safeName":"hhh.id","field":{"id":"id","name":"id","dirty":false,"incomplete":false,"initialized":false,"type":"INTEGER","required":false,"readOnly":false,"allowNull":false,"zeroOnNull":false,"keyField":false,"sorted":false,"indexed":false,"multiIndex":false,"array":false,"arrayUnique":false,"arrayMaxSize":0,"native":false,"static":false,"abstract":false},"id":4},{"nodeId":5,"legendPosition":1,"entityName":"hhh","lastGlobalUpdate":3,"fieldName":"version","dataType":"INTEGER","calculation":false,"fullNodeName":"hhh.version","localDependencies":[],"globalDependencies":[],"crossDependencies":[],"qualifiedSafeName":"hhh.version","codeName":"version","keyName":"hhh.version","safeName":"hhh.version","field":{"id":"version","name":"version","dirty":false,"incomplete":false,"initialized":false,"type":"INTEGER","required":false,"readOnly":false,"allowNull":false,"zeroOnNull":false,"keyField":false,"sorted":false,"indexed":false,"multiIndex":false,"array":false,"arrayUnique":false,"arrayMaxSize":0,"native":false,"static":false,"abstract":false},"id":5},{"nodeId":6,"legendPosition":2,"entityName":"hhh","lastGlobalUpdate":3,"fieldName":"ruleResults","dataType":"RAW","calculation":true,"fullNodeName":"hhh.ruleResults","localDependencies":[],"globalDependencies":[],"crossDependencies":[],"qualifiedSafeName":"hhh.ruleResults","codeName":"ruleResults","keyName":"hhh.ruleResults","safeName":"hhh.ruleResults","field":{"id":"ruleResults","name":"ruleResults","dirty":false,"incomplete":false,"initialized":false,"type":"RAW","required":false,"readOnly":false,"allowNull":false,"zeroOnNull":false,"keyField":false,"sorted":false,"indexed":false,"multiIndex":false,"array":true,"arrayUnique":false,"arrayMaxSize":0,"native":false,"static":false,"abstract":false},"id":6},{"nodeId":7,"legendPosition":3,"entityName":"hhh","lastGlobalUpdate":3,"fieldName":"errors","dataType":"RAW","calculation":false,"fullNodeName":"hhh.errors","localDependencies":[],"globalDependencies":[],"crossDependencies":[],"qualifiedSafeName":"hhh.errors","codeName":"errors","keyName":"hhh.errors","safeName":"hhh.errors","field":{"id":"errors","name":"errors","dirty":false,"incomplete":false,"initialized":false,"type":"RAW","required":false,"readOnly":false,"allowNull":false,"zeroOnNull":false,"keyField":false,"sorted":false,"indexed":false,"multiIndex":false,"array":true,"arrayUnique":false,"arrayMaxSize":0,"native":false,"static":false,"abstract":false},"id":7},{"nodeId":8,"legendPosition":4,"entityName":"hhh","lastGlobalUpdate":3,"fieldName":"name","dataType":"TEXT","calculation":false,"fullNodeName":"hhh.name","localDependencies":[],"globalDependencies":[],"crossDependencies":[],"qualifiedSafeName":"hhh.name","codeName":"name","keyName":"hhh.name","safeName":"hhh.name","field":{"id":"name","name":"name","dirty":false,"incomplete":false,"initialized":false,"type":"TEXT","required":false,"readOnly":false,"allowNull":false,"zeroOnNull":false,"keyField":false,"sorted":false,"indexed":false,"multiIndex":false,"array":false,"arrayUnique":false,"arrayMaxSize":0,"native":false,"static":false,"abstract":false},"id":8},{"nodeId":9,"legendPosition":5,"entityName":"hhh","lastGlobalUpdate":3,"fieldName":"entityName","dataType":"TEXT","calculation":false,"fullNodeName":"hhh.entityName","localDependencies":[],"globalDependencies":[],"crossDependencies":[],"qualifiedSafeName":"hhh.entityName","codeName":"entityName","keyName":"hhh.entityName","safeName":"hhh.entityName","field":{"id":"entityName","name":"entityName","dirty":false,"incomplete":false,"initialized":false,"type":"TEXT","required":false,"readOnly":false,"allowNull":false,"zeroOnNull":false,"keyField":false,"sorted":false,"indexed":false,"multiIndex":false,"array":false,"arrayUnique":false,"arrayMaxSize":0,"native":false,"static":false,"abstract":false},"id":9},{"nodeId":10,"legendPosition":6,"entityName":"hhh","lastGlobalUpdate":3,"fieldName":"key","dataType":"TEXT","calculation":false,"fullNodeName":"hhh.key","localDependencies":[],"globalDependencies":[],"crossDependencies":[],"qualifiedSafeName":"hhh.key","codeName":"key","keyName":"hhh.key","safeName":"hhh.key","field":{"id":"key","name":"key","dirty":false,"incomplete":false,"initialized":false,"type":"TEXT","required":false,"readOnly":false,"allowNull":false,"zeroOnNull":false,"keyField":false,"sorted":false,"indexed":false,"multiIndex":false,"array":false,"arrayUnique":false,"arrayMaxSize":0,"native":false,"static":false,"abstract":false},"id":10},{"nodeId":11,"legendPosition":7,"entityName":"hhh","lastGlobalUpdate":3,"fieldName":"seriesValue","dataType":"ANY","calculation":false,"fullNodeName":"hhh.seriesValue","localDependencies":[],"globalDependencies":[],"crossDependencies":[],"qualifiedSafeName":"hhh.seriesValue","codeName":"seriesValue","keyName":"hhh.seriesValue","safeName":"hhh.seriesValue","field":{"id":"seriesValue","name":"seriesValue","dirty":false,"incomplete":false,"initialized":false,"type":"ANY","required":false,"readOnly":false,"allowNull":false,"zeroOnNull":false,"keyField":false,"sorted":false,"indexed":false,"multiIndex":false,"array":false,"arrayUnique":false,"arrayMaxSize":0,"native":false,"static":false,"abstract":false},"id":11},{"nodeId":12,"legendPosition":8,"entityName":"hhh","lastGlobalUpdate":3,"fieldName":"keyPrior","dataType":"DATAITEM","calculation":false,"fullNodeName":"hhh.keyPrior","localDependencies":[],"globalDependencies":[],"crossDependencies":[],"qualifiedSafeName":"hhh.keyPrior","codeName":"keyPrior","keyName":"hhh.keyPrior","safeName":"hhh.keyPrior","field":{"id":"keyPrior","name":"keyPrior","dirty":false,"incomplete":false,"initialized":false,"type":"DATAITEM","required":false,"readOnly":false,"allowNull":false,"zeroOnNull":false,"keyField":false,"sorted":false,"indexed":false,"multiIndex":false,"array":false,"arrayUnique":false,"arrayMaxSize":0,"native":false,"static":false,"abstract":false},"id":12},{"nodeId":13,"legendPosition":9,"entityName":"hhh","lastGlobalUpdate":3,"fieldName":"keyNext","dataType":"DATAITEM","calculation":false,"fullNodeName":"hhh.keyNext","localDependencies":[],"globalDependencies":[],"crossDependencies":[],"qualifiedSafeName":"hhh.keyNext","codeName":"keyNext","keyName":"hhh.keyNext","safeName":"hhh.keyNext","field":{"id":"keyNext","name":"keyNext","dirty":false,"incomplete":false,"initialized":false,"type":"DATAITEM","required":false,"readOnly":false,"allowNull":false,"zeroOnNull":false,"keyField":false,"sorted":false,"indexed":false,"multiIndex":false,"array":false,"arrayUnique":false,"arrayMaxSize":0,"native":false,"static":false,"abstract":false},"id":13},{"nodeId":14,"legendPosition":10,"entityName":"hhh","lastGlobalUpdate":3,"fieldName":"keyPosition","dataType":"INTEGER","calculation":false,"fullNodeName":"hhh.keyPosition","localDependencies":[],"globalDependencies":[],"crossDependencies":[],"qualifiedSafeName":"hhh.keyPosition","codeName":"keyPosition","keyName":"hhh.keyPosition","safeName":"hhh.keyPosition","field":{"id":"keyPosition","name":"keyPosition","dirty":false,"incomplete":false,"initialized":false,"type":"INTEGER","required":false,"readOnly":false,"allowNull":false,"zeroOnNull":false,"keyField":false,"sorted":false,"indexed":false,"multiIndex":false,"array":false,"arrayUnique":false,"arrayMaxSize":0,"native":false,"static":false,"abstract":false},"id":14},{"nodeId":15,"legendPosition":11,"entityName":"hhh","lastGlobalUpdate":3,"fieldName":"keyNavigation","dataType":"ANY","calculation":false,"fullNodeName":"hhh.keyNavigation","localDependencies":[],"globalDependencies":[],"crossDependencies":[],"qualifiedSafeName":"hhh.keyNavigation","codeName":"keyNavigation","keyName":"hhh.keyNavigation","safeName":"hhh.keyNavigation","field":{"id":"keyNavigation","name":"keyNavigation","dirty":false,"incomplete":false,"initialized":false,"type":"ANY","required":false,"readOnly":false,"allowNull":false,"zeroOnNull":false,"keyField":false,"sorted":false,"indexed":false,"multiIndex":false,"array":false,"arrayUnique":false,"arrayMaxSize":0,"native":false,"static":false,"abstract":false},"id":15},{"nodeId":16,"legendPosition":12,"entityName":"hhh","lastGlobalUpdate":3,"fieldName":"model","dataType":"DATAITEM","calculation":false,"fullNodeName":"hhh.model","localDependencies":[],"globalDependencies":[],"crossDependencies":[],"qualifiedSafeName":"hhh.model","codeName":"model","keyName":"hhh.model","safeName":"hhh.model","field":{"id":"model","name":"model","dirty":false,"incomplete":false,"initialized":false,"type":"DATAITEM","required":false,"readOnly":false,"allowNull":false,"zeroOnNull":false,"keyField":false,"sorted":false,"indexed":false,"multiIndex":false,"array":false,"arrayUnique":false,"arrayMaxSize":0,"native":false,"static":false,"abstract":false},"id":16},{"nodeId":0,"legendPosition":13,"entityName":"hhh","fieldName":"view_id_","dataType":"INTEGER","calculation":false,"localDependencies":[],"globalDependencies":[],"crossDependencies":[],"codeName":"view_id_","field":{"id":"view_id_","name":"view_id_","dirty":false,"incomplete":false,"initialized":false,"type":"INTEGER","required":false,"readOnly":false,"allowNull":false,"zeroOnNull":false,"keyField":false,"sorted":false,"indexed":false,"multiIndex":false,"array":false,"arrayUnique":false,"arrayMaxSize":0,"native":false,"static":false,"abstract":false},"id":0},{"nodeId":0,"legendPosition":14,"entityName":"hhh","fieldName":"view_hhh","dataType":"ANY","calculation":false,"localDependencies":[],"globalDependencies":[],"crossDependencies":[],"codeName":"view_hhh","field":{"id":"view_hhh","name":"view_hhh","dirty":false,"incomplete":false,"initialized":false,"type":"ANY","required":false,"readOnly":false,"allowNull":false,"zeroOnNull":false,"keyField":false,"sorted":false,"indexed":false,"multiIndex":false,"array":false,"arrayUnique":false,"arrayMaxSize":0,"native":false,"static":false,"abstract":false},"id":0},{"nodeId":0,"legendPosition":15,"entityName":"hhh","fieldName":"hhhSeries","dataType":"ANY","calculation":false,"localDependencies":[],"globalDependencies":[],"crossDependencies":[],"codeName":"hhhSeries","field":{"id":"hhhSeries","name":"hhhSeries","dirty":false,"incomplete":false,"initialized":false,"type":"ANY","required":false,"readOnly":false,"allowNull":false,"zeroOnNull":false,"keyField":false,"sorted":false,"indexed":false,"multiIndex":false,"array":false,"arrayUnique":false,"arrayMaxSize":0,"native":false,"static":false,"abstract":false},"id":0}],"id":0}
