{"configType":"model","entityName":"dddd","numFields":16,"lastUpdate":4,"version":75940432,"dependencyInfos":[{"nodeId":4,"legendPosition":0,"entityName":"dddd","lastGlobalUpdate":4,"fieldName":"id","dataType":"INTEGER","calculation":false,"fullNodeName":"dddd.id","localDependencies":[],"globalDependencies":[],"crossDependencies":[],"qualifiedSafeName":"dddd.id","codeName":"id","keyName":"dddd.id","safeName":"dddd.id","field":{"id":"id","name":"id","dirty":false,"incomplete":false,"initialized":false,"type":"INTEGER","required":false,"readOnly":false,"allowNull":false,"zeroOnNull":false,"keyField":false,"sorted":false,"indexed":false,"multiIndex":false,"array":false,"arrayUnique":false,"arrayMaxSize":0,"static":false,"native":false,"abstract":false},"id":4},{"nodeId":5,"legendPosition":1,"entityName":"dddd","lastGlobalUpdate":4,"fieldName":"version","dataType":"INTEGER","calculation":false,"fullNodeName":"dddd.version","localDependencies":[],"globalDependencies":[],"crossDependencies":[],"qualifiedSafeName":"dddd.version","codeName":"version","keyName":"dddd.version","safeName":"dddd.version","field":{"id":"version","name":"version","dirty":false,"incomplete":false,"initialized":false,"type":"INTEGER","required":false,"readOnly":false,"allowNull":false,"zeroOnNull":false,"keyField":false,"sorted":false,"indexed":false,"multiIndex":false,"array":false,"arrayUnique":false,"arrayMaxSize":0,"static":false,"native":false,"abstract":false},"id":5},{"nodeId":6,"legendPosition":2,"entityName":"dddd","lastGlobalUpdate":4,"fieldName":"ruleResults","dataType":"RAW","calculation":false,"fullNodeName":"dddd.ruleResults","localDependencies":[],"globalDependencies":[],"crossDependencies":[],"qualifiedSafeName":"dddd.ruleResults","codeName":"ruleResults","keyName":"dddd.ruleResults","safeName":"dddd.ruleResults","field":{"id":"ruleResults","name":"ruleResults","dirty":false,"incomplete":false,"initialized":false,"type":"RAW","required":false,"readOnly":false,"allowNull":false,"zeroOnNull":false,"keyField":false,"sorted":false,"indexed":false,"multiIndex":false,"array":true,"arrayUnique":false,"arrayMaxSize":0,"static":false,"native":false,"abstract":false},"id":6},{"nodeId":7,"legendPosition":3,"entityName":"dddd","lastGlobalUpdate":4,"fieldName":"errors","dataType":"RAW","calculation":false,"fullNodeName":"dddd.errors","localDependencies":[],"globalDependencies":[],"crossDependencies":[],"qualifiedSafeName":"dddd.errors","codeName":"errors","keyName":"dddd.errors","safeName":"dddd.errors","field":{"id":"errors","name":"errors","dirty":false,"incomplete":false,"initialized":false,"type":"RAW","required":false,"readOnly":false,"allowNull":false,"zeroOnNull":false,"keyField":false,"sorted":false,"indexed":false,"multiIndex":false,"array":true,"arrayUnique":false,"arrayMaxSize":0,"static":false,"native":false,"abstract":false},"id":7},{"nodeId":8,"legendPosition":4,"entityName":"dddd","lastGlobalUpdate":4,"fieldName":"name","dataType":"TEXT","calculation":false,"fullNodeName":"dddd.name","localDependencies":[],"globalDependencies":[],"crossDependencies":[],"qualifiedSafeName":"dddd.name","codeName":"name","keyName":"dddd.name","safeName":"dddd.name","field":{"id":"name","name":"name","dirty":false,"incomplete":false,"initialized":false,"type":"TEXT","required":false,"readOnly":false,"allowNull":false,"zeroOnNull":false,"keyField":false,"sorted":false,"indexed":false,"multiIndex":false,"array":false,"arrayUnique":false,"arrayMaxSize":0,"static":false,"native":false,"abstract":false},"id":8},{"nodeId":9,"legendPosition":5,"entityName":"dddd","lastGlobalUpdate":4,"fieldName":"entityName","dataType":"TEXT","calculation":false,"fullNodeName":"dddd.entityName","localDependencies":[],"globalDependencies":[],"crossDependencies":[],"qualifiedSafeName":"dddd.entityName","codeName":"entityName","keyName":"dddd.entityName","safeName":"dddd.entityName","field":{"id":"entityName","name":"entityName","dirty":false,"incomplete":false,"initialized":false,"type":"TEXT","required":false,"readOnly":false,"allowNull":false,"zeroOnNull":false,"keyField":false,"sorted":false,"indexed":false,"multiIndex":false,"array":false,"arrayUnique":false,"arrayMaxSize":0,"static":false,"native":false,"abstract":false},"id":9},{"nodeId":10,"legendPosition":6,"entityName":"dddd","lastGlobalUpdate":4,"fieldName":"key","dataType":"TEXT","calculation":false,"fullNodeName":"dddd.key","localDependencies":[],"globalDependencies":[],"crossDependencies":[],"qualifiedSafeName":"dddd.key","codeName":"key","keyName":"dddd.key","safeName":"dddd.key","field":{"id":"key","name":"key","dirty":false,"incomplete":false,"initialized":false,"type":"TEXT","required":false,"readOnly":false,"allowNull":false,"zeroOnNull":false,"keyField":false,"sorted":false,"indexed":false,"multiIndex":false,"array":false,"arrayUnique":false,"arrayMaxSize":0,"static":false,"native":false,"abstract":false},"id":10},{"nodeId":11,"legendPosition":7,"entityName":"dddd","lastGlobalUpdate":4,"fieldName":"seriesValue","dataType":"ANY","calculation":false,"fullNodeName":"dddd.seriesValue","localDependencies":[],"globalDependencies":[],"crossDependencies":[],"qualifiedSafeName":"dddd.seriesValue","codeName":"seriesValue","keyName":"dddd.seriesValue","safeName":"dddd.seriesValue","field":{"id":"seriesValue","name":"seriesValue","dirty":false,"incomplete":false,"initialized":false,"type":"ANY","required":false,"readOnly":false,"allowNull":false,"zeroOnNull":false,"keyField":false,"sorted":false,"indexed":false,"multiIndex":false,"array":false,"arrayUnique":false,"arrayMaxSize":0,"static":false,"native":false,"abstract":false},"id":11},{"nodeId":12,"legendPosition":8,"entityName":"dddd","lastGlobalUpdate":4,"fieldName":"keyPrior","dataType":"DATAITEM","calculation":false,"fullNodeName":"dddd.keyPrior","localDependencies":[],"globalDependencies":[],"crossDependencies":[],"qualifiedSafeName":"dddd.keyPrior","codeName":"keyPrior","keyName":"dddd.keyPrior","safeName":"dddd.keyPrior","field":{"id":"keyPrior","name":"keyPrior","dirty":false,"incomplete":false,"initialized":false,"type":"DATAITEM","required":false,"readOnly":false,"allowNull":false,"zeroOnNull":false,"keyField":false,"sorted":false,"indexed":false,"multiIndex":false,"array":false,"arrayUnique":false,"arrayMaxSize":0,"static":false,"native":false,"abstract":false},"id":12},{"nodeId":13,"legendPosition":9,"entityName":"dddd","lastGlobalUpdate":4,"fieldName":"keyNext","dataType":"DATAITEM","calculation":false,"fullNodeName":"dddd.keyNext","localDependencies":[],"globalDependencies":[],"crossDependencies":[],"qualifiedSafeName":"dddd.keyNext","codeName":"keyNext","keyName":"dddd.keyNext","safeName":"dddd.keyNext","field":{"id":"keyNext","name":"keyNext","dirty":false,"incomplete":false,"initialized":false,"type":"DATAITEM","required":false,"readOnly":false,"allowNull":false,"zeroOnNull":false,"keyField":false,"sorted":false,"indexed":false,"multiIndex":false,"array":false,"arrayUnique":false,"arrayMaxSize":0,"static":false,"native":false,"abstract":false},"id":13},{"nodeId":14,"legendPosition":10,"entityName":"dddd","lastGlobalUpdate":4,"fieldName":"keyPosition","dataType":"INTEGER","calculation":false,"fullNodeName":"dddd.keyPosition","localDependencies":[],"globalDependencies":[],"crossDependencies":[],"qualifiedSafeName":"dddd.keyPosition","codeName":"keyPosition","keyName":"dddd.keyPosition","safeName":"dddd.keyPosition","field":{"id":"keyPosition","name":"keyPosition","dirty":false,"incomplete":false,"initialized":false,"type":"INTEGER","required":false,"readOnly":false,"allowNull":false,"zeroOnNull":false,"keyField":false,"sorted":false,"indexed":false,"multiIndex":false,"array":false,"arrayUnique":false,"arrayMaxSize":0,"static":false,"native":false,"abstract":false},"id":14},{"nodeId":15,"legendPosition":11,"entityName":"dddd","lastGlobalUpdate":4,"fieldName":"keyNavigation","dataType":"ANY","calculation":false,"fullNodeName":"dddd.keyNavigation","localDependencies":[],"globalDependencies":[],"crossDependencies":[],"qualifiedSafeName":"dddd.keyNavigation","codeName":"keyNavigation","keyName":"dddd.keyNavigation","safeName":"dddd.keyNavigation","field":{"id":"keyNavigation","name":"keyNavigation","dirty":false,"incomplete":false,"initialized":false,"type":"ANY","required":false,"readOnly":false,"allowNull":false,"zeroOnNull":false,"keyField":false,"sorted":false,"indexed":false,"multiIndex":false,"array":false,"arrayUnique":false,"arrayMaxSize":0,"static":false,"native":false,"abstract":false},"id":15},{"nodeId":16,"legendPosition":12,"entityName":"dddd","lastGlobalUpdate":4,"fieldName":"model","dataType":"DATAITEM","calculation":false,"fullNodeName":"dddd.model","localDependencies":[],"globalDependencies":[],"crossDependencies":[],"qualifiedSafeName":"dddd.model","codeName":"model","keyName":"dddd.model","safeName":"dddd.model","field":{"id":"model","name":"model","dirty":false,"incomplete":false,"initialized":false,"type":"DATAITEM","required":false,"readOnly":false,"allowNull":false,"zeroOnNull":false,"keyField":false,"sorted":false,"indexed":false,"multiIndex":false,"array":false,"arrayUnique":false,"arrayMaxSize":0,"static":false,"native":false,"abstract":false},"id":16},{"nodeId":0,"legendPosition":13,"entityName":"dddd","fieldName":"ddddSeries","dataType":"ANY","calculation":false,"localDependencies":[],"globalDependencies":[],"crossDependencies":[],"codeName":"ddddSeries","field":{"id":"ddddSeries","name":"ddddSeries","dirty":false,"incomplete":false,"initialized":false,"type":"ANY","required":false,"readOnly":false,"allowNull":false,"zeroOnNull":false,"keyField":false,"sorted":false,"indexed":false,"multiIndex":false,"array":false,"arrayUnique":false,"arrayMaxSize":0,"static":false,"native":false,"abstract":false},"id":0},{"nodeId":0,"legendPosition":14,"entityName":"dddd","fieldName":"view_id_","dataType":"INTEGER","calculation":false,"localDependencies":[],"globalDependencies":[],"crossDependencies":[],"codeName":"view_id_","field":{"id":"view_id_","name":"view_id_","dirty":false,"incomplete":false,"initialized":false,"type":"INTEGER","required":false,"readOnly":false,"allowNull":false,"zeroOnNull":false,"keyField":false,"sorted":false,"indexed":false,"multiIndex":false,"array":false,"arrayUnique":false,"arrayMaxSize":0,"static":false,"native":false,"abstract":false},"id":0},{"nodeId":0,"legendPosition":15,"entityName":"dddd","fieldName":"view_dddd","dataType":"ANY","calculation":false,"localDependencies":[],"globalDependencies":[],"crossDependencies":[],"codeName":"view_dddd","field":{"id":"view_dddd","name":"view_dddd","dirty":false,"incomplete":false,"initialized":false,"type":"ANY","required":false,"readOnly":false,"allowNull":false,"zeroOnNull":false,"keyField":false,"sorted":false,"indexed":false,"multiIndex":false,"array":false,"arrayUnique":false,"arrayMaxSize":0,"static":false,"native":false,"abstract":false},"id":0}],"id":0}
