{"configType":"model","entityName":"myModel","numFields":16,"lastUpdate":3,"version":1022885129,"dependencyInfos":[{"nodeId":4,"legendPosition":0,"entityName":"myModel","lastGlobalUpdate":3,"fieldName":"id","dataType":"INTEGER","calculation":false,"fullNodeName":"myModel.id","localDependencies":[],"globalDependencies":[],"crossDependencies":[],"qualifiedSafeName":"myModel.id","codeName":"id","keyName":"myModel.id","safeName":"myModel.id","field":{"id":"id","name":"id","dirty":false,"incomplete":false,"initialized":false,"type":"INTEGER","required":false,"readOnly":false,"allowNull":false,"zeroOnNull":false,"keyField":false,"sorted":false,"indexed":false,"multiIndex":false,"array":false,"arrayUnique":false,"arrayMaxSize":0,"static":false,"abstract":false,"native":false},"id":4},{"nodeId":5,"legendPosition":1,"entityName":"myModel","lastGlobalUpdate":3,"fieldName":"version","dataType":"INTEGER","calculation":false,"fullNodeName":"myModel.version","localDependencies":[],"globalDependencies":[],"crossDependencies":[],"qualifiedSafeName":"myModel.version","codeName":"version","keyName":"myModel.version","safeName":"myModel.version","field":{"id":"version","name":"version","dirty":false,"incomplete":false,"initialized":false,"type":"INTEGER","required":false,"readOnly":false,"allowNull":false,"zeroOnNull":false,"keyField":false,"sorted":false,"indexed":false,"multiIndex":false,"array":false,"arrayUnique":false,"arrayMaxSize":0,"static":false,"abstract":false,"native":false},"id":5},{"nodeId":6,"legendPosition":2,"entityName":"myModel","lastGlobalUpdate":3,"fieldName":"ruleResults","dataType":"RAW","calculation":true,"fullNodeName":"myModel.ruleResults","localDependencies":[],"globalDependencies":[],"crossDependencies":[],"qualifiedSafeName":"myModel.ruleResults","codeName":"ruleResults","keyName":"myModel.ruleResults","safeName":"myModel.ruleResults","field":{"id":"ruleResults","name":"ruleResults","dirty":false,"incomplete":false,"initialized":false,"type":"RAW","required":false,"readOnly":false,"allowNull":false,"zeroOnNull":false,"keyField":false,"sorted":false,"indexed":false,"multiIndex":false,"array":true,"arrayUnique":false,"arrayMaxSize":0,"static":false,"abstract":false,"native":false},"id":6},{"nodeId":7,"legendPosition":3,"entityName":"myModel","lastGlobalUpdate":3,"fieldName":"errors","dataType":"RAW","calculation":false,"fullNodeName":"myModel.errors","localDependencies":[],"globalDependencies":[],"crossDependencies":[],"qualifiedSafeName":"myModel.errors","codeName":"errors","keyName":"myModel.errors","safeName":"myModel.errors","field":{"id":"errors","name":"errors","dirty":false,"incomplete":false,"initialized":false,"type":"RAW","required":false,"readOnly":false,"allowNull":false,"zeroOnNull":false,"keyField":false,"sorted":false,"indexed":false,"multiIndex":false,"array":true,"arrayUnique":false,"arrayMaxSize":0,"static":false,"abstract":false,"native":false},"id":7},{"nodeId":8,"legendPosition":4,"entityName":"myModel","lastGlobalUpdate":3,"fieldName":"name","dataType":"TEXT","calculation":false,"fullNodeName":"myModel.name","localDependencies":[],"globalDependencies":[],"crossDependencies":[],"qualifiedSafeName":"myModel.name","codeName":"name","keyName":"myModel.name","safeName":"myModel.name","field":{"id":"name","name":"name","dirty":false,"incomplete":false,"initialized":false,"type":"TEXT","required":false,"readOnly":false,"allowNull":false,"zeroOnNull":false,"keyField":false,"sorted":false,"indexed":false,"multiIndex":false,"array":false,"arrayUnique":false,"arrayMaxSize":0,"static":false,"abstract":false,"native":false},"id":8},{"nodeId":9,"legendPosition":5,"entityName":"myModel","lastGlobalUpdate":3,"fieldName":"entityName","dataType":"TEXT","calculation":false,"fullNodeName":"myModel.entityName","localDependencies":[],"globalDependencies":[],"crossDependencies":[],"qualifiedSafeName":"myModel.entityName","codeName":"entityName","keyName":"myModel.entityName","safeName":"myModel.entityName","field":{"id":"entityName","name":"entityName","dirty":false,"incomplete":false,"initialized":false,"type":"TEXT","required":false,"readOnly":false,"allowNull":false,"zeroOnNull":false,"keyField":false,"sorted":false,"indexed":false,"multiIndex":false,"array":false,"arrayUnique":false,"arrayMaxSize":0,"static":false,"abstract":false,"native":false},"id":9},{"nodeId":10,"legendPosition":6,"entityName":"myModel","lastGlobalUpdate":3,"fieldName":"key","dataType":"TEXT","calculation":false,"fullNodeName":"myModel.key","localDependencies":[],"globalDependencies":[],"crossDependencies":[],"qualifiedSafeName":"myModel.key","codeName":"key","keyName":"myModel.key","safeName":"myModel.key","field":{"id":"key","name":"key","dirty":false,"incomplete":false,"initialized":false,"type":"TEXT","required":false,"readOnly":false,"allowNull":false,"zeroOnNull":false,"keyField":false,"sorted":false,"indexed":false,"multiIndex":false,"array":false,"arrayUnique":false,"arrayMaxSize":0,"static":false,"abstract":false,"native":false},"id":10},{"nodeId":11,"legendPosition":7,"entityName":"myModel","lastGlobalUpdate":3,"fieldName":"seriesValue","dataType":"ANY","calculation":false,"fullNodeName":"myModel.seriesValue","localDependencies":[],"globalDependencies":[],"crossDependencies":[],"qualifiedSafeName":"myModel.seriesValue","codeName":"seriesValue","keyName":"myModel.seriesValue","safeName":"myModel.seriesValue","field":{"id":"seriesValue","name":"seriesValue","dirty":false,"incomplete":false,"initialized":false,"type":"ANY","required":false,"readOnly":false,"allowNull":false,"zeroOnNull":false,"keyField":false,"sorted":false,"indexed":false,"multiIndex":false,"array":false,"arrayUnique":false,"arrayMaxSize":0,"static":false,"abstract":false,"native":false},"id":11},{"nodeId":12,"legendPosition":8,"entityName":"myModel","lastGlobalUpdate":3,"fieldName":"keyPrior","dataType":"DATAITEM","calculation":false,"fullNodeName":"myModel.keyPrior","localDependencies":[],"globalDependencies":[],"crossDependencies":[],"qualifiedSafeName":"myModel.keyPrior","codeName":"keyPrior","keyName":"myModel.keyPrior","safeName":"myModel.keyPrior","field":{"id":"keyPrior","name":"keyPrior","dirty":false,"incomplete":false,"initialized":false,"type":"DATAITEM","required":false,"readOnly":false,"allowNull":false,"zeroOnNull":false,"keyField":false,"sorted":false,"indexed":false,"multiIndex":false,"array":false,"arrayUnique":false,"arrayMaxSize":0,"static":false,"abstract":false,"native":false},"id":12},{"nodeId":13,"legendPosition":9,"entityName":"myModel","lastGlobalUpdate":3,"fieldName":"keyNext","dataType":"DATAITEM","calculation":false,"fullNodeName":"myModel.keyNext","localDependencies":[],"globalDependencies":[],"crossDependencies":[],"qualifiedSafeName":"myModel.keyNext","codeName":"keyNext","keyName":"myModel.keyNext","safeName":"myModel.keyNext","field":{"id":"keyNext","name":"keyNext","dirty":false,"incomplete":false,"initialized":false,"type":"DATAITEM","required":false,"readOnly":false,"allowNull":false,"zeroOnNull":false,"keyField":false,"sorted":false,"indexed":false,"multiIndex":false,"array":false,"arrayUnique":false,"arrayMaxSize":0,"static":false,"abstract":false,"native":false},"id":13},{"nodeId":14,"legendPosition":10,"entityName":"myModel","lastGlobalUpdate":3,"fieldName":"keyPosition","dataType":"INTEGER","calculation":false,"fullNodeName":"myModel.keyPosition","localDependencies":[],"globalDependencies":[],"crossDependencies":[],"qualifiedSafeName":"myModel.keyPosition","codeName":"keyPosition","keyName":"myModel.keyPosition","safeName":"myModel.keyPosition","field":{"id":"keyPosition","name":"keyPosition","dirty":false,"incomplete":false,"initialized":false,"type":"INTEGER","required":false,"readOnly":false,"allowNull":false,"zeroOnNull":false,"keyField":false,"sorted":false,"indexed":false,"multiIndex":false,"array":false,"arrayUnique":false,"arrayMaxSize":0,"static":false,"abstract":false,"native":false},"id":14},{"nodeId":15,"legendPosition":11,"entityName":"myModel","lastGlobalUpdate":3,"fieldName":"keyNavigation","dataType":"ANY","calculation":false,"fullNodeName":"myModel.keyNavigation","localDependencies":[],"globalDependencies":[],"crossDependencies":[],"qualifiedSafeName":"myModel.keyNavigation","codeName":"keyNavigation","keyName":"myModel.keyNavigation","safeName":"myModel.keyNavigation","field":{"id":"keyNavigation","name":"keyNavigation","dirty":false,"incomplete":false,"initialized":false,"type":"ANY","required":false,"readOnly":false,"allowNull":false,"zeroOnNull":false,"keyField":false,"sorted":false,"indexed":false,"multiIndex":false,"array":false,"arrayUnique":false,"arrayMaxSize":0,"static":false,"abstract":false,"native":false},"id":15},{"nodeId":16,"legendPosition":12,"entityName":"myModel","lastGlobalUpdate":3,"fieldName":"model","dataType":"DATAITEM","calculation":false,"fullNodeName":"myModel.model","localDependencies":[],"globalDependencies":[],"crossDependencies":[],"qualifiedSafeName":"myModel.model","codeName":"model","keyName":"myModel.model","safeName":"myModel.model","field":{"id":"model","name":"model","dirty":false,"incomplete":false,"initialized":false,"type":"DATAITEM","required":false,"readOnly":false,"allowNull":false,"zeroOnNull":false,"keyField":false,"sorted":false,"indexed":false,"multiIndex":false,"array":false,"arrayUnique":false,"arrayMaxSize":0,"static":false,"abstract":false,"native":false},"id":16},{"nodeId":0,"legendPosition":13,"entityName":"myModel","fieldName":"view_id_","dataType":"INTEGER","calculation":false,"localDependencies":[],"globalDependencies":[],"crossDependencies":[],"codeName":"view_id_","field":{"id":"view_id_","name":"view_id_","dirty":false,"incomplete":false,"initialized":false,"type":"INTEGER","required":false,"readOnly":false,"allowNull":false,"zeroOnNull":false,"keyField":false,"sorted":false,"indexed":false,"multiIndex":false,"array":false,"arrayUnique":false,"arrayMaxSize":0,"static":false,"abstract":false,"native":false},"id":0},{"nodeId":0,"legendPosition":14,"entityName":"myModel","fieldName":"view_myModel","dataType":"ANY","calculation":false,"localDependencies":[],"globalDependencies":[],"crossDependencies":[],"codeName":"view_myModel","field":{"id":"view_myModel","name":"view_myModel","dirty":false,"incomplete":false,"initialized":false,"type":"ANY","required":false,"readOnly":false,"allowNull":false,"zeroOnNull":false,"keyField":false,"sorted":false,"indexed":false,"multiIndex":false,"array":false,"arrayUnique":false,"arrayMaxSize":0,"static":false,"abstract":false,"native":false},"id":0},{"nodeId":0,"legendPosition":15,"entityName":"myModel","fieldName":"myModelSeries","dataType":"ANY","calculation":false,"localDependencies":[],"globalDependencies":[],"crossDependencies":[],"codeName":"myModelSeries","field":{"id":"myModelSeries","name":"myModelSeries","dirty":false,"incomplete":false,"initialized":false,"type":"ANY","required":false,"readOnly":false,"allowNull":false,"zeroOnNull":false,"keyField":false,"sorted":false,"indexed":false,"multiIndex":false,"array":false,"arrayUnique":false,"arrayMaxSize":0,"static":false,"abstract":false,"native":false},"id":0}],"id":0}
