{"configType":"model","entityName":"model6","numFields":16,"lastUpdate":4,"version":-35291220,"dependencyInfos":[{"nodeId":4,"legendPosition":0,"entityName":"model6","lastGlobalUpdate":4,"fieldName":"id","dataType":"INTEGER","calculation":false,"fullNodeName":"model6.id","localDependencies":[],"globalDependencies":[],"crossDependencies":[],"qualifiedSafeName":"model6.id","codeName":"id","keyName":"model6.id","safeName":"model6.id","field":{"id":"id","name":"id","dirty":false,"incomplete":false,"initialized":false,"type":"INTEGER","required":false,"readOnly":false,"allowNull":false,"zeroOnNull":false,"keyField":false,"sorted":false,"indexed":false,"multiIndex":false,"array":false,"arrayUnique":false,"arrayMaxSize":0,"abstract":false,"native":false,"static":false},"id":4},{"nodeId":5,"legendPosition":1,"entityName":"model6","lastGlobalUpdate":4,"fieldName":"version","dataType":"INTEGER","calculation":false,"fullNodeName":"model6.version","localDependencies":[],"globalDependencies":[],"crossDependencies":[],"qualifiedSafeName":"model6.version","codeName":"version","keyName":"model6.version","safeName":"model6.version","field":{"id":"version","name":"version","dirty":false,"incomplete":false,"initialized":false,"type":"INTEGER","required":false,"readOnly":false,"allowNull":false,"zeroOnNull":false,"keyField":false,"sorted":false,"indexed":false,"multiIndex":false,"array":false,"arrayUnique":false,"arrayMaxSize":0,"abstract":false,"native":false,"static":false},"id":5},{"nodeId":6,"legendPosition":2,"entityName":"model6","lastGlobalUpdate":4,"fieldName":"ruleResults","dataType":"RAW","calculation":false,"fullNodeName":"model6.ruleResults","localDependencies":[],"globalDependencies":[],"crossDependencies":[],"qualifiedSafeName":"model6.ruleResults","codeName":"ruleResults","keyName":"model6.ruleResults","safeName":"model6.ruleResults","field":{"id":"ruleResults","name":"ruleResults","dirty":false,"incomplete":false,"initialized":false,"type":"RAW","required":false,"readOnly":false,"allowNull":false,"zeroOnNull":false,"keyField":false,"sorted":false,"indexed":false,"multiIndex":false,"array":true,"arrayUnique":false,"arrayMaxSize":0,"abstract":false,"native":false,"static":false},"id":6},{"nodeId":7,"legendPosition":3,"entityName":"model6","lastGlobalUpdate":4,"fieldName":"errors","dataType":"RAW","calculation":false,"fullNodeName":"model6.errors","localDependencies":[],"globalDependencies":[],"crossDependencies":[],"qualifiedSafeName":"model6.errors","codeName":"errors","keyName":"model6.errors","safeName":"model6.errors","field":{"id":"errors","name":"errors","dirty":false,"incomplete":false,"initialized":false,"type":"RAW","required":false,"readOnly":false,"allowNull":false,"zeroOnNull":false,"keyField":false,"sorted":false,"indexed":false,"multiIndex":false,"array":true,"arrayUnique":false,"arrayMaxSize":0,"abstract":false,"native":false,"static":false},"id":7},{"nodeId":8,"legendPosition":4,"entityName":"model6","lastGlobalUpdate":4,"fieldName":"name","dataType":"TEXT","calculation":false,"fullNodeName":"model6.name","localDependencies":[],"globalDependencies":[],"crossDependencies":[],"qualifiedSafeName":"model6.name","codeName":"name","keyName":"model6.name","safeName":"model6.name","field":{"id":"name","name":"name","dirty":false,"incomplete":false,"initialized":false,"type":"TEXT","required":false,"readOnly":false,"allowNull":false,"zeroOnNull":false,"keyField":false,"sorted":false,"indexed":false,"multiIndex":false,"array":false,"arrayUnique":false,"arrayMaxSize":0,"abstract":false,"native":false,"static":false},"id":8},{"nodeId":9,"legendPosition":5,"entityName":"model6","lastGlobalUpdate":4,"fieldName":"entityName","dataType":"TEXT","calculation":false,"fullNodeName":"model6.entityName","localDependencies":[],"globalDependencies":[],"crossDependencies":[],"qualifiedSafeName":"model6.entityName","codeName":"entityName","keyName":"model6.entityName","safeName":"model6.entityName","field":{"id":"entityName","name":"entityName","dirty":false,"incomplete":false,"initialized":false,"type":"TEXT","required":false,"readOnly":false,"allowNull":false,"zeroOnNull":false,"keyField":false,"sorted":false,"indexed":false,"multiIndex":false,"array":false,"arrayUnique":false,"arrayMaxSize":0,"abstract":false,"native":false,"static":false},"id":9},{"nodeId":10,"legendPosition":6,"entityName":"model6","lastGlobalUpdate":4,"fieldName":"key","dataType":"TEXT","calculation":false,"fullNodeName":"model6.key","localDependencies":[],"globalDependencies":[],"crossDependencies":[],"qualifiedSafeName":"model6.key","codeName":"key","keyName":"model6.key","safeName":"model6.key","field":{"id":"key","name":"key","dirty":false,"incomplete":false,"initialized":false,"type":"TEXT","required":false,"readOnly":false,"allowNull":false,"zeroOnNull":false,"keyField":false,"sorted":false,"indexed":false,"multiIndex":false,"array":false,"arrayUnique":false,"arrayMaxSize":0,"abstract":false,"native":false,"static":false},"id":10},{"nodeId":11,"legendPosition":7,"entityName":"model6","lastGlobalUpdate":4,"fieldName":"seriesValue","dataType":"ANY","calculation":false,"fullNodeName":"model6.seriesValue","localDependencies":[],"globalDependencies":[],"crossDependencies":[],"qualifiedSafeName":"model6.seriesValue","codeName":"seriesValue","keyName":"model6.seriesValue","safeName":"model6.seriesValue","field":{"id":"seriesValue","name":"seriesValue","dirty":false,"incomplete":false,"initialized":false,"type":"ANY","required":false,"readOnly":false,"allowNull":false,"zeroOnNull":false,"keyField":false,"sorted":false,"indexed":false,"multiIndex":false,"array":false,"arrayUnique":false,"arrayMaxSize":0,"abstract":false,"native":false,"static":false},"id":11},{"nodeId":12,"legendPosition":8,"entityName":"model6","lastGlobalUpdate":4,"fieldName":"keyPrior","dataType":"DATAITEM","calculation":false,"fullNodeName":"model6.keyPrior","localDependencies":[],"globalDependencies":[],"crossDependencies":[],"qualifiedSafeName":"model6.keyPrior","codeName":"keyPrior","keyName":"model6.keyPrior","safeName":"model6.keyPrior","field":{"id":"keyPrior","name":"keyPrior","dirty":false,"incomplete":false,"initialized":false,"type":"DATAITEM","required":false,"readOnly":false,"allowNull":false,"zeroOnNull":false,"keyField":false,"sorted":false,"indexed":false,"multiIndex":false,"array":false,"arrayUnique":false,"arrayMaxSize":0,"abstract":false,"native":false,"static":false},"id":12},{"nodeId":13,"legendPosition":9,"entityName":"model6","lastGlobalUpdate":4,"fieldName":"keyNext","dataType":"DATAITEM","calculation":false,"fullNodeName":"model6.keyNext","localDependencies":[],"globalDependencies":[],"crossDependencies":[],"qualifiedSafeName":"model6.keyNext","codeName":"keyNext","keyName":"model6.keyNext","safeName":"model6.keyNext","field":{"id":"keyNext","name":"keyNext","dirty":false,"incomplete":false,"initialized":false,"type":"DATAITEM","required":false,"readOnly":false,"allowNull":false,"zeroOnNull":false,"keyField":false,"sorted":false,"indexed":false,"multiIndex":false,"array":false,"arrayUnique":false,"arrayMaxSize":0,"abstract":false,"native":false,"static":false},"id":13},{"nodeId":14,"legendPosition":10,"entityName":"model6","lastGlobalUpdate":4,"fieldName":"keyPosition","dataType":"INTEGER","calculation":false,"fullNodeName":"model6.keyPosition","localDependencies":[],"globalDependencies":[],"crossDependencies":[],"qualifiedSafeName":"model6.keyPosition","codeName":"keyPosition","keyName":"model6.keyPosition","safeName":"model6.keyPosition","field":{"id":"keyPosition","name":"keyPosition","dirty":false,"incomplete":false,"initialized":false,"type":"INTEGER","required":false,"readOnly":false,"allowNull":false,"zeroOnNull":false,"keyField":false,"sorted":false,"indexed":false,"multiIndex":false,"array":false,"arrayUnique":false,"arrayMaxSize":0,"abstract":false,"native":false,"static":false},"id":14},{"nodeId":15,"legendPosition":11,"entityName":"model6","lastGlobalUpdate":4,"fieldName":"keyNavigation","dataType":"ANY","calculation":false,"fullNodeName":"model6.keyNavigation","localDependencies":[],"globalDependencies":[],"crossDependencies":[],"qualifiedSafeName":"model6.keyNavigation","codeName":"keyNavigation","keyName":"model6.keyNavigation","safeName":"model6.keyNavigation","field":{"id":"keyNavigation","name":"keyNavigation","dirty":false,"incomplete":false,"initialized":false,"type":"ANY","required":false,"readOnly":false,"allowNull":false,"zeroOnNull":false,"keyField":false,"sorted":false,"indexed":false,"multiIndex":false,"array":false,"arrayUnique":false,"arrayMaxSize":0,"abstract":false,"native":false,"static":false},"id":15},{"nodeId":16,"legendPosition":12,"entityName":"model6","lastGlobalUpdate":4,"fieldName":"model","dataType":"DATAITEM","calculation":false,"fullNodeName":"model6.model","localDependencies":[],"globalDependencies":[],"crossDependencies":[],"qualifiedSafeName":"model6.model","codeName":"model","keyName":"model6.model","safeName":"model6.model","field":{"id":"model","name":"model","dirty":false,"incomplete":false,"initialized":false,"type":"DATAITEM","required":false,"readOnly":false,"allowNull":false,"zeroOnNull":false,"keyField":false,"sorted":false,"indexed":false,"multiIndex":false,"array":false,"arrayUnique":false,"arrayMaxSize":0,"abstract":false,"native":false,"static":false},"id":16},{"nodeId":0,"legendPosition":13,"entityName":"model6","fieldName":"model6Series","dataType":"ANY","calculation":false,"localDependencies":[],"globalDependencies":[],"crossDependencies":[],"codeName":"model6Series","field":{"id":"model6Series","name":"model6Series","dirty":false,"incomplete":false,"initialized":false,"type":"ANY","required":false,"readOnly":false,"allowNull":false,"zeroOnNull":false,"keyField":false,"sorted":false,"indexed":false,"multiIndex":false,"array":false,"arrayUnique":false,"arrayMaxSize":0,"abstract":false,"native":false,"static":false},"id":0},{"nodeId":0,"legendPosition":14,"entityName":"model6","fieldName":"view_id_","dataType":"INTEGER","calculation":false,"localDependencies":[],"globalDependencies":[],"crossDependencies":[],"codeName":"view_id_","field":{"id":"view_id_","name":"view_id_","dirty":false,"incomplete":false,"initialized":false,"type":"INTEGER","required":false,"readOnly":false,"allowNull":false,"zeroOnNull":false,"keyField":false,"sorted":false,"indexed":false,"multiIndex":false,"array":false,"arrayUnique":false,"arrayMaxSize":0,"abstract":false,"native":false,"static":false},"id":0},{"nodeId":0,"legendPosition":15,"entityName":"model6","fieldName":"view_model6","dataType":"ANY","calculation":false,"localDependencies":[],"globalDependencies":[],"crossDependencies":[],"codeName":"view_model6","field":{"id":"view_model6","name":"view_model6","dirty":false,"incomplete":false,"initialized":false,"type":"ANY","required":false,"readOnly":false,"allowNull":false,"zeroOnNull":false,"keyField":false,"sorted":false,"indexed":false,"multiIndex":false,"array":false,"arrayUnique":false,"arrayMaxSize":0,"abstract":false,"native":false,"static":false},"id":0}],"id":0}
