{"id":1,"_locked":false,"sourceName":"server.xml","lineNumber":1,"xmlResponse":{"Server":{"Listener":[{"className":"org.apache.catalina.startup.VersionLoggerListener"},{"SSLEngine":"on","className":"org.apache.catalina.core.AprLifecycleListener"},{"className":"org.apache.catalina.core.JreMemoryLeakPreventionListener"},{"className":"org.apache.catalina.mbeans.GlobalResourcesLifecycleListener"},{"className":"org.apache.catalina.core.ThreadLocalLeakPreventionListener"}],"port":8005,"GlobalNamingResources":{"Resource":{"factory":"org.apache.catalina.users.MemoryUserDatabaseFactory","auth":"Container","name":"UserDatabase","description":"User database that can be updated and saved","type":"org.apache.catalina.UserDatabase","pathname":"conf/tomcat-users.xml"}},"Service":{"Connector":[{"protocol":"HTTP/1.1","port":8080,"redirectPort":8443,"connectionTimeout":20000},{"protocol":"org.apache.coyote.http11.Http11AprProtocol","SSLEnabled":false,"port":8443,"UpgradeProtocol":{"className":"org.apache.coyote.http2.Http2Protocol"},"maxThreads":150,"SSLHostConfig":{"Certificate":{"certificateChainFile":"conf/localhost-rsa-chain.pem","certificateKeyFile":"conf/localhost-rsa-key.pem","certificateFile":"conf/localhost-rsa-cert.pem","type":"RSA"}}},{"protocol":"AJP/1.3","port":8009,"redirectPort":8443}],"name":"Catalina","Engine":{"defaultHost":"localhost","name":"Catalina","Host":{"autoDeploy":true,"appBase":"webapps","name":"localhost","unpackWARs":true,"Valve":{"prefix":"localhost_access_log","pattern":"%h %l %u %t \"%r\" %s %b","className":"org.apache.catalina.valves.AccessLogValve","suffix":".txt","directory":"logs"}},"Realm":{"className":"org.apache.catalina.realm.LockOutRealm","Realm":{"className":"org.apache.catalina.realm.UserDatabaseRealm","resourceName":"UserDatabase"}}}},"shutdown":"SHUTDOWN"}}}
