{"configType":"model","entityName":"modelDfBackup","numFields":21,"lastUpdate":7,"version":1723408607,"dependencyInfos":[{"nodeId":4,"legendPosition":0,"entityName":"modelDfBackup","lastGlobalUpdate":5,"fieldName":"id","dataType":"INTEGER","calculation":false,"fullNodeName":"modelDfBackup.id","localDependencies":[],"globalDependencies":[],"crossDependencies":[],"qualifiedSafeName":"modelDfBackup.id","codeName":"id","keyName":"modelDfBackup.id","safeName":"modelDfBackup.id","field":{"id":"id","name":"id","dirty":false,"incomplete":false,"initialized":false,"type":"INTEGER","required":false,"readOnly":false,"allowNull":false,"zeroOnNull":false,"keyField":false,"sorted":false,"indexed":false,"multiIndex":false,"array":false,"arrayUnique":false,"arrayMaxSize":0,"static":false,"native":false,"abstract":false},"id":4},{"nodeId":5,"legendPosition":1,"entityName":"modelDfBackup","lastGlobalUpdate":5,"fieldName":"version","dataType":"INTEGER","calculation":false,"fullNodeName":"modelDfBackup.version","localDependencies":[],"globalDependencies":[],"crossDependencies":[],"qualifiedSafeName":"modelDfBackup.version","codeName":"version","keyName":"modelDfBackup.version","safeName":"modelDfBackup.version","field":{"id":"version","name":"version","dirty":false,"incomplete":false,"initialized":false,"type":"INTEGER","required":false,"readOnly":false,"allowNull":false,"zeroOnNull":false,"keyField":false,"sorted":false,"indexed":false,"multiIndex":false,"array":false,"arrayUnique":false,"arrayMaxSize":0,"static":false,"native":false,"abstract":false},"id":5},{"nodeId":6,"legendPosition":2,"entityName":"modelDfBackup","lastGlobalUpdate":5,"fieldName":"ruleResults","dataType":"RAW","calculation":false,"fullNodeName":"modelDfBackup.ruleResults","localDependencies":[],"globalDependencies":[],"crossDependencies":[],"qualifiedSafeName":"modelDfBackup.ruleResults","codeName":"ruleResults","keyName":"modelDfBackup.ruleResults","safeName":"modelDfBackup.ruleResults","field":{"id":"ruleResults","name":"ruleResults","dirty":false,"incomplete":false,"initialized":false,"type":"RAW","required":false,"readOnly":false,"allowNull":false,"zeroOnNull":false,"keyField":false,"sorted":false,"indexed":false,"multiIndex":false,"array":true,"arrayUnique":false,"arrayMaxSize":0,"static":false,"native":false,"abstract":false},"id":6},{"nodeId":7,"legendPosition":3,"entityName":"modelDfBackup","lastGlobalUpdate":5,"fieldName":"errors","dataType":"RAW","calculation":false,"fullNodeName":"modelDfBackup.errors","localDependencies":[],"globalDependencies":[],"crossDependencies":[],"qualifiedSafeName":"modelDfBackup.errors","codeName":"errors","keyName":"modelDfBackup.errors","safeName":"modelDfBackup.errors","field":{"id":"errors","name":"errors","dirty":false,"incomplete":false,"initialized":false,"type":"RAW","required":false,"readOnly":false,"allowNull":false,"zeroOnNull":false,"keyField":false,"sorted":false,"indexed":false,"multiIndex":false,"array":true,"arrayUnique":false,"arrayMaxSize":0,"static":false,"native":false,"abstract":false},"id":7},{"nodeId":8,"legendPosition":4,"entityName":"modelDfBackup","lastGlobalUpdate":5,"fieldName":"name","dataType":"TEXT","calculation":false,"fullNodeName":"modelDfBackup.name","localDependencies":[],"globalDependencies":[],"crossDependencies":[],"qualifiedSafeName":"modelDfBackup.name","codeName":"name","keyName":"modelDfBackup.name","safeName":"modelDfBackup.name","field":{"id":"name","name":"name","dirty":false,"incomplete":false,"initialized":false,"type":"TEXT","required":false,"readOnly":false,"allowNull":false,"zeroOnNull":false,"keyField":false,"sorted":false,"indexed":false,"multiIndex":false,"array":false,"arrayUnique":false,"arrayMaxSize":0,"static":false,"native":false,"abstract":false},"id":8},{"nodeId":9,"legendPosition":5,"entityName":"modelDfBackup","lastGlobalUpdate":5,"fieldName":"entityName","dataType":"TEXT","calculation":false,"fullNodeName":"modelDfBackup.entityName","localDependencies":[],"globalDependencies":[],"crossDependencies":[],"qualifiedSafeName":"modelDfBackup.entityName","codeName":"entityName","keyName":"modelDfBackup.entityName","safeName":"modelDfBackup.entityName","field":{"id":"entityName","name":"entityName","dirty":false,"incomplete":false,"initialized":false,"type":"TEXT","required":false,"readOnly":false,"allowNull":false,"zeroOnNull":false,"keyField":false,"sorted":false,"indexed":false,"multiIndex":false,"array":false,"arrayUnique":false,"arrayMaxSize":0,"static":false,"native":false,"abstract":false},"id":9},{"nodeId":10,"legendPosition":6,"entityName":"modelDfBackup","lastGlobalUpdate":5,"fieldName":"key","dataType":"TEXT","calculation":false,"fullNodeName":"modelDfBackup.key","localDependencies":[],"globalDependencies":[],"crossDependencies":[],"qualifiedSafeName":"modelDfBackup.key","codeName":"key","keyName":"modelDfBackup.key","safeName":"modelDfBackup.key","field":{"id":"key","name":"key","dirty":false,"incomplete":false,"initialized":false,"type":"TEXT","required":false,"readOnly":false,"allowNull":false,"zeroOnNull":false,"keyField":false,"sorted":false,"indexed":false,"multiIndex":false,"array":false,"arrayUnique":false,"arrayMaxSize":0,"static":false,"native":false,"abstract":false},"id":10},{"nodeId":11,"legendPosition":7,"entityName":"modelDfBackup","lastGlobalUpdate":5,"fieldName":"seriesValue","dataType":"ANY","calculation":false,"fullNodeName":"modelDfBackup.seriesValue","localDependencies":[],"globalDependencies":[],"crossDependencies":[],"qualifiedSafeName":"modelDfBackup.seriesValue","codeName":"seriesValue","keyName":"modelDfBackup.seriesValue","safeName":"modelDfBackup.seriesValue","field":{"id":"seriesValue","name":"seriesValue","dirty":false,"incomplete":false,"initialized":false,"type":"ANY","required":false,"readOnly":false,"allowNull":false,"zeroOnNull":false,"keyField":false,"sorted":false,"indexed":false,"multiIndex":false,"array":false,"arrayUnique":false,"arrayMaxSize":0,"static":false,"native":false,"abstract":false},"id":11},{"nodeId":12,"legendPosition":8,"entityName":"modelDfBackup","lastGlobalUpdate":5,"fieldName":"keyPrior","dataType":"DATAITEM","calculation":false,"fullNodeName":"modelDfBackup.keyPrior","localDependencies":[],"globalDependencies":[],"crossDependencies":[],"qualifiedSafeName":"modelDfBackup.keyPrior","codeName":"keyPrior","keyName":"modelDfBackup.keyPrior","safeName":"modelDfBackup.keyPrior","field":{"id":"keyPrior","name":"keyPrior","dirty":false,"incomplete":false,"initialized":false,"type":"DATAITEM","required":false,"readOnly":false,"allowNull":false,"zeroOnNull":false,"keyField":false,"sorted":false,"indexed":false,"multiIndex":false,"array":false,"arrayUnique":false,"arrayMaxSize":0,"static":false,"native":false,"abstract":false},"id":12},{"nodeId":13,"legendPosition":9,"entityName":"modelDfBackup","lastGlobalUpdate":5,"fieldName":"keyNext","dataType":"DATAITEM","calculation":false,"fullNodeName":"modelDfBackup.keyNext","localDependencies":[],"globalDependencies":[],"crossDependencies":[],"qualifiedSafeName":"modelDfBackup.keyNext","codeName":"keyNext","keyName":"modelDfBackup.keyNext","safeName":"modelDfBackup.keyNext","field":{"id":"keyNext","name":"keyNext","dirty":false,"incomplete":false,"initialized":false,"type":"DATAITEM","required":false,"readOnly":false,"allowNull":false,"zeroOnNull":false,"keyField":false,"sorted":false,"indexed":false,"multiIndex":false,"array":false,"arrayUnique":false,"arrayMaxSize":0,"static":false,"native":false,"abstract":false},"id":13},{"nodeId":14,"legendPosition":10,"entityName":"modelDfBackup","lastGlobalUpdate":5,"fieldName":"keyPosition","dataType":"INTEGER","calculation":false,"fullNodeName":"modelDfBackup.keyPosition","localDependencies":[],"globalDependencies":[],"crossDependencies":[],"qualifiedSafeName":"modelDfBackup.keyPosition","codeName":"keyPosition","keyName":"modelDfBackup.keyPosition","safeName":"modelDfBackup.keyPosition","field":{"id":"keyPosition","name":"keyPosition","dirty":false,"incomplete":false,"initialized":false,"type":"INTEGER","required":false,"readOnly":false,"allowNull":false,"zeroOnNull":false,"keyField":false,"sorted":false,"indexed":false,"multiIndex":false,"array":false,"arrayUnique":false,"arrayMaxSize":0,"static":false,"native":false,"abstract":false},"id":14},{"nodeId":15,"legendPosition":11,"entityName":"modelDfBackup","lastGlobalUpdate":5,"fieldName":"keyNavigation","dataType":"ANY","calculation":false,"fullNodeName":"modelDfBackup.keyNavigation","localDependencies":[],"globalDependencies":[],"crossDependencies":[],"qualifiedSafeName":"modelDfBackup.keyNavigation","codeName":"keyNavigation","keyName":"modelDfBackup.keyNavigation","safeName":"modelDfBackup.keyNavigation","field":{"id":"keyNavigation","name":"keyNavigation","dirty":false,"incomplete":false,"initialized":false,"type":"ANY","required":false,"readOnly":false,"allowNull":false,"zeroOnNull":false,"keyField":false,"sorted":false,"indexed":false,"multiIndex":false,"array":false,"arrayUnique":false,"arrayMaxSize":0,"static":false,"native":false,"abstract":false},"id":15},{"nodeId":16,"legendPosition":12,"entityName":"modelDfBackup","lastGlobalUpdate":5,"fieldName":"model","dataType":"DATAITEM","calculation":false,"fullNodeName":"modelDfBackup.model","localDependencies":[],"globalDependencies":[],"crossDependencies":[],"qualifiedSafeName":"modelDfBackup.model","codeName":"model","keyName":"modelDfBackup.model","safeName":"modelDfBackup.model","field":{"id":"model","name":"model","dirty":false,"incomplete":false,"initialized":false,"type":"DATAITEM","required":false,"readOnly":false,"allowNull":false,"zeroOnNull":false,"keyField":false,"sorted":false,"indexed":false,"multiIndex":false,"array":false,"arrayUnique":false,"arrayMaxSize":0,"static":false,"native":false,"abstract":false},"id":16},{"nodeId":0,"legendPosition":13,"entityName":"modelDfBackup","fieldName":"connector_Employees","dataType":"ANY","calculation":false,"localDependencies":[],"globalDependencies":[],"crossDependencies":[],"codeName":"connector_Employees","field":{"id":"connector_Employees","name":"connector_Employees","dirty":false,"incomplete":false,"initialized":false,"type":"ANY","required":false,"readOnly":false,"allowNull":false,"zeroOnNull":false,"keyField":false,"sorted":false,"indexed":false,"multiIndex":false,"array":false,"arrayUnique":false,"arrayMaxSize":0,"static":false,"native":false,"abstract":false},"id":0},{"nodeId":0,"legendPosition":14,"entityName":"modelDfBackup","fieldName":"modelDfBackupSeries","dataType":"ANY","calculation":false,"localDependencies":[],"globalDependencies":[],"crossDependencies":[],"codeName":"modelDfBackupSeries","field":{"id":"modelDfBackupSeries","name":"modelDfBackupSeries","dirty":false,"incomplete":false,"initialized":false,"type":"ANY","required":false,"readOnly":false,"allowNull":false,"zeroOnNull":false,"keyField":false,"sorted":false,"indexed":false,"multiIndex":false,"array":false,"arrayUnique":false,"arrayMaxSize":0,"static":false,"native":false,"abstract":false},"id":0},{"nodeId":0,"legendPosition":15,"entityName":"modelDfBackup","fieldName":"employeesSeries","dataType":"ANY","calculation":false,"localDependencies":[],"globalDependencies":[],"crossDependencies":[],"codeName":"employeesSeries","field":{"id":"employeesSeries","name":"employeesSeries","dirty":false,"incomplete":false,"initialized":false,"type":"ANY","required":false,"readOnly":false,"allowNull":false,"zeroOnNull":false,"keyField":false,"sorted":false,"indexed":false,"multiIndex":false,"array":false,"arrayUnique":false,"arrayMaxSize":0,"static":false,"native":false,"abstract":false},"id":0},{"nodeId":0,"legendPosition":16,"entityName":"modelDfBackup","fieldName":"view_employees","dataType":"ANY","calculation":false,"localDependencies":[],"globalDependencies":[],"crossDependencies":[],"codeName":"view_employees","field":{"id":"view_employees","name":"view_employees","dirty":false,"incomplete":false,"initialized":false,"type":"ANY","required":false,"readOnly":false,"allowNull":false,"zeroOnNull":false,"keyField":false,"sorted":false,"indexed":false,"multiIndex":false,"array":false,"arrayUnique":false,"arrayMaxSize":0,"static":false,"native":false,"abstract":false},"id":0},{"nodeId":0,"legendPosition":17,"entityName":"modelDfBackup","fieldName":"view_id_","dataType":"INTEGER","calculation":false,"localDependencies":[],"globalDependencies":[],"crossDependencies":[],"codeName":"view_id_","field":{"id":"view_id_","name":"view_id_","dirty":false,"incomplete":false,"initialized":false,"type":"INTEGER","required":false,"readOnly":false,"allowNull":false,"zeroOnNull":false,"keyField":false,"sorted":false,"indexed":false,"multiIndex":false,"array":false,"arrayUnique":false,"arrayMaxSize":0,"static":false,"native":false,"abstract":false},"id":0},{"nodeId":0,"legendPosition":18,"entityName":"modelDfBackup","fieldName":"view_modelDfBackup","dataType":"ANY","calculation":false,"localDependencies":[],"globalDependencies":[],"crossDependencies":[],"codeName":"view_modelDfBackup","field":{"id":"view_modelDfBackup","name":"view_modelDfBackup","dirty":false,"incomplete":false,"initialized":false,"type":"ANY","required":false,"readOnly":false,"allowNull":false,"zeroOnNull":false,"keyField":false,"sorted":false,"indexed":false,"multiIndex":false,"array":false,"arrayUnique":false,"arrayMaxSize":0,"static":false,"native":false,"abstract":false},"id":0},{"nodeId":86,"legendPosition":19,"entityName":"modelDfBackup","lastGlobalUpdate":5,"fieldName":"employeesList","dataType":"DATAITEM","calculation":false,"selectField":"model","fullNodeName":"modelDfBackup.employeesList","localDependencies":[],"globalDependencies":[],"crossDependencies":[],"qualifiedSafeName":"modelDfBackup.employeesList","codeName":"employeesList","keyName":"modelDfBackup.employeesList","safeName":"modelDfBackup.employeesList","field":{"id":"employeesList","name":"employeesList","dirty":false,"incomplete":false,"initialized":false,"type":"DATAITEM","required":false,"readOnly":false,"allowNull":false,"zeroOnNull":false,"keyField":false,"sorted":false,"indexed":false,"multiIndex":false,"array":true,"arrayUnique":false,"arrayMaxSize":0,"static":false,"native":false,"abstract":false},"id":86},{"nodeId":0,"legendPosition":20,"entityName":"modelDfBackup","fieldName":"decisionflow_employeesDecisionFlow","dataType":"ANY","calculation":false,"localDependencies":[],"globalDependencies":[],"crossDependencies":[],"codeName":"decisionflow_employeesDecisionFlow","field":{"id":"decisionflow_employeesDecisionFlow","name":"decisionflow_employeesDecisionFlow","dirty":false,"incomplete":false,"initialized":false,"type":"ANY","required":false,"readOnly":false,"allowNull":false,"zeroOnNull":false,"keyField":false,"sorted":false,"indexed":false,"multiIndex":false,"array":false,"arrayUnique":false,"arrayMaxSize":0,"static":false,"native":false,"abstract":false},"id":0}],"id":0}
{"configType":"dataitem","entityName":"Employees","numFields":61,"lastUpdate":6,"version":-1293634197,"dependencyInfos":[{"nodeId":0,"legendPosition":0,"entityName":"Employees","fieldName":"connector_employees_CONNECTOR","dataType":"ANY","calculation":false,"localDependencies":[],"globalDependencies":[],"crossDependencies":[],"codeName":"connector_employees_CONNECTOR","field":{"id":"connector_employees_CONNECTOR","name":"connector_employees_CONNECTOR","dirty":false,"incomplete":false,"initialized":false,"type":"ANY","required":false,"readOnly":false,"allowNull":false,"zeroOnNull":false,"keyField":false,"sorted":false,"indexed":false,"multiIndex":false,"array":false,"arrayUnique":false,"arrayMaxSize":0,"static":false,"native":false,"abstract":false},"id":0},{"nodeId":23,"legendPosition":1,"entityName":"Employees","lastGlobalUpdate":6,"fieldName":"id","dataType":"INTEGER","calculation":false,"fullNodeName":"Employees.id","localDependencies":["Employees.lineNumber"],"globalDependencies":[],"crossDependencies":[],"qualifiedSafeName":"Employees.id","codeName":"id","keyName":"Employees.id","safeName":"Employees.id","field":{"id":"id","name":"id","dirty":false,"incomplete":false,"initialized":false,"type":"INTEGER","required":false,"readOnly":false,"allowNull":false,"zeroOnNull":false,"keyField":false,"sorted":false,"indexed":false,"multiIndex":false,"array":false,"arrayUnique":false,"arrayMaxSize":0,"static":false,"native":false,"abstract":false},"id":23},{"nodeId":24,"legendPosition":2,"entityName":"Employees","lastGlobalUpdate":6,"fieldName":"version","dataType":"INTEGER","calculation":false,"fullNodeName":"Employees.version","localDependencies":[],"globalDependencies":[],"crossDependencies":[],"qualifiedSafeName":"Employees.version","codeName":"version","keyName":"Employees.version","safeName":"Employees.version","field":{"id":"version","name":"version","dirty":false,"incomplete":false,"initialized":false,"type":"INTEGER","required":false,"readOnly":false,"allowNull":false,"zeroOnNull":false,"keyField":false,"sorted":false,"indexed":false,"multiIndex":false,"array":false,"arrayUnique":false,"arrayMaxSize":0,"static":false,"native":false,"abstract":false},"id":24},{"nodeId":25,"legendPosition":3,"entityName":"Employees","lastGlobalUpdate":6,"fieldName":"ruleResults","dataType":"RAW","calculation":false,"fullNodeName":"Employees.ruleResults","localDependencies":[],"globalDependencies":[],"crossDependencies":[],"qualifiedSafeName":"Employees.ruleResults","codeName":"ruleResults","keyName":"Employees.ruleResults","safeName":"Employees.ruleResults","field":{"id":"ruleResults","name":"ruleResults","dirty":false,"incomplete":false,"initialized":false,"type":"RAW","required":false,"readOnly":false,"allowNull":false,"zeroOnNull":false,"keyField":false,"sorted":false,"indexed":false,"multiIndex":false,"array":true,"arrayUnique":false,"arrayMaxSize":0,"static":false,"native":false,"abstract":false},"id":25},{"nodeId":26,"legendPosition":4,"entityName":"Employees","lastGlobalUpdate":6,"fieldName":"errors","dataType":"RAW","calculation":false,"fullNodeName":"Employees.errors","localDependencies":[],"globalDependencies":[],"crossDependencies":[],"qualifiedSafeName":"Employees.errors","codeName":"errors","keyName":"Employees.errors","safeName":"Employees.errors","field":{"id":"errors","name":"errors","dirty":false,"incomplete":false,"initialized":false,"type":"RAW","required":false,"readOnly":false,"allowNull":false,"zeroOnNull":false,"keyField":false,"sorted":false,"indexed":false,"multiIndex":false,"array":true,"arrayUnique":false,"arrayMaxSize":0,"static":false,"native":false,"abstract":false},"id":26},{"nodeId":27,"legendPosition":5,"entityName":"Employees","lastGlobalUpdate":6,"fieldName":"name","dataType":"TEXT","calculation":false,"fullNodeName":"Employees.name","localDependencies":[],"globalDependencies":[],"crossDependencies":[],"qualifiedSafeName":"Employees.name","codeName":"name","keyName":"Employees.name","safeName":"Employees.name","field":{"id":"name","name":"name","dirty":false,"incomplete":false,"initialized":false,"type":"TEXT","required":false,"readOnly":false,"allowNull":false,"zeroOnNull":false,"keyField":false,"sorted":false,"indexed":false,"multiIndex":false,"array":false,"arrayUnique":false,"arrayMaxSize":0,"static":false,"native":false,"abstract":false},"id":27},{"nodeId":28,"legendPosition":6,"entityName":"Employees","lastGlobalUpdate":6,"fieldName":"entityName","dataType":"TEXT","calculation":false,"fullNodeName":"Employees.entityName","localDependencies":[],"globalDependencies":[],"crossDependencies":[],"qualifiedSafeName":"Employees.entityName","codeName":"entityName","keyName":"Employees.entityName","safeName":"Employees.entityName","field":{"id":"entityName","name":"entityName","dirty":false,"incomplete":false,"initialized":false,"type":"TEXT","required":false,"readOnly":false,"allowNull":false,"zeroOnNull":false,"keyField":false,"sorted":false,"indexed":false,"multiIndex":false,"array":false,"arrayUnique":false,"arrayMaxSize":0,"static":false,"native":false,"abstract":false},"id":28},{"nodeId":29,"legendPosition":7,"entityName":"Employees","lastGlobalUpdate":6,"fieldName":"key","dataType":"TEXT","calculation":false,"fullNodeName":"Employees.key","localDependencies":[],"globalDependencies":[],"crossDependencies":[],"qualifiedSafeName":"Employees.key","codeName":"key","keyName":"Employees.key","safeName":"Employees.key","field":{"id":"key","name":"key","dirty":false,"incomplete":false,"initialized":false,"type":"TEXT","required":false,"readOnly":false,"allowNull":false,"zeroOnNull":false,"keyField":false,"sorted":false,"indexed":false,"multiIndex":false,"array":false,"arrayUnique":false,"arrayMaxSize":0,"static":false,"native":false,"abstract":false},"id":29},{"nodeId":30,"legendPosition":8,"entityName":"Employees","lastGlobalUpdate":6,"fieldName":"seriesValue","dataType":"ANY","calculation":false,"fullNodeName":"Employees.seriesValue","localDependencies":[],"globalDependencies":[],"crossDependencies":[],"qualifiedSafeName":"Employees.seriesValue","codeName":"seriesValue","keyName":"Employees.seriesValue","safeName":"Employees.seriesValue","field":{"id":"seriesValue","name":"seriesValue","dirty":false,"incomplete":false,"initialized":false,"type":"ANY","required":false,"readOnly":false,"allowNull":false,"zeroOnNull":false,"keyField":false,"sorted":false,"indexed":false,"multiIndex":false,"array":false,"arrayUnique":false,"arrayMaxSize":0,"static":false,"native":false,"abstract":false},"id":30},{"nodeId":31,"legendPosition":9,"entityName":"Employees","lastGlobalUpdate":6,"fieldName":"keyPrior","dataType":"DATAITEM","calculation":false,"fullNodeName":"Employees.keyPrior","localDependencies":[],"globalDependencies":[],"crossDependencies":[],"qualifiedSafeName":"Employees.keyPrior","codeName":"keyPrior","keyName":"Employees.keyPrior","safeName":"Employees.keyPrior","field":{"id":"keyPrior","name":"keyPrior","dirty":false,"incomplete":false,"initialized":false,"type":"DATAITEM","required":false,"readOnly":false,"allowNull":false,"zeroOnNull":false,"keyField":false,"sorted":false,"indexed":false,"multiIndex":false,"array":false,"arrayUnique":false,"arrayMaxSize":0,"static":false,"native":false,"abstract":false},"id":31},{"nodeId":32,"legendPosition":10,"entityName":"Employees","lastGlobalUpdate":6,"fieldName":"keyNext","dataType":"DATAITEM","calculation":false,"fullNodeName":"Employees.keyNext","localDependencies":[],"globalDependencies":[],"crossDependencies":[],"qualifiedSafeName":"Employees.keyNext","codeName":"keyNext","keyName":"Employees.keyNext","safeName":"Employees.keyNext","field":{"id":"keyNext","name":"keyNext","dirty":false,"incomplete":false,"initialized":false,"type":"DATAITEM","required":false,"readOnly":false,"allowNull":false,"zeroOnNull":false,"keyField":false,"sorted":false,"indexed":false,"multiIndex":false,"array":false,"arrayUnique":false,"arrayMaxSize":0,"static":false,"native":false,"abstract":false},"id":32},{"nodeId":33,"legendPosition":11,"entityName":"Employees","lastGlobalUpdate":6,"fieldName":"keyPosition","dataType":"INTEGER","calculation":false,"fullNodeName":"Employees.keyPosition","localDependencies":[],"globalDependencies":[],"crossDependencies":[],"qualifiedSafeName":"Employees.keyPosition","codeName":"keyPosition","keyName":"Employees.keyPosition","safeName":"Employees.keyPosition","field":{"id":"keyPosition","name":"keyPosition","dirty":false,"incomplete":false,"initialized":false,"type":"INTEGER","required":false,"readOnly":false,"allowNull":false,"zeroOnNull":false,"keyField":false,"sorted":false,"indexed":false,"multiIndex":false,"array":false,"arrayUnique":false,"arrayMaxSize":0,"static":false,"native":false,"abstract":false},"id":33},{"nodeId":34,"legendPosition":12,"entityName":"Employees","lastGlobalUpdate":6,"fieldName":"keyNavigation","dataType":"ANY","calculation":false,"fullNodeName":"Employees.keyNavigation","localDependencies":[],"globalDependencies":[],"crossDependencies":[],"qualifiedSafeName":"Employees.keyNavigation","codeName":"keyNavigation","keyName":"Employees.keyNavigation","safeName":"Employees.keyNavigation","field":{"id":"keyNavigation","name":"keyNavigation","dirty":false,"incomplete":false,"initialized":false,"type":"ANY","required":false,"readOnly":false,"allowNull":false,"zeroOnNull":false,"keyField":false,"sorted":false,"indexed":false,"multiIndex":false,"array":false,"arrayUnique":false,"arrayMaxSize":0,"static":false,"native":false,"abstract":false},"id":34},{"nodeId":35,"legendPosition":13,"entityName":"Employees","lastGlobalUpdate":6,"fieldName":"model","dataType":"DATAITEM","calculation":false,"fullNodeName":"Employees.model","localDependencies":[],"globalDependencies":[],"crossDependencies":[],"qualifiedSafeName":"Employees.model","codeName":"model","keyName":"Employees.model","safeName":"Employees.model","field":{"id":"model","name":"model","dirty":false,"incomplete":false,"initialized":false,"type":"DATAITEM","required":false,"readOnly":false,"allowNull":false,"zeroOnNull":false,"keyField":false,"sorted":false,"indexed":false,"multiIndex":false,"array":false,"arrayUnique":false,"arrayMaxSize":0,"static":false,"native":false,"abstract":false},"id":35},{"nodeId":36,"legendPosition":14,"entityName":"Employees","lastGlobalUpdate":6,"fieldName":"Last Name","dataType":"TEXT","calculation":false,"fullNodeName":"Employees.lastName","localDependencies":[],"globalDependencies":[],"crossDependencies":[],"qualifiedSafeName":"Employees.lastName","codeName":"lastName","keyName":"Employees.lastName","safeName":"Employees.lastName","field":{"id":"Last Name","name":"Last Name","dirty":false,"incomplete":false,"initialized":false,"type":"TEXT","required":false,"readOnly":false,"allowNull":false,"zeroOnNull":false,"keyField":false,"sorted":false,"indexed":false,"multiIndex":false,"array":false,"arrayUnique":false,"arrayMaxSize":0,"static":false,"native":false,"abstract":false},"id":36},{"nodeId":37,"legendPosition":15,"entityName":"Employees","lastGlobalUpdate":6,"fieldName":"First Name","dataType":"TEXT","calculation":false,"fullNodeName":"Employees.firstName","localDependencies":[],"globalDependencies":[],"crossDependencies":[],"qualifiedSafeName":"Employees.firstName","codeName":"firstName","keyName":"Employees.firstName","safeName":"Employees.firstName","field":{"id":"First Name","name":"First Name","dirty":false,"incomplete":false,"initialized":false,"type":"TEXT","required":false,"readOnly":false,"allowNull":false,"zeroOnNull":false,"keyField":false,"sorted":false,"indexed":false,"multiIndex":false,"array":false,"arrayUnique":false,"arrayMaxSize":0,"static":false,"native":false,"abstract":false},"id":37},{"nodeId":38,"legendPosition":16,"entityName":"Employees","lastGlobalUpdate":6,"fieldName":"Title","dataType":"TEXT","calculation":false,"fullNodeName":"Employees.title","localDependencies":[],"globalDependencies":[],"crossDependencies":[],"qualifiedSafeName":"Employees.title","codeName":"title","keyName":"Employees.title","safeName":"Employees.title","field":{"id":"Title","name":"Title","dirty":false,"incomplete":false,"initialized":false,"type":"TEXT","required":false,"readOnly":false,"allowNull":false,"zeroOnNull":false,"keyField":false,"sorted":false,"indexed":false,"multiIndex":false,"array":false,"arrayUnique":false,"arrayMaxSize":0,"static":false,"native":false,"abstract":false},"id":38},{"nodeId":39,"legendPosition":17,"entityName":"Employees","lastGlobalUpdate":6,"fieldName":"DeptCode","dataType":"INTEGER","calculation":false,"fullNodeName":"Employees.deptCode","localDependencies":[],"globalDependencies":[],"crossDependencies":[],"qualifiedSafeName":"Employees.deptCode","codeName":"deptCode","keyName":"Employees.deptCode","safeName":"Employees.deptCode","field":{"id":"DeptCode","name":"DeptCode","dirty":false,"incomplete":false,"initialized":false,"type":"INTEGER","required":false,"readOnly":false,"allowNull":false,"zeroOnNull":false,"keyField":false,"sorted":false,"indexed":false,"multiIndex":false,"array":false,"arrayUnique":false,"arrayMaxSize":0,"static":false,"native":false,"abstract":false},"id":39},{"nodeId":40,"legendPosition":18,"entityName":"Employees","lastGlobalUpdate":6,"fieldName":"HireDate","dataType":"DATE","calculation":false,"fullNodeName":"Employees.hireDate","localDependencies":[],"globalDependencies":[],"crossDependencies":[],"qualifiedSafeName":"Employees.hireDate","codeName":"hireDate","keyName":"Employees.hireDate","safeName":"Employees.hireDate","field":{"id":"HireDate","name":"HireDate","dirty":false,"incomplete":false,"initialized":false,"type":"DATE","required":false,"readOnly":false,"allowNull":false,"zeroOnNull":false,"keyField":false,"sorted":false,"indexed":false,"multiIndex":false,"array":false,"arrayUnique":false,"arrayMaxSize":0,"static":false,"native":false,"abstract":false},"id":40},{"nodeId":41,"legendPosition":19,"entityName":"Employees","lastGlobalUpdate":6,"fieldName":"Department Name","dataType":"TEXT","calculation":false,"fullNodeName":"Employees.departmentName","localDependencies":[],"globalDependencies":[],"crossDependencies":[],"qualifiedSafeName":"Employees.departmentName","codeName":"departmentName","keyName":"Employees.departmentName","safeName":"Employees.departmentName","field":{"id":"Department Name","name":"Department Name","dirty":false,"incomplete":false,"initialized":false,"type":"TEXT","required":false,"readOnly":false,"allowNull":false,"zeroOnNull":false,"keyField":false,"sorted":false,"indexed":false,"multiIndex":false,"array":false,"arrayUnique":false,"arrayMaxSize":0,"static":false,"native":false,"abstract":false},"id":41},{"nodeId":42,"legendPosition":20,"entityName":"Employees","lastGlobalUpdate":6,"fieldName":"Salary","dataType":"CURRENCY","calculation":false,"fullNodeName":"Employees.salary","localDependencies":["Employees.decisionflow_determineSalary"],"globalDependencies":[],"crossDependencies":[],"qualifiedSafeName":"Employees.salary","codeName":"salary","keyName":"Employees.salary","safeName":"Employees.salary","field":{"id":"Salary","name":"Salary","dirty":false,"incomplete":false,"initialized":false,"type":"CURRENCY","required":false,"readOnly":false,"allowNull":false,"zeroOnNull":false,"keyField":false,"sorted":false,"indexed":false,"multiIndex":false,"array":false,"arrayUnique":false,"arrayMaxSize":0,"static":false,"native":false,"abstract":false},"id":42},{"nodeId":43,"legendPosition":21,"entityName":"Employees","lastGlobalUpdate":6,"fieldName":"Phone","dataType":"TEXT","calculation":false,"fullNodeName":"Employees.phone","localDependencies":[],"globalDependencies":[],"crossDependencies":[],"qualifiedSafeName":"Employees.phone","codeName":"phone","keyName":"Employees.phone","safeName":"Employees.phone","field":{"id":"Phone","name":"Phone","dirty":false,"incomplete":false,"initialized":false,"type":"TEXT","required":false,"readOnly":false,"allowNull":false,"zeroOnNull":false,"keyField":false,"sorted":false,"indexed":false,"multiIndex":false,"array":false,"arrayUnique":false,"arrayMaxSize":0,"static":false,"native":false,"abstract":false},"id":43},{"nodeId":44,"legendPosition":22,"entityName":"Employees","lastGlobalUpdate":6,"fieldName":"eMail","dataType":"TEXT","calculation":false,"fullNodeName":"Employees.eMail","localDependencies":[],"globalDependencies":[],"crossDependencies":[],"qualifiedSafeName":"Employees.eMail","codeName":"eMail","keyName":"Employees.eMail","safeName":"Employees.eMail","field":{"id":"eMail","name":"eMail","dirty":false,"incomplete":false,"initialized":false,"type":"TEXT","required":false,"readOnly":false,"allowNull":false,"zeroOnNull":false,"keyField":false,"sorted":false,"indexed":false,"multiIndex":false,"array":false,"arrayUnique":false,"arrayMaxSize":0,"static":false,"native":false,"abstract":false},"id":44},{"nodeId":45,"legendPosition":23,"entityName":"Employees","lastGlobalUpdate":6,"fieldName":"Department","dataType":"TEXT","calculation":false,"fullNodeName":"Employees.department","localDependencies":[],"globalDependencies":[],"crossDependencies":[],"qualifiedSafeName":"Employees.department","codeName":"department","keyName":"Employees.department","safeName":"Employees.department","field":{"id":"Department","name":"Department","dirty":false,"incomplete":false,"initialized":false,"type":"TEXT","required":false,"readOnly":false,"allowNull":false,"zeroOnNull":false,"keyField":false,"sorted":false,"indexed":false,"multiIndex":false,"array":false,"arrayUnique":false,"arrayMaxSize":0,"static":false,"native":false,"abstract":false},"id":45},{"nodeId":46,"legendPosition":24,"entityName":"Employees","lastGlobalUpdate":6,"fieldName":"Manager","dataType":"TEXT","calculation":false,"fullNodeName":"Employees.manager","localDependencies":[],"globalDependencies":[],"crossDependencies":[],"qualifiedSafeName":"Employees.manager","codeName":"manager","keyName":"Employees.manager","safeName":"Employees.manager","field":{"id":"Manager","name":"Manager","dirty":false,"incomplete":false,"initialized":false,"type":"TEXT","required":false,"readOnly":false,"allowNull":false,"zeroOnNull":false,"keyField":false,"sorted":false,"indexed":false,"multiIndex":false,"array":false,"arrayUnique":false,"arrayMaxSize":0,"static":false,"native":false,"abstract":false},"id":46},{"nodeId":47,"legendPosition":25,"entityName":"Employees","lastGlobalUpdate":6,"fieldName":"Full Name","dataType":"TEXT","calculation":false,"fullNodeName":"Employees.fullName","localDependencies":[],"globalDependencies":[],"crossDependencies":[],"qualifiedSafeName":"Employees.fullName","codeName":"fullName","keyName":"Employees.fullName","safeName":"Employees.fullName","field":{"id":"Full Name","name":"Full Name","dirty":false,"incomplete":false,"initialized":false,"type":"TEXT","required":false,"readOnly":false,"allowNull":false,"zeroOnNull":false,"keyField":false,"sorted":false,"indexed":false,"multiIndex":false,"array":false,"arrayUnique":false,"arrayMaxSize":0,"static":false,"native":false,"abstract":false},"id":47},{"nodeId":48,"legendPosition":26,"entityName":"Employees","lastGlobalUpdate":6,"fieldName":"YearsTenure","dataType":"FLOAT","calculation":false,"fullNodeName":"Employees.yearsTenure","localDependencies":[],"globalDependencies":[],"crossDependencies":[],"qualifiedSafeName":"Employees.yearsTenure","codeName":"yearsTenure","keyName":"Employees.yearsTenure","safeName":"Employees.yearsTenure","field":{"id":"YearsTenure","name":"YearsTenure","dirty":false,"incomplete":false,"initialized":false,"type":"FLOAT","required":false,"readOnly":false,"allowNull":false,"zeroOnNull":false,"keyField":false,"sorted":false,"indexed":false,"multiIndex":false,"array":false,"arrayUnique":false,"arrayMaxSize":0,"static":false,"native":false,"abstract":false},"id":48},{"nodeId":49,"legendPosition":27,"entityName":"Employees","lastGlobalUpdate":6,"fieldName":"<5","dataType":"FLOAT","calculation":false,"fullNodeName":"Employees.less5","localDependencies":[],"globalDependencies":[],"crossDependencies":[],"qualifiedSafeName":"Employees.less5","codeName":"less5","keyName":"Employees.less5","safeName":"Employees.less5","field":{"id":"<5","name":"<5","dirty":false,"incomplete":false,"initialized":false,"type":"FLOAT","required":false,"readOnly":false,"allowNull":false,"zeroOnNull":false,"keyField":false,"sorted":false,"indexed":false,"multiIndex":false,"array":false,"arrayUnique":false,"arrayMaxSize":0,"static":false,"native":false,"abstract":false},"id":49},{"nodeId":50,"legendPosition":28,"entityName":"Employees","lastGlobalUpdate":6,"fieldName":"5 to 10","dataType":"FLOAT","calculation":false,"fullNodeName":"Employees.n5To10","localDependencies":[],"globalDependencies":[],"crossDependencies":[],"qualifiedSafeName":"Employees.n5To10","codeName":"n5To10","keyName":"Employees.n5To10","safeName":"Employees.n5To10","field":{"id":"5 to 10","name":"5 to 10","dirty":false,"incomplete":false,"initialized":false,"type":"FLOAT","required":false,"readOnly":false,"allowNull":false,"zeroOnNull":false,"keyField":false,"sorted":false,"indexed":false,"multiIndex":false,"array":false,"arrayUnique":false,"arrayMaxSize":0,"static":false,"native":false,"abstract":false},"id":50},{"nodeId":51,"legendPosition":29,"entityName":"Employees","lastGlobalUpdate":6,"fieldName":">10","dataType":"FLOAT","calculation":false,"fullNodeName":"Employees.greater10","localDependencies":[],"globalDependencies":[],"crossDependencies":[],"qualifiedSafeName":"Employees.greater10","codeName":"greater10","keyName":"Employees.greater10","safeName":"Employees.greater10","field":{"id":">10","name":">10","dirty":false,"incomplete":false,"initialized":false,"type":"FLOAT","required":false,"readOnly":false,"allowNull":false,"zeroOnNull":false,"keyField":false,"sorted":false,"indexed":false,"multiIndex":false,"array":false,"arrayUnique":false,"arrayMaxSize":0,"static":false,"native":false,"abstract":false},"id":51},{"nodeId":52,"legendPosition":30,"entityName":"Employees","lastGlobalUpdate":6,"fieldName":"Salary Bin","dataType":"CURRENCY","calculation":false,"fullNodeName":"Employees.salaryBin","localDependencies":[],"globalDependencies":[],"crossDependencies":[],"qualifiedSafeName":"Employees.salaryBin","codeName":"salaryBin","keyName":"Employees.salaryBin","safeName":"Employees.salaryBin","field":{"id":"Salary Bin","name":"Salary Bin","dirty":false,"incomplete":false,"initialized":false,"type":"CURRENCY","required":false,"readOnly":false,"allowNull":false,"zeroOnNull":false,"keyField":false,"sorted":false,"indexed":false,"multiIndex":false,"array":false,"arrayUnique":false,"arrayMaxSize":0,"static":false,"native":false,"abstract":false},"id":52},{"nodeId":53,"legendPosition":31,"entityName":"Employees","lastGlobalUpdate":6,"fieldName":"sourceName","dataType":"TEXT","calculation":false,"fullNodeName":"Employees.sourceName","localDependencies":[],"globalDependencies":[],"crossDependencies":[],"qualifiedSafeName":"Employees.sourceName","codeName":"sourceName","keyName":"Employees.sourceName","safeName":"Employees.sourceName","field":{"id":"sourceName","name":"sourceName","dirty":false,"incomplete":false,"initialized":false,"type":"TEXT","required":false,"readOnly":false,"allowNull":false,"zeroOnNull":false,"keyField":false,"sorted":false,"indexed":false,"multiIndex":false,"array":false,"arrayUnique":false,"arrayMaxSize":0,"static":false,"native":false,"abstract":false},"id":53},{"nodeId":54,"legendPosition":32,"entityName":"Employees","lastGlobalUpdate":6,"fieldName":"lineNumber","dataType":"INTEGER","calculation":false,"fullNodeName":"Employees.lineNumber","localDependencies":[],"globalDependencies":[],"crossDependencies":[],"qualifiedSafeName":"Employees.lineNumber","codeName":"lineNumber","keyName":"Employees.lineNumber","safeName":"Employees.lineNumber","field":{"id":"lineNumber","name":"lineNumber","dirty":false,"incomplete":false,"initialized":false,"type":"INTEGER","required":false,"readOnly":false,"allowNull":false,"zeroOnNull":false,"keyField":false,"sorted":false,"indexed":false,"multiIndex":false,"array":false,"arrayUnique":false,"arrayMaxSize":0,"static":false,"native":false,"abstract":false},"id":54},{"nodeId":55,"legendPosition":33,"entityName":"Employees","lastGlobalUpdate":6,"fieldName":"Is Complete","dataType":"BOOLEAN","calculation":false,"fullNodeName":"Employees.isComplete","localDependencies":["Employees.decisionflow_low","Employees.decisionflow_high"],"globalDependencies":[],"crossDependencies":[],"qualifiedSafeName":"Employees.isComplete","codeName":"isComplete","keyName":"Employees.isComplete","safeName":"Employees.isComplete","field":{"id":"Is Complete","name":"Is Complete","dirty":false,"incomplete":false,"initialized":false,"type":"BOOLEAN","required":false,"readOnly":false,"allowNull":false,"zeroOnNull":false,"keyField":false,"sorted":false,"indexed":false,"multiIndex":false,"array":false,"arrayUnique":false,"arrayMaxSize":0,"static":false,"native":false,"abstract":false},"id":55},{"nodeId":56,"legendPosition":34,"entityName":"Employees","lastGlobalUpdate":6,"fieldName":"Employees Decision","dataType":"DECISION","calculation":false,"fullNodeName":"Employees.employeesDecision","localDependencies":[],"globalDependencies":[],"crossDependencies":[],"qualifiedSafeName":"Employees.employeesDecision","codeName":"employeesDecision","keyName":"Employees.employeesDecision","safeName":"Employees.employeesDecision","field":{"id":"Employees Decision","name":"Employees Decision","dirty":false,"incomplete":false,"initialized":false,"type":"DECISION","required":false,"readOnly":false,"allowNull":false,"zeroOnNull":false,"keyField":false,"sorted":false,"indexed":false,"multiIndex":false,"array":false,"arrayUnique":false,"arrayMaxSize":0,"static":false,"native":false,"abstract":false},"id":56},{"nodeId":0,"legendPosition":35,"entityName":"Employees","fieldName":"view_id_","dataType":"INTEGER","calculation":false,"localDependencies":[],"globalDependencies":[],"crossDependencies":[],"codeName":"view_id_","field":{"id":"view_id_","name":"view_id_","dirty":false,"incomplete":false,"initialized":false,"type":"INTEGER","required":false,"readOnly":false,"allowNull":false,"zeroOnNull":false,"keyField":false,"sorted":false,"indexed":false,"multiIndex":false,"array":false,"arrayUnique":false,"arrayMaxSize":0,"static":false,"native":false,"abstract":false},"id":0},{"nodeId":0,"legendPosition":36,"entityName":"Employees","fieldName":"view_lastName","dataType":"TEXT","calculation":false,"localDependencies":[],"globalDependencies":[],"crossDependencies":[],"codeName":"view_lastName","field":{"id":"view_lastName","name":"view_lastName","dirty":false,"incomplete":false,"initialized":false,"type":"TEXT","required":false,"readOnly":false,"allowNull":false,"zeroOnNull":false,"keyField":false,"sorted":false,"indexed":false,"multiIndex":false,"array":false,"arrayUnique":false,"arrayMaxSize":0,"static":false,"native":false,"abstract":false},"id":0},{"nodeId":0,"legendPosition":37,"entityName":"Employees","fieldName":"view_firstName","dataType":"TEXT","calculation":false,"localDependencies":[],"globalDependencies":[],"crossDependencies":[],"codeName":"view_firstName","field":{"id":"view_firstName","name":"view_firstName","dirty":false,"incomplete":false,"initialized":false,"type":"TEXT","required":false,"readOnly":false,"allowNull":false,"zeroOnNull":false,"keyField":false,"sorted":false,"indexed":false,"multiIndex":false,"array":false,"arrayUnique":false,"arrayMaxSize":0,"static":false,"native":false,"abstract":false},"id":0},{"nodeId":0,"legendPosition":38,"entityName":"Employees","fieldName":"view_title","dataType":"TEXT","calculation":false,"localDependencies":[],"globalDependencies":[],"crossDependencies":[],"codeName":"view_title","field":{"id":"view_title","name":"view_title","dirty":false,"incomplete":false,"initialized":false,"type":"TEXT","required":false,"readOnly":false,"allowNull":false,"zeroOnNull":false,"keyField":false,"sorted":false,"indexed":false,"multiIndex":false,"array":false,"arrayUnique":false,"arrayMaxSize":0,"static":false,"native":false,"abstract":false},"id":0},{"nodeId":0,"legendPosition":39,"entityName":"Employees","fieldName":"view_deptCode","dataType":"INTEGER","calculation":false,"localDependencies":[],"globalDependencies":[],"crossDependencies":[],"codeName":"view_deptCode","field":{"id":"view_deptCode","name":"view_deptCode","dirty":false,"incomplete":false,"initialized":false,"type":"INTEGER","required":false,"readOnly":false,"allowNull":false,"zeroOnNull":false,"keyField":false,"sorted":false,"indexed":false,"multiIndex":false,"array":false,"arrayUnique":false,"arrayMaxSize":0,"static":false,"native":false,"abstract":false},"id":0},{"nodeId":0,"legendPosition":40,"entityName":"Employees","fieldName":"view_hireDate","dataType":"DATE","calculation":false,"localDependencies":[],"globalDependencies":[],"crossDependencies":[],"codeName":"view_hireDate","field":{"id":"view_hireDate","name":"view_hireDate","dirty":false,"incomplete":false,"initialized":false,"type":"DATE","required":false,"readOnly":false,"allowNull":false,"zeroOnNull":false,"keyField":false,"sorted":false,"indexed":false,"multiIndex":false,"array":false,"arrayUnique":false,"arrayMaxSize":0,"static":false,"native":false,"abstract":false},"id":0},{"nodeId":0,"legendPosition":41,"entityName":"Employees","fieldName":"view_departmentName","dataType":"TEXT","calculation":false,"localDependencies":[],"globalDependencies":[],"crossDependencies":[],"codeName":"view_departmentName","field":{"id":"view_departmentName","name":"view_departmentName","dirty":false,"incomplete":false,"initialized":false,"type":"TEXT","required":false,"readOnly":false,"allowNull":false,"zeroOnNull":false,"keyField":false,"sorted":false,"indexed":false,"multiIndex":false,"array":false,"arrayUnique":false,"arrayMaxSize":0,"static":false,"native":false,"abstract":false},"id":0},{"nodeId":0,"legendPosition":42,"entityName":"Employees","fieldName":"view_salary","dataType":"CURRENCY","calculation":false,"localDependencies":[],"globalDependencies":[],"crossDependencies":[],"codeName":"view_salary","field":{"id":"view_salary","name":"view_salary","dirty":false,"incomplete":false,"initialized":false,"type":"CURRENCY","required":false,"readOnly":false,"allowNull":false,"zeroOnNull":false,"keyField":false,"sorted":false,"indexed":false,"multiIndex":false,"array":false,"arrayUnique":false,"arrayMaxSize":0,"static":false,"native":false,"abstract":false},"id":0},{"nodeId":0,"legendPosition":43,"entityName":"Employees","fieldName":"view_phone","dataType":"TEXT","calculation":false,"localDependencies":[],"globalDependencies":[],"crossDependencies":[],"codeName":"view_phone","field":{"id":"view_phone","name":"view_phone","dirty":false,"incomplete":false,"initialized":false,"type":"TEXT","required":false,"readOnly":false,"allowNull":false,"zeroOnNull":false,"keyField":false,"sorted":false,"indexed":false,"multiIndex":false,"array":false,"arrayUnique":false,"arrayMaxSize":0,"static":false,"native":false,"abstract":false},"id":0},{"nodeId":0,"legendPosition":44,"entityName":"Employees","fieldName":"view_eMail","dataType":"TEXT","calculation":false,"localDependencies":[],"globalDependencies":[],"crossDependencies":[],"codeName":"view_eMail","field":{"id":"view_eMail","name":"view_eMail","dirty":false,"incomplete":false,"initialized":false,"type":"TEXT","required":false,"readOnly":false,"allowNull":false,"zeroOnNull":false,"keyField":false,"sorted":false,"indexed":false,"multiIndex":false,"array":false,"arrayUnique":false,"arrayMaxSize":0,"static":false,"native":false,"abstract":false},"id":0},{"nodeId":0,"legendPosition":45,"entityName":"Employees","fieldName":"view_department","dataType":"TEXT","calculation":false,"localDependencies":[],"globalDependencies":[],"crossDependencies":[],"codeName":"view_department","field":{"id":"view_department","name":"view_department","dirty":false,"incomplete":false,"initialized":false,"type":"TEXT","required":false,"readOnly":false,"allowNull":false,"zeroOnNull":false,"keyField":false,"sorted":false,"indexed":false,"multiIndex":false,"array":false,"arrayUnique":false,"arrayMaxSize":0,"static":false,"native":false,"abstract":false},"id":0},{"nodeId":0,"legendPosition":46,"entityName":"Employees","fieldName":"view_manager","dataType":"TEXT","calculation":false,"localDependencies":[],"globalDependencies":[],"crossDependencies":[],"codeName":"view_manager","field":{"id":"view_manager","name":"view_manager","dirty":false,"incomplete":false,"initialized":false,"type":"TEXT","required":false,"readOnly":false,"allowNull":false,"zeroOnNull":false,"keyField":false,"sorted":false,"indexed":false,"multiIndex":false,"array":false,"arrayUnique":false,"arrayMaxSize":0,"static":false,"native":false,"abstract":false},"id":0},{"nodeId":0,"legendPosition":47,"entityName":"Employees","fieldName":"view_fullName","dataType":"TEXT","calculation":false,"localDependencies":[],"globalDependencies":[],"crossDependencies":[],"codeName":"view_fullName","field":{"id":"view_fullName","name":"view_fullName","dirty":false,"incomplete":false,"initialized":false,"type":"TEXT","required":false,"readOnly":false,"allowNull":false,"zeroOnNull":false,"keyField":false,"sorted":false,"indexed":false,"multiIndex":false,"array":false,"arrayUnique":false,"arrayMaxSize":0,"static":false,"native":false,"abstract":false},"id":0},{"nodeId":0,"legendPosition":48,"entityName":"Employees","fieldName":"view_yearsTenure","dataType":"FLOAT","calculation":false,"localDependencies":[],"globalDependencies":[],"crossDependencies":[],"codeName":"view_yearsTenure","field":{"id":"view_yearsTenure","name":"view_yearsTenure","dirty":false,"incomplete":false,"initialized":false,"type":"FLOAT","required":false,"readOnly":false,"allowNull":false,"zeroOnNull":false,"keyField":false,"sorted":false,"indexed":false,"multiIndex":false,"array":false,"arrayUnique":false,"arrayMaxSize":0,"static":false,"native":false,"abstract":false},"id":0},{"nodeId":0,"legendPosition":49,"entityName":"Employees","fieldName":"view_less5","dataType":"FLOAT","calculation":false,"localDependencies":[],"globalDependencies":[],"crossDependencies":[],"codeName":"view_less5","field":{"id":"view_less5","name":"view_less5","dirty":false,"incomplete":false,"initialized":false,"type":"FLOAT","required":false,"readOnly":false,"allowNull":false,"zeroOnNull":false,"keyField":false,"sorted":false,"indexed":false,"multiIndex":false,"array":false,"arrayUnique":false,"arrayMaxSize":0,"static":false,"native":false,"abstract":false},"id":0},{"nodeId":0,"legendPosition":50,"entityName":"Employees","fieldName":"view_n5To10","dataType":"FLOAT","calculation":false,"localDependencies":[],"globalDependencies":[],"crossDependencies":[],"codeName":"view_n5To10","field":{"id":"view_n5To10","name":"view_n5To10","dirty":false,"incomplete":false,"initialized":false,"type":"FLOAT","required":false,"readOnly":false,"allowNull":false,"zeroOnNull":false,"keyField":false,"sorted":false,"indexed":false,"multiIndex":false,"array":false,"arrayUnique":false,"arrayMaxSize":0,"static":false,"native":false,"abstract":false},"id":0},{"nodeId":0,"legendPosition":51,"entityName":"Employees","fieldName":"view_greater10","dataType":"FLOAT","calculation":false,"localDependencies":[],"globalDependencies":[],"crossDependencies":[],"codeName":"view_greater10","field":{"id":"view_greater10","name":"view_greater10","dirty":false,"incomplete":false,"initialized":false,"type":"FLOAT","required":false,"readOnly":false,"allowNull":false,"zeroOnNull":false,"keyField":false,"sorted":false,"indexed":false,"multiIndex":false,"array":false,"arrayUnique":false,"arrayMaxSize":0,"static":false,"native":false,"abstract":false},"id":0},{"nodeId":0,"legendPosition":52,"entityName":"Employees","fieldName":"view_salaryBin","dataType":"CURRENCY","calculation":false,"localDependencies":[],"globalDependencies":[],"crossDependencies":[],"codeName":"view_salaryBin","field":{"id":"view_salaryBin","name":"view_salaryBin","dirty":false,"incomplete":false,"initialized":false,"type":"CURRENCY","required":false,"readOnly":false,"allowNull":false,"zeroOnNull":false,"keyField":false,"sorted":false,"indexed":false,"multiIndex":false,"array":false,"arrayUnique":false,"arrayMaxSize":0,"static":false,"native":false,"abstract":false},"id":0},{"nodeId":0,"legendPosition":53,"entityName":"Employees","fieldName":"view_sourceName","dataType":"TEXT","calculation":false,"localDependencies":[],"globalDependencies":[],"crossDependencies":[],"codeName":"view_sourceName","field":{"id":"view_sourceName","name":"view_sourceName","dirty":false,"incomplete":false,"initialized":false,"type":"TEXT","required":false,"readOnly":false,"allowNull":false,"zeroOnNull":false,"keyField":false,"sorted":false,"indexed":false,"multiIndex":false,"array":false,"arrayUnique":false,"arrayMaxSize":0,"static":false,"native":false,"abstract":false},"id":0},{"nodeId":0,"legendPosition":54,"entityName":"Employees","fieldName":"view_lineNumber","dataType":"INTEGER","calculation":false,"localDependencies":[],"globalDependencies":[],"crossDependencies":[],"codeName":"view_lineNumber","field":{"id":"view_lineNumber","name":"view_lineNumber","dirty":false,"incomplete":false,"initialized":false,"type":"INTEGER","required":false,"readOnly":false,"allowNull":false,"zeroOnNull":false,"keyField":false,"sorted":false,"indexed":false,"multiIndex":false,"array":false,"arrayUnique":false,"arrayMaxSize":0,"static":false,"native":false,"abstract":false},"id":0},{"nodeId":0,"legendPosition":55,"entityName":"Employees","fieldName":"view_employeesDecision","dataType":"DECISION","calculation":false,"localDependencies":[],"globalDependencies":[],"crossDependencies":[],"codeName":"view_employeesDecision","field":{"id":"view_employeesDecision","name":"view_employeesDecision","dirty":false,"incomplete":false,"initialized":false,"type":"DECISION","required":false,"readOnly":false,"allowNull":false,"zeroOnNull":false,"keyField":false,"sorted":false,"indexed":false,"multiIndex":false,"array":false,"arrayUnique":false,"arrayMaxSize":0,"static":false,"native":false,"abstract":false},"id":0},{"nodeId":0,"legendPosition":56,"entityName":"Employees","fieldName":"view_isComplete","dataType":"BOOLEAN","calculation":false,"localDependencies":[],"globalDependencies":[],"crossDependencies":[],"codeName":"view_isComplete","field":{"id":"view_isComplete","name":"view_isComplete","dirty":false,"incomplete":false,"initialized":false,"type":"BOOLEAN","required":false,"readOnly":false,"allowNull":false,"zeroOnNull":false,"keyField":false,"sorted":false,"indexed":false,"multiIndex":false,"array":false,"arrayUnique":false,"arrayMaxSize":0,"static":false,"native":false,"abstract":false},"id":0},{"nodeId":0,"legendPosition":57,"entityName":"Employees","fieldName":"decisionflow_low","dataType":"ANY","calculation":false,"localDependencies":[],"globalDependencies":[],"crossDependencies":[],"codeName":"decisionflow_low","field":{"id":"decisionflow_low","name":"decisionflow_low","dirty":false,"incomplete":false,"initialized":false,"type":"ANY","required":false,"readOnly":false,"allowNull":false,"zeroOnNull":false,"keyField":false,"sorted":false,"indexed":false,"multiIndex":false,"array":false,"arrayUnique":false,"arrayMaxSize":0,"static":false,"native":false,"abstract":false},"id":0},{"nodeId":0,"legendPosition":58,"entityName":"Employees","fieldName":"decisionflow_determineSalary","dataType":"ANY","calculation":false,"localDependencies":[],"globalDependencies":[],"crossDependencies":[],"codeName":"decisionflow_determineSalary","field":{"id":"decisionflow_determineSalary","name":"decisionflow_determineSalary","dirty":false,"incomplete":false,"initialized":false,"type":"ANY","required":false,"readOnly":false,"allowNull":false,"zeroOnNull":false,"keyField":false,"sorted":false,"indexed":false,"multiIndex":false,"array":false,"arrayUnique":false,"arrayMaxSize":0,"static":false,"native":false,"abstract":false},"id":0},{"nodeId":0,"legendPosition":59,"entityName":"Employees","fieldName":"decisionflow_start","dataType":"ANY","calculation":false,"localDependencies":[],"globalDependencies":[],"crossDependencies":[],"codeName":"decisionflow_start","field":{"id":"decisionflow_start","name":"decisionflow_start","dirty":false,"incomplete":false,"initialized":false,"type":"ANY","required":false,"readOnly":false,"allowNull":false,"zeroOnNull":false,"keyField":false,"sorted":false,"indexed":false,"multiIndex":false,"array":false,"arrayUnique":false,"arrayMaxSize":0,"static":false,"native":false,"abstract":false},"id":0},{"nodeId":0,"legendPosition":60,"entityName":"Employees","fieldName":"decisionflow_high","dataType":"ANY","calculation":false,"localDependencies":[],"globalDependencies":[],"crossDependencies":[],"codeName":"decisionflow_high","field":{"id":"decisionflow_high","name":"decisionflow_high","dirty":false,"incomplete":false,"initialized":false,"type":"ANY","required":false,"readOnly":false,"allowNull":false,"zeroOnNull":false,"keyField":false,"sorted":false,"indexed":false,"multiIndex":false,"array":false,"arrayUnique":false,"arrayMaxSize":0,"static":false,"native":false,"abstract":false},"id":0}],"id":0}
