{"configType":"model","entityName":"existing","numFields":16,"lastUpdate":4,"version":-688287748,"dependencyInfos":[{"nodeId":4,"legendPosition":0,"entityName":"existing","lastGlobalUpdate":4,"fieldName":"id","dataType":"INTEGER","calculation":false,"fullNodeName":"existing.id","localDependencies":[],"globalDependencies":[],"crossDependencies":[],"keyName":"existing.id","safeName":"existing.id","qualifiedSafeName":"existing.id","codeName":"id","field":{"id":"id","name":"id","dirty":false,"incomplete":false,"initialized":false,"type":"INTEGER","required":false,"readOnly":false,"allowNull":false,"zeroOnNull":false,"keyField":false,"sorted":false,"indexed":false,"multiIndex":false,"array":false,"arrayUnique":false,"arrayMaxSize":0,"static":false,"abstract":false,"native":false},"id":4},{"nodeId":5,"legendPosition":1,"entityName":"existing","lastGlobalUpdate":4,"fieldName":"version","dataType":"INTEGER","calculation":false,"fullNodeName":"existing.version","localDependencies":[],"globalDependencies":[],"crossDependencies":[],"keyName":"existing.version","safeName":"existing.version","qualifiedSafeName":"existing.version","codeName":"version","field":{"id":"version","name":"version","dirty":false,"incomplete":false,"initialized":false,"type":"INTEGER","required":false,"readOnly":false,"allowNull":false,"zeroOnNull":false,"keyField":false,"sorted":false,"indexed":false,"multiIndex":false,"array":false,"arrayUnique":false,"arrayMaxSize":0,"static":false,"abstract":false,"native":false},"id":5},{"nodeId":6,"legendPosition":2,"entityName":"existing","lastGlobalUpdate":4,"fieldName":"ruleResults","dataType":"RAW","calculation":false,"fullNodeName":"existing.ruleResults","localDependencies":[],"globalDependencies":[],"crossDependencies":[],"keyName":"existing.ruleResults","safeName":"existing.ruleResults","qualifiedSafeName":"existing.ruleResults","codeName":"ruleResults","field":{"id":"ruleResults","name":"ruleResults","dirty":false,"incomplete":false,"initialized":false,"type":"RAW","required":false,"readOnly":false,"allowNull":false,"zeroOnNull":false,"keyField":false,"sorted":false,"indexed":false,"multiIndex":false,"array":true,"arrayUnique":false,"arrayMaxSize":0,"static":false,"abstract":false,"native":false},"id":6},{"nodeId":7,"legendPosition":3,"entityName":"existing","lastGlobalUpdate":4,"fieldName":"errors","dataType":"RAW","calculation":false,"fullNodeName":"existing.errors","localDependencies":[],"globalDependencies":[],"crossDependencies":[],"keyName":"existing.errors","safeName":"existing.errors","qualifiedSafeName":"existing.errors","codeName":"errors","field":{"id":"errors","name":"errors","dirty":false,"incomplete":false,"initialized":false,"type":"RAW","required":false,"readOnly":false,"allowNull":false,"zeroOnNull":false,"keyField":false,"sorted":false,"indexed":false,"multiIndex":false,"array":true,"arrayUnique":false,"arrayMaxSize":0,"static":false,"abstract":false,"native":false},"id":7},{"nodeId":8,"legendPosition":4,"entityName":"existing","lastGlobalUpdate":4,"fieldName":"name","dataType":"TEXT","calculation":false,"fullNodeName":"existing.name","localDependencies":[],"globalDependencies":[],"crossDependencies":[],"keyName":"existing.name","safeName":"existing.name","qualifiedSafeName":"existing.name","codeName":"name","field":{"id":"name","name":"name","dirty":false,"incomplete":false,"initialized":false,"type":"TEXT","required":false,"readOnly":false,"allowNull":false,"zeroOnNull":false,"keyField":false,"sorted":false,"indexed":false,"multiIndex":false,"array":false,"arrayUnique":false,"arrayMaxSize":0,"static":false,"abstract":false,"native":false},"id":8},{"nodeId":9,"legendPosition":5,"entityName":"existing","lastGlobalUpdate":4,"fieldName":"entityName","dataType":"TEXT","calculation":false,"fullNodeName":"existing.entityName","localDependencies":[],"globalDependencies":[],"crossDependencies":[],"keyName":"existing.entityName","safeName":"existing.entityName","qualifiedSafeName":"existing.entityName","codeName":"entityName","field":{"id":"entityName","name":"entityName","dirty":false,"incomplete":false,"initialized":false,"type":"TEXT","required":false,"readOnly":false,"allowNull":false,"zeroOnNull":false,"keyField":false,"sorted":false,"indexed":false,"multiIndex":false,"array":false,"arrayUnique":false,"arrayMaxSize":0,"static":false,"abstract":false,"native":false},"id":9},{"nodeId":10,"legendPosition":6,"entityName":"existing","lastGlobalUpdate":4,"fieldName":"key","dataType":"TEXT","calculation":false,"fullNodeName":"existing.key","localDependencies":[],"globalDependencies":[],"crossDependencies":[],"keyName":"existing.key","safeName":"existing.key","qualifiedSafeName":"existing.key","codeName":"key","field":{"id":"key","name":"key","dirty":false,"incomplete":false,"initialized":false,"type":"TEXT","required":false,"readOnly":false,"allowNull":false,"zeroOnNull":false,"keyField":false,"sorted":false,"indexed":false,"multiIndex":false,"array":false,"arrayUnique":false,"arrayMaxSize":0,"static":false,"abstract":false,"native":false},"id":10},{"nodeId":11,"legendPosition":7,"entityName":"existing","lastGlobalUpdate":4,"fieldName":"seriesValue","dataType":"ANY","calculation":false,"fullNodeName":"existing.seriesValue","localDependencies":[],"globalDependencies":[],"crossDependencies":[],"keyName":"existing.seriesValue","safeName":"existing.seriesValue","qualifiedSafeName":"existing.seriesValue","codeName":"seriesValue","field":{"id":"seriesValue","name":"seriesValue","dirty":false,"incomplete":false,"initialized":false,"type":"ANY","required":false,"readOnly":false,"allowNull":false,"zeroOnNull":false,"keyField":false,"sorted":false,"indexed":false,"multiIndex":false,"array":false,"arrayUnique":false,"arrayMaxSize":0,"static":false,"abstract":false,"native":false},"id":11},{"nodeId":12,"legendPosition":8,"entityName":"existing","lastGlobalUpdate":4,"fieldName":"keyPrior","dataType":"DATAITEM","calculation":false,"fullNodeName":"existing.keyPrior","localDependencies":[],"globalDependencies":[],"crossDependencies":[],"keyName":"existing.keyPrior","safeName":"existing.keyPrior","qualifiedSafeName":"existing.keyPrior","codeName":"keyPrior","field":{"id":"keyPrior","name":"keyPrior","dirty":false,"incomplete":false,"initialized":false,"type":"DATAITEM","required":false,"readOnly":false,"allowNull":false,"zeroOnNull":false,"keyField":false,"sorted":false,"indexed":false,"multiIndex":false,"array":false,"arrayUnique":false,"arrayMaxSize":0,"static":false,"abstract":false,"native":false},"id":12},{"nodeId":13,"legendPosition":9,"entityName":"existing","lastGlobalUpdate":4,"fieldName":"keyNext","dataType":"DATAITEM","calculation":false,"fullNodeName":"existing.keyNext","localDependencies":[],"globalDependencies":[],"crossDependencies":[],"keyName":"existing.keyNext","safeName":"existing.keyNext","qualifiedSafeName":"existing.keyNext","codeName":"keyNext","field":{"id":"keyNext","name":"keyNext","dirty":false,"incomplete":false,"initialized":false,"type":"DATAITEM","required":false,"readOnly":false,"allowNull":false,"zeroOnNull":false,"keyField":false,"sorted":false,"indexed":false,"multiIndex":false,"array":false,"arrayUnique":false,"arrayMaxSize":0,"static":false,"abstract":false,"native":false},"id":13},{"nodeId":14,"legendPosition":10,"entityName":"existing","lastGlobalUpdate":4,"fieldName":"keyPosition","dataType":"INTEGER","calculation":false,"fullNodeName":"existing.keyPosition","localDependencies":[],"globalDependencies":[],"crossDependencies":[],"keyName":"existing.keyPosition","safeName":"existing.keyPosition","qualifiedSafeName":"existing.keyPosition","codeName":"keyPosition","field":{"id":"keyPosition","name":"keyPosition","dirty":false,"incomplete":false,"initialized":false,"type":"INTEGER","required":false,"readOnly":false,"allowNull":false,"zeroOnNull":false,"keyField":false,"sorted":false,"indexed":false,"multiIndex":false,"array":false,"arrayUnique":false,"arrayMaxSize":0,"static":false,"abstract":false,"native":false},"id":14},{"nodeId":15,"legendPosition":11,"entityName":"existing","lastGlobalUpdate":4,"fieldName":"keyNavigation","dataType":"ANY","calculation":false,"fullNodeName":"existing.keyNavigation","localDependencies":[],"globalDependencies":[],"crossDependencies":[],"keyName":"existing.keyNavigation","safeName":"existing.keyNavigation","qualifiedSafeName":"existing.keyNavigation","codeName":"keyNavigation","field":{"id":"keyNavigation","name":"keyNavigation","dirty":false,"incomplete":false,"initialized":false,"type":"ANY","required":false,"readOnly":false,"allowNull":false,"zeroOnNull":false,"keyField":false,"sorted":false,"indexed":false,"multiIndex":false,"array":false,"arrayUnique":false,"arrayMaxSize":0,"static":false,"abstract":false,"native":false},"id":15},{"nodeId":16,"legendPosition":12,"entityName":"existing","lastGlobalUpdate":4,"fieldName":"model","dataType":"DATAITEM","calculation":false,"fullNodeName":"existing.model","localDependencies":[],"globalDependencies":[],"crossDependencies":[],"keyName":"existing.model","safeName":"existing.model","qualifiedSafeName":"existing.model","codeName":"model","field":{"id":"model","name":"model","dirty":false,"incomplete":false,"initialized":false,"type":"DATAITEM","required":false,"readOnly":false,"allowNull":false,"zeroOnNull":false,"keyField":false,"sorted":false,"indexed":false,"multiIndex":false,"array":false,"arrayUnique":false,"arrayMaxSize":0,"static":false,"abstract":false,"native":false},"id":16},{"nodeId":0,"legendPosition":13,"entityName":"existing","fieldName":"existingSeries","dataType":"ANY","calculation":false,"localDependencies":[],"globalDependencies":[],"crossDependencies":[],"codeName":"existingSeries","field":{"id":"existingSeries","name":"existingSeries","dirty":false,"incomplete":false,"initialized":false,"type":"ANY","required":false,"readOnly":false,"allowNull":false,"zeroOnNull":false,"keyField":false,"sorted":false,"indexed":false,"multiIndex":false,"array":false,"arrayUnique":false,"arrayMaxSize":0,"static":false,"abstract":false,"native":false},"id":0},{"nodeId":0,"legendPosition":14,"entityName":"existing","fieldName":"view_id_","dataType":"INTEGER","calculation":false,"localDependencies":[],"globalDependencies":[],"crossDependencies":[],"codeName":"view_id_","field":{"id":"view_id_","name":"view_id_","dirty":false,"incomplete":false,"initialized":false,"type":"INTEGER","required":false,"readOnly":false,"allowNull":false,"zeroOnNull":false,"keyField":false,"sorted":false,"indexed":false,"multiIndex":false,"array":false,"arrayUnique":false,"arrayMaxSize":0,"static":false,"abstract":false,"native":false},"id":0},{"nodeId":0,"legendPosition":15,"entityName":"existing","fieldName":"view_existing","dataType":"ANY","calculation":false,"localDependencies":[],"globalDependencies":[],"crossDependencies":[],"codeName":"view_existing","field":{"id":"view_existing","name":"view_existing","dirty":false,"incomplete":false,"initialized":false,"type":"ANY","required":false,"readOnly":false,"allowNull":false,"zeroOnNull":false,"keyField":false,"sorted":false,"indexed":false,"multiIndex":false,"array":false,"arrayUnique":false,"arrayMaxSize":0,"static":false,"abstract":false,"native":false},"id":0}],"id":0}
