{"configType":"model","entityName":"newModel2","numFields":16,"lastUpdate":3,"version":1982404523,"dependencyInfos":[{"nodeId":4,"legendPosition":0,"entityName":"newModel2","lastGlobalUpdate":3,"fieldName":"id","dataType":"INTEGER","calculation":false,"fullNodeName":"newModel2.id","localDependencies":[],"globalDependencies":[],"crossDependencies":[],"qualifiedSafeName":"newModel2.id","codeName":"id","keyName":"newModel2.id","safeName":"newModel2.id","field":{"id":"id","name":"id","dirty":false,"incomplete":false,"initialized":false,"type":"INTEGER","required":false,"readOnly":false,"allowNull":false,"zeroOnNull":false,"keyField":false,"sorted":false,"indexed":false,"multiIndex":false,"array":false,"arrayUnique":false,"arrayMaxSize":0,"static":false,"abstract":false,"native":false},"id":4},{"nodeId":5,"legendPosition":1,"entityName":"newModel2","lastGlobalUpdate":3,"fieldName":"version","dataType":"INTEGER","calculation":false,"fullNodeName":"newModel2.version","localDependencies":[],"globalDependencies":[],"crossDependencies":[],"qualifiedSafeName":"newModel2.version","codeName":"version","keyName":"newModel2.version","safeName":"newModel2.version","field":{"id":"version","name":"version","dirty":false,"incomplete":false,"initialized":false,"type":"INTEGER","required":false,"readOnly":false,"allowNull":false,"zeroOnNull":false,"keyField":false,"sorted":false,"indexed":false,"multiIndex":false,"array":false,"arrayUnique":false,"arrayMaxSize":0,"static":false,"abstract":false,"native":false},"id":5},{"nodeId":6,"legendPosition":2,"entityName":"newModel2","lastGlobalUpdate":3,"fieldName":"ruleResults","dataType":"RAW","calculation":true,"fullNodeName":"newModel2.ruleResults","localDependencies":[],"globalDependencies":[],"crossDependencies":[],"qualifiedSafeName":"newModel2.ruleResults","codeName":"ruleResults","keyName":"newModel2.ruleResults","safeName":"newModel2.ruleResults","field":{"id":"ruleResults","name":"ruleResults","dirty":false,"incomplete":false,"initialized":false,"type":"RAW","required":false,"readOnly":false,"allowNull":false,"zeroOnNull":false,"keyField":false,"sorted":false,"indexed":false,"multiIndex":false,"array":true,"arrayUnique":false,"arrayMaxSize":0,"static":false,"abstract":false,"native":false},"id":6},{"nodeId":7,"legendPosition":3,"entityName":"newModel2","lastGlobalUpdate":3,"fieldName":"errors","dataType":"RAW","calculation":false,"fullNodeName":"newModel2.errors","localDependencies":[],"globalDependencies":[],"crossDependencies":[],"qualifiedSafeName":"newModel2.errors","codeName":"errors","keyName":"newModel2.errors","safeName":"newModel2.errors","field":{"id":"errors","name":"errors","dirty":false,"incomplete":false,"initialized":false,"type":"RAW","required":false,"readOnly":false,"allowNull":false,"zeroOnNull":false,"keyField":false,"sorted":false,"indexed":false,"multiIndex":false,"array":true,"arrayUnique":false,"arrayMaxSize":0,"static":false,"abstract":false,"native":false},"id":7},{"nodeId":8,"legendPosition":4,"entityName":"newModel2","lastGlobalUpdate":3,"fieldName":"name","dataType":"TEXT","calculation":false,"fullNodeName":"newModel2.name","localDependencies":[],"globalDependencies":[],"crossDependencies":[],"qualifiedSafeName":"newModel2.name","codeName":"name","keyName":"newModel2.name","safeName":"newModel2.name","field":{"id":"name","name":"name","dirty":false,"incomplete":false,"initialized":false,"type":"TEXT","required":false,"readOnly":false,"allowNull":false,"zeroOnNull":false,"keyField":false,"sorted":false,"indexed":false,"multiIndex":false,"array":false,"arrayUnique":false,"arrayMaxSize":0,"static":false,"abstract":false,"native":false},"id":8},{"nodeId":9,"legendPosition":5,"entityName":"newModel2","lastGlobalUpdate":3,"fieldName":"entityName","dataType":"TEXT","calculation":false,"fullNodeName":"newModel2.entityName","localDependencies":[],"globalDependencies":[],"crossDependencies":[],"qualifiedSafeName":"newModel2.entityName","codeName":"entityName","keyName":"newModel2.entityName","safeName":"newModel2.entityName","field":{"id":"entityName","name":"entityName","dirty":false,"incomplete":false,"initialized":false,"type":"TEXT","required":false,"readOnly":false,"allowNull":false,"zeroOnNull":false,"keyField":false,"sorted":false,"indexed":false,"multiIndex":false,"array":false,"arrayUnique":false,"arrayMaxSize":0,"static":false,"abstract":false,"native":false},"id":9},{"nodeId":10,"legendPosition":6,"entityName":"newModel2","lastGlobalUpdate":3,"fieldName":"key","dataType":"TEXT","calculation":false,"fullNodeName":"newModel2.key","localDependencies":[],"globalDependencies":[],"crossDependencies":[],"qualifiedSafeName":"newModel2.key","codeName":"key","keyName":"newModel2.key","safeName":"newModel2.key","field":{"id":"key","name":"key","dirty":false,"incomplete":false,"initialized":false,"type":"TEXT","required":false,"readOnly":false,"allowNull":false,"zeroOnNull":false,"keyField":false,"sorted":false,"indexed":false,"multiIndex":false,"array":false,"arrayUnique":false,"arrayMaxSize":0,"static":false,"abstract":false,"native":false},"id":10},{"nodeId":11,"legendPosition":7,"entityName":"newModel2","lastGlobalUpdate":3,"fieldName":"seriesValue","dataType":"ANY","calculation":false,"fullNodeName":"newModel2.seriesValue","localDependencies":[],"globalDependencies":[],"crossDependencies":[],"qualifiedSafeName":"newModel2.seriesValue","codeName":"seriesValue","keyName":"newModel2.seriesValue","safeName":"newModel2.seriesValue","field":{"id":"seriesValue","name":"seriesValue","dirty":false,"incomplete":false,"initialized":false,"type":"ANY","required":false,"readOnly":false,"allowNull":false,"zeroOnNull":false,"keyField":false,"sorted":false,"indexed":false,"multiIndex":false,"array":false,"arrayUnique":false,"arrayMaxSize":0,"static":false,"abstract":false,"native":false},"id":11},{"nodeId":12,"legendPosition":8,"entityName":"newModel2","lastGlobalUpdate":3,"fieldName":"keyPrior","dataType":"DATAITEM","calculation":false,"fullNodeName":"newModel2.keyPrior","localDependencies":[],"globalDependencies":[],"crossDependencies":[],"qualifiedSafeName":"newModel2.keyPrior","codeName":"keyPrior","keyName":"newModel2.keyPrior","safeName":"newModel2.keyPrior","field":{"id":"keyPrior","name":"keyPrior","dirty":false,"incomplete":false,"initialized":false,"type":"DATAITEM","required":false,"readOnly":false,"allowNull":false,"zeroOnNull":false,"keyField":false,"sorted":false,"indexed":false,"multiIndex":false,"array":false,"arrayUnique":false,"arrayMaxSize":0,"static":false,"abstract":false,"native":false},"id":12},{"nodeId":13,"legendPosition":9,"entityName":"newModel2","lastGlobalUpdate":3,"fieldName":"keyNext","dataType":"DATAITEM","calculation":false,"fullNodeName":"newModel2.keyNext","localDependencies":[],"globalDependencies":[],"crossDependencies":[],"qualifiedSafeName":"newModel2.keyNext","codeName":"keyNext","keyName":"newModel2.keyNext","safeName":"newModel2.keyNext","field":{"id":"keyNext","name":"keyNext","dirty":false,"incomplete":false,"initialized":false,"type":"DATAITEM","required":false,"readOnly":false,"allowNull":false,"zeroOnNull":false,"keyField":false,"sorted":false,"indexed":false,"multiIndex":false,"array":false,"arrayUnique":false,"arrayMaxSize":0,"static":false,"abstract":false,"native":false},"id":13},{"nodeId":14,"legendPosition":10,"entityName":"newModel2","lastGlobalUpdate":3,"fieldName":"keyPosition","dataType":"INTEGER","calculation":false,"fullNodeName":"newModel2.keyPosition","localDependencies":[],"globalDependencies":[],"crossDependencies":[],"qualifiedSafeName":"newModel2.keyPosition","codeName":"keyPosition","keyName":"newModel2.keyPosition","safeName":"newModel2.keyPosition","field":{"id":"keyPosition","name":"keyPosition","dirty":false,"incomplete":false,"initialized":false,"type":"INTEGER","required":false,"readOnly":false,"allowNull":false,"zeroOnNull":false,"keyField":false,"sorted":false,"indexed":false,"multiIndex":false,"array":false,"arrayUnique":false,"arrayMaxSize":0,"static":false,"abstract":false,"native":false},"id":14},{"nodeId":15,"legendPosition":11,"entityName":"newModel2","lastGlobalUpdate":3,"fieldName":"keyNavigation","dataType":"ANY","calculation":false,"fullNodeName":"newModel2.keyNavigation","localDependencies":[],"globalDependencies":[],"crossDependencies":[],"qualifiedSafeName":"newModel2.keyNavigation","codeName":"keyNavigation","keyName":"newModel2.keyNavigation","safeName":"newModel2.keyNavigation","field":{"id":"keyNavigation","name":"keyNavigation","dirty":false,"incomplete":false,"initialized":false,"type":"ANY","required":false,"readOnly":false,"allowNull":false,"zeroOnNull":false,"keyField":false,"sorted":false,"indexed":false,"multiIndex":false,"array":false,"arrayUnique":false,"arrayMaxSize":0,"static":false,"abstract":false,"native":false},"id":15},{"nodeId":16,"legendPosition":12,"entityName":"newModel2","lastGlobalUpdate":3,"fieldName":"model","dataType":"DATAITEM","calculation":false,"fullNodeName":"newModel2.model","localDependencies":[],"globalDependencies":[],"crossDependencies":[],"qualifiedSafeName":"newModel2.model","codeName":"model","keyName":"newModel2.model","safeName":"newModel2.model","field":{"id":"model","name":"model","dirty":false,"incomplete":false,"initialized":false,"type":"DATAITEM","required":false,"readOnly":false,"allowNull":false,"zeroOnNull":false,"keyField":false,"sorted":false,"indexed":false,"multiIndex":false,"array":false,"arrayUnique":false,"arrayMaxSize":0,"static":false,"abstract":false,"native":false},"id":16},{"nodeId":0,"legendPosition":13,"entityName":"newModel2","fieldName":"view_id_","dataType":"INTEGER","calculation":false,"localDependencies":[],"globalDependencies":[],"crossDependencies":[],"codeName":"view_id_","field":{"id":"view_id_","name":"view_id_","dirty":false,"incomplete":false,"initialized":false,"type":"INTEGER","required":false,"readOnly":false,"allowNull":false,"zeroOnNull":false,"keyField":false,"sorted":false,"indexed":false,"multiIndex":false,"array":false,"arrayUnique":false,"arrayMaxSize":0,"static":false,"abstract":false,"native":false},"id":0},{"nodeId":0,"legendPosition":14,"entityName":"newModel2","fieldName":"view_newModel2","dataType":"ANY","calculation":false,"localDependencies":[],"globalDependencies":[],"crossDependencies":[],"codeName":"view_newModel2","field":{"id":"view_newModel2","name":"view_newModel2","dirty":false,"incomplete":false,"initialized":false,"type":"ANY","required":false,"readOnly":false,"allowNull":false,"zeroOnNull":false,"keyField":false,"sorted":false,"indexed":false,"multiIndex":false,"array":false,"arrayUnique":false,"arrayMaxSize":0,"static":false,"abstract":false,"native":false},"id":0},{"nodeId":0,"legendPosition":15,"entityName":"newModel2","fieldName":"newModel2Series","dataType":"ANY","calculation":false,"localDependencies":[],"globalDependencies":[],"crossDependencies":[],"codeName":"newModel2Series","field":{"id":"newModel2Series","name":"newModel2Series","dirty":false,"incomplete":false,"initialized":false,"type":"ANY","required":false,"readOnly":false,"allowNull":false,"zeroOnNull":false,"keyField":false,"sorted":false,"indexed":false,"multiIndex":false,"array":false,"arrayUnique":false,"arrayMaxSize":0,"static":false,"abstract":false,"native":false},"id":0}],"id":0}
