{"id":8,"_locked":false,"sector":"Information Technology","outlook":"Overweight","sourceName":"StockTutorial_SectorOutlook.csv","lineNumber":4}
{"id":10,"_locked":false,"sector":"Telecommunications Services","outlook":"Equalweight","sourceName":"StockTutorial_SectorOutlook.csv","lineNumber":2}
{"id":3,"_locked":false,"sector":"Financials","outlook":"Overweight","sourceName":"StockTutorial_SectorOutlook.csv","lineNumber":7}
{"id":1,"_locked":false,"sector":"Utilities","outlook":"Underweight","sourceName":"StockTutorial_SectorOutlook.csv","lineNumber":1}
{"id":9,"_locked":false,"sector":"Materials","outlook":"Equalweight","sourceName":"StockTutorial_SectorOutlook.csv","lineNumber":3}
{"id":4,"_locked":false,"sector":"Health Care","outlook":"Underweight","sourceName":"StockTutorial_SectorOutlook.csv","lineNumber":6}
{"id":7,"_locked":false,"sector":"Consumer Discretionary","outlook":"Overweight","sourceName":"StockTutorial_SectorOutlook.csv","lineNumber":10}
{"id":2,"_locked":false,"sector":"Energy","outlook":"Overweight","sourceName":"StockTutorial_SectorOutlook.csv","lineNumber":8}
{"id":6,"_locked":false,"sector":"Industrials","outlook":"Equalweight","sourceName":"StockTutorial_SectorOutlook.csv","lineNumber":5}
{"id":5,"_locked":false,"sector":"Consumer Staples","outlook":"Underweight","sourceName":"StockTutorial_SectorOutlook.csv","lineNumber":9}
