{"connector.lastLoaded.server":1727880319319,"maxid:modelshop-users":34,"BLOCKSIZE":10000,"connector.lastLoaded.Price Target":1727879796019,"GLOBAL_VERSION":36169,"maxid:Strategy":2,"maxid:Sector Outlook":10,"Cache Version":3,"connector.lastLoaded.modelshop-users":1727880182133,"connector.lastLoaded.Strategy":1727879796056,"maxid:server":1,"generated":true,"maxid:aaaaa":1,"connector.lastLoaded.Sector Outlook":1727879796041,"connector.lastLoaded.Stock Fundamental":1727879795999,"maxid:Stock Fundamental":504,"maxid:Price Target":504}
